FID,state_po,county_name,NAME,x,y,Pop,Sexratio,Pct1829,Pct65,PctBlack,PctHispanic,MedIncome,PctBach,Gini,PctManuf,lnPopden,Pct3party,Turnout,PctFB,PctInsured,pct_dem_dr
1001,AL,AUTAUGA,"Autauga County, Alabama",872695.52,-512379.11,55049,0.954,14.9,14,18.52,2.57,53099,24.6,0.4295,14,3.5767,3.46,60.65,1.84,91.1,24.62
1003,AL,BALDWIN,"Baldwin County, Alabama",789797.41,-722265.70,199510,0.9533,13.3,18.7,9.32,4.37,51365,29.5,0.4608,9.24,3.8806,4.07,61.34,3.27,88.2,20.21
1005,AL,BARBOUR,"Barbour County, Alabama",997016.08,-573843.55,26614,1.1506,16.2,16.5,47.93,4.31,33956,12.9,0.462,22.41,2.4521,1.38,50.11,2.86,87,47.18
1007,AL,BIBB,"Bibb County, Alabama",822891.25,-465202.62,22572,1.1522,16.3,14.9,21.21,2.22,39776,12,0.4494,21.14,2.6389,2.35,49.52,1.35,91,21.76
1009,AL,BLOUNT,"Blount County, Alabama",863690.48,-351055.33,57704,0.9808,13.6,17.2,1.57,8.73,46212,13,0.4165,15.57,3.5425,2.24,58.04,4.27,88.8,8.62
1011,AL,BULLOCK,"Bullock County, Alabama",964069.06,-551583.93,10552,1.1833,16.4,15.1,75.5,0.12,29335,10.3,0.4701,25.8,1.8782,0.85,56.93,1.52,83.3,75.59
1013,AL,BUTLER,"Butler County, Alabama",877743.35,-599518.66,20280,0.8851,13.7,18.1,43.76,1.25,34315,16.1,0.4588,20.56,2.3105,1.2,56.14,1.4,88.2,43.19
1015,AL,CALHOUN,"Calhoun County, Alabama",933829.61,-367320.71,115883,0.9269,16.7,15.9,20.53,3.44,41954,17.7,0.4543,16.86,4.302,3.67,53.02,2.39,89.1,28.72
1017,AL,CHAMBERS,"Chambers County, Alabama",984175.82,-458071.15,34018,0.9199,14.5,18.4,40.51,0.44,36027,12.5,0.4734,27.1,3.0919,1.96,51.99,0.99,88.2,42.45
1019,AL,CHEROKEE,"Cherokee County, Alabama",949222.00,-320191.06,25897,0.9899,12.1,20.3,4.67,1.56,38925,14,0.4464,22.63,2.8936,2.17,52.2,0.73,90.5,14.73
1021,AL,CHILTON,"Chilton County, Alabama",862217.51,-478335.51,43817,0.9686,14.7,15.2,10.08,7.62,42594,14.9,0.4575,13.42,3.1953,2.05,55.31,5.56,84.2,16.18
1023,AL,CHOCTAW,"Choctaw County, Alabama",726596.87,-583235.08,13287,0.9151,12.6,20.7,42.58,0.56,32622,12,0.4799,19.53,1.7256,1.06,69.29,0.17,88.5,43.09
1025,AL,CLARKE,"Clarke County, Alabama",770409.06,-617912.34,24847,0.8954,14,18.1,45.49,0.17,32735,12.1,0.5259,21.89,2.0472,1.09,67.76,0.47,86.7,44.6
1027,AL,CLAY,"Clay County, Alabama",936643.27,-423453.06,13483,0.9397,13.2,19.4,14.78,3.11,38815,11.1,0.4497,34.17,2.154,2.14,62.66,1.89,87.1,19.08
1029,AL,CLEBURNE,"Cleburne County, Alabama",963107.93,-375027.25,14991,0.9808,12.7,18.2,2.36,2.33,36316,11.5,0.4441,18.51,2.3354,2.2,57.49,1.75,86.2,10.61
1031,AL,COFFEE,"Coffee County, Alabama",946791.75,-631614.38,50991,0.9779,14.7,15.8,17.19,6.56,47872,23.7,0.4485,12.63,3.3672,3.23,53.45,3.74,89.3,21
1033,AL,COLBERT,"Colbert County, Alabama",743764.90,-281391.73,54377,0.9347,14,18.5,15.69,2.4,43786,18.5,0.4396,18.5,3.5675,3.44,58.44,1.56,90.9,30.39
1035,AL,CONECUH,"Conecuh County, Alabama",851722.69,-638177.46,12697,0.9039,13.4,20.3,46.31,1.76,27609,8.7,0.4791,18,1.752,1.29,66.66,0.85,80.9,47.38
1037,AL,COOSA,"Coosa County, Alabama",904834.76,-464140.50,10864,0.972,12.8,18.7,32.36,1.29,31910,9.9,0.4263,20.31,1.8632,1.69,59.17,1.25,87.4,34.51
1039,AL,COVINGTON,"Covington County, Alabama",904872.92,-653192.95,37729,0.9338,13.3,20.2,13.11,1.53,37313,14.9,0.4555,15.43,2.6488,1.79,54.16,0.95,87.6,15.25
1041,AL,CRENSHAW,"Crenshaw County, Alabama",912405.33,-598390.90,13896,0.9758,14,17.5,23.83,1.68,37557,14.6,0.468,19.53,2.1761,1.44,58.49,2.29,88.7,26.94
1043,AL,CULLMAN,"Cullman County, Alabama",834669.33,-336932.18,81316,0.9777,14.5,17.8,1.11,4.21,39297,15,0.4529,16.52,3.7547,2.87,60.1,2.83,85.5,10.32
1045,AL,DALE,"Dale County, Alabama",981962.41,-624558.22,49607,0.9713,16.3,15.4,19.67,5.89,44093,16.1,0.4576,11.68,3.5303,2.82,49.47,2.75,86.9,24.22
1047,AL,DALLAS,"Dallas County, Alabama",831751.13,-539738.90,41426,0.8578,15.5,15.7,69.52,0.96,28136,13.8,0.517,20.83,2.7938,0.89,60.65,1.47,87.5,68.92
1049,AL,DEKALB,"DeKalb County, Alabama",927570.01,-290619.66,70937,0.9813,14.3,15.5,1.53,14.02,38248,11.4,0.4438,28.23,3.5623,3.09,48.35,7.28,84,14.47
1051,AL,ELMORE,"Elmore County, Alabama",917857.77,-500877.67,80957,0.9456,15.7,13.9,21.36,2.8,53398,22.2,0.427,12.64,3.9227,3.17,59.69,1.95,91.2,23.4
1053,AL,ESCAMBIA,"Escambia County, Alabama",839022.23,-673218.61,37875,1.049,15.5,16.7,32.39,2.06,32334,11.6,0.4891,16.65,2.7391,2.05,50.44,0.74,82.4,31.67
1055,AL,ETOWAH,"Etowah County, Alabama",911548.57,-338912.70,103363,0.9372,14.3,17.4,15.41,3.63,40478,16.5,0.4391,19.3,4.3116,3.1,54.78,2.88,87.9,24.4
1057,AL,FAYETTE,"Fayette County, Alabama",759248.60,-389943.54,16783,0.981,13.4,19.5,12.54,0.86,36205,14.1,0.4579,24.56,2.3344,2.12,62.61,0.56,91.6,16.87
1059,AL,FRANKLIN,"Franklin County, Alabama",742729.30,-310532.33,31573,0.9708,15.1,16,4.52,16.02,36138,12.4,0.4415,29.46,2.9566,3.13,50.37,8.88,85.9,18.84
1061,AL,GENEVA,"Geneva County, Alabama",964486.14,-664120.32,26765,0.9546,13.1,19,9.6,3.71,36519,11.7,0.4508,13.64,2.8899,2.03,56.47,1.68,85.3,13.24
1063,AL,GREENE,"Greene County, Alabama",747889.13,-488211.36,8587,0.9103,14.5,18,81.25,0.62,21339,10,0.5086,21.67,1.6338,0.59,74,0.26,86,82.73
1065,AL,HALE,"Hale County, Alabama",778713.40,-495674.89,15159,0.8859,14.5,17.7,58.33,1.21,33351,14,0.4906,16.67,2.2071,1.14,69.33,1.04,88.9,60.08
1067,AL,HENRY,"Henry County, Alabama",1015709.66,-611506.20,17187,0.9342,12.5,20.6,27.89,2.53,41045,16.1,0.459,12.5,2.4692,1.83,59.53,1.71,88.5,28.92
1069,AL,HOUSTON,"Houston County, Alabama",1014495.60,-652117.01,103891,0.92,14.6,16,26.64,3.19,41945,21,0.4809,9.65,4.2366,2.92,53.86,2.32,87.9,25.76
1071,AL,JACKSON,"Jackson County, Alabama",906142.28,-256939.52,52608,0.9597,13.1,18.5,3.29,2.73,38422,12.6,0.4543,26.53,2.9362,3.05,50.94,2.26,88.1,18.05
1073,AL,JEFFERSON,"Jefferson County, Alabama",838198.73,-401434.82,659096,0.8987,16.5,14.3,42.52,3.69,47220,31.4,0.4995,8.72,5.4337,4.13,60.02,3.93,89.1,53.79
1075,AL,LAMAR,"Lamar County, Alabama",725875.75,-386312.12,14066,0.9393,12.4,20.2,11.26,1.43,34298,13.1,0.471,19.06,2.1949,1.54,63.25,0.85,87.3,15.1
1077,AL,LAUDERDALE,"Lauderdale County, Alabama",755454.29,-257795.60,92641,0.9149,17.3,18.3,9.85,2.39,43657,21.7,0.464,13.63,3.981,4.24,53.67,2.05,89,26.29
1079,AL,LAWRENCE,"Lawrence County, Alabama",790293.71,-297350.61,33433,0.9482,14,16.2,11.37,2.07,42339,10.3,0.433,24.96,2.928,2.49,56.79,0.73,89,25.08
1081,AL,LEE,"Lee County, Alabama",991459.69,-492400.01,153947,0.9757,27.4,10.3,23.24,3.69,45056,34.4,0.5003,12.37,4.5833,5.65,49.17,5.16,90.5,38.01
1083,AL,LIMESTONE,"Limestone County, Alabama",817135.10,-262436.83,90257,1.0008,14.2,13.9,12.74,5.69,51115,23.3,0.4595,15.74,4.1309,4.37,58.28,4.33,87.5,24.57
1085,AL,LOWNDES,"Lowndes County, Alabama",876177.97,-554629.25,10565,0.9139,15.4,17.3,74.64,0.47,27914,12.3,0.5244,23.55,1.7401,0.75,82.38,0.3,87.3,73.61
1087,AL,MACON,"Macon County, Alabama",962772.34,-519722.29,19684,0.8549,24.5,16.7,82.11,1.65,32390,20,0.4753,15.72,2.5242,1.56,56.63,1.13,89.2,84.09
1089,AL,MADISON,"Madison County, Alabama",856593.35,-263880.90,349973,0.9564,16.9,13.7,24.19,4.68,60150,40.7,0.4664,11.67,5.1273,6.76,60.24,5.56,89.7,41.24
1091,AL,MARENGO,"Marengo County, Alabama",768782.20,-554187.47,20066,0.8871,14.4,18.6,52.76,0.95,30713,14.8,0.519,17.56,2.0708,1.33,71.25,0.91,87.8,51.76
1093,AL,MARION,"Marion County, Alabama",741704.96,-344870.29,30239,0.9789,13.2,20.1,3.35,2.4,34074,12.5,0.475,21.12,2.7555,2.14,54.42,1.62,90.4,11.27
1095,AL,MARSHALL,"Marshall County, Alabama",883105.15,-305721.13,94534,0.972,14.6,16.4,2.1,12.92,39831,16.6,0.473,20.83,4.1667,3.3,49.61,7.17,84.6,14.4
1097,AL,MOBILE,"Mobile County, Alabama",743214.62,-719527.07,414291,0.9181,16.8,14.5,35.31,2.64,44263,22.5,0.4703,12.26,4.8684,3.15,54.86,3.11,86.8,43.15
1099,AL,MONROE,"Monroe County, Alabama",815195.26,-625754.17,21975,0.9187,13.9,17.8,42.8,0.62,28182,12.4,0.537,20.04,2.1129,1.4,61.02,0.2,83.6,42.78
1101,AL,MONTGOMERY,"Montgomery County, Alabama",916754.17,-543196.01,227392,0.9004,18.4,13.3,56.82,3.31,45358,31.5,0.4858,11.52,4.7179,3.09,54.9,4.36,87.9,63.41
1103,AL,MORGAN,"Morgan County, Alabama",832567.50,-301014.61,119555,0.9694,14.3,15.8,12.18,7.81,46883,21.4,0.4531,20.05,4.378,3.76,55.16,4.32,87.4,23.09
1105,AL,PERRY,"Perry County, Alabama",811025.93,-506665.32,9856,0.9009,19,18.9,68.59,0.95,24912,14.5,0.4983,18.58,1.6654,0.89,69.1,0.38,84.6,73.1
1107,AL,PICKENS,"Pickens County, Alabama",731246.65,-441708.67,20042,0.9717,14.9,17.9,41.85,2.42,31679,11.1,0.4958,19.29,2.1724,1.19,60.19,1.56,88.9,42.13
1109,AL,PIKE,"Pike County, Alabama",946538.83,-586842.60,33277,0.9112,28.9,14.3,37.61,2.19,33193,24,0.5205,15.75,2.9506,3.18,49.46,3.89,89.4,39.66
1111,AL,RANDOLPH,"Randolph County, Alabama",973287.98,-416673.26,22615,0.9513,13.6,19.4,19.58,2.92,37496,15.4,0.4446,28.02,2.7107,1.87,57.9,1.6,88.1,22.92
1113,AL,RUSSELL,"Russell County, Alabama",1011232.23,-525264.59,58636,0.9469,17.4,12.6,42.28,5.07,38400,17,0.4554,12.44,3.5642,2.43,43.84,2.84,84.8,50.98
1115,AL,ST. CLAIR,"St. Clair County, Alabama",889766.75,-378211.69,86576,1.0097,13.9,15.2,9.42,2.27,54042,16.1,0.4144,15.37,3.9684,3.02,57.6,1.76,91,15.01
1117,AL,SHELBY,"Shelby County, Alabama",863027.19,-431556.25,205951,0.9456,14.2,13,11.6,5.76,72310,41.4,0.4296,7.48,4.6176,5.19,65.03,5.46,91.8,23.94
1119,AL,SUMTER,"Sumter County, Alabama",727423.54,-519270.88,13285,0.858,24,16.2,71.68,0.29,20428,18.1,0.5215,13.32,1.736,1.31,60.25,2.02,81.8,75.01
1121,AL,TALLADEGA,"Talladega County, Alabama",907241.76,-414096.86,81057,0.9431,14.8,16.1,32.07,2.16,37923,13.1,0.4567,21.58,3.749,2.01,52.97,1.54,88.9,37.03
1123,AL,TALLAPOOSA,"Tallapoosa County, Alabama",947325.07,-467969.95,40958,0.8995,13.6,19.5,27.46,2.41,39395,17.3,0.4548,24.56,3.0942,1.91,60.61,1.46,89.3,28.88
1125,AL,TUSCALOOSA,"Tuscaloosa County, Alabama",783133.45,-436239.22,202471,0.932,26.2,11.7,31.01,3.29,48022,29.4,0.4686,14.22,4.08,3.89,51.7,3.52,90.3,39.96
1127,AL,WALKER,"Walker County, Alabama",798886.76,-377188.38,65593,0.9493,13.9,18.1,5.78,2.26,37025,10.5,0.4599,11.05,3.466,2.41,57.75,1.43,87.4,15.63
1129,AL,WASHINGTON,"Washington County, Alabama",737381.14,-650736.46,16909,0.9846,14.1,16.7,24.77,1.3,40293,9.6,0.4354,22.75,1.799,1.37,65.97,1.03,86.3,28.21
1131,AL,WILCOX,"Wilcox County, Alabama",816378.49,-578825.97,11119,0.9314,15.8,17.8,71.95,0.56,24442,11.3,0.5301,16.02,1.5752,0.69,71.83,0,84.8,71.41
1133,AL,WINSTON,"Winston County, Alabama",788385.07,-339326.06,24013,0.9684,12.4,20,0.41,2.92,33896,13.1,0.4415,22.64,2.7164,2.07,54.36,1.31,87.1,8.63
4001,AZ,APACHE,"Apache County, Arizona",-1210747.66,-150868.88,72346,0.9763,16.6,13.3,0.5,5.95,32460,11.1,0.4847,1.75,0.9141,8.45,54.08,1.72,76.4,67.46
4003,AZ,COCHISE,"Cochise County, Arizona",-1290624.49,-534903.07,128177,1.0379,15.6,19.8,3.96,34.4,45383,23.2,0.4529,3.89,2.0829,8.94,50.22,11.46,89.9,38.32
4005,AZ,COCONINO,"Coconino County, Arizona",-1405356.76,-69606.45,138064,0.977,27.1,10.9,1.55,13.71,51106,34.2,0.4767,6.93,1.0519,10.49,55.37,4.83,83.6,60.55
4007,AZ,GILA,"Gila County, Arizona",-1355983.41,-308358.72,53179,0.9882,11.8,26.4,0.62,18.55,40593,17.7,0.4328,3.85,1.4622,5.05,52.71,4.25,86,33.06
4009,AZ,GRAHAM,"Graham County, Arizona",-1286203.89,-416923.82,37529,1.1592,18.6,12.3,1.97,32.1,47422,13.3,0.4244,3.45,1.1425,6.66,44.78,4.39,88.7,29.15
4011,AZ,GREENLEE,"Greenlee County, Arizona",-1222279.66,-394313.77,9224,1.1357,16.4,11.5,1.9,46.51,51813,12.2,0.4102,1.1,0.6593,8.75,49.44,4.58,88.5,36.6
4012,AZ,LA PAZ,"La Paz County, Arizona",-1644759.50,-266024.55,20304,1.0431,10.8,36.1,0.38,26.18,36321,10.4,0.4389,3.89,0.5552,6.27,35.44,11.37,87.8,28.24
4013,AZ,MARICOPA,"Maricopa County, Arizona",-1517307.00,-332612.90,4088549,0.9783,16.8,13.8,5.28,30.29,55676,31,0.4682,7.64,5.1452,7.5,51.13,14.73,86.3,48.47
4015,AZ,MOHAVE,"Mohave County, Arizona",-1583920.78,-53423.16,203629,1.013,11.8,26.9,1.03,15.71,39856,11.9,0.4455,5.84,1.776,5.26,48.29,6.97,86,23.05
4017,AZ,NAVAJO,"Navajo County, Arizona",-1284776.11,-139263.68,108209,1.0062,15.3,15.7,0.84,11.05,36868,14.5,0.4696,3.69,1.4348,8.09,51.65,2.91,83.2,44.44
4019,AZ,PIMA,"Pima County, Arizona",-1476197.68,-481006.79,1003338,0.9682,18.3,17.8,3.52,36.11,46764,30.8,0.4713,6.71,3.7416,7.01,53.81,12.9,87.7,57.3
4021,AZ,PINAL,"Pinal County, Arizona",-1420562.76,-399181.63,397604,1.0912,14.2,18.2,4.58,29.19,51190,18.5,0.4202,9.37,3.3537,6.82,42.98,9.87,88.4,39.67
4023,AZ,SANTA CRUZ,"Santa Cruz County, Arizona",-1398753.00,-558292.91,46547,0.9184,14.8,15.9,0.42,83.22,38941,22.5,0.4818,5.88,2.6762,5.15,49.38,32.64,84.5,75
4025,AZ,YAVAPAI,"Yavapai County, Arizona",-1498493.93,-193972.06,218586,0.9572,11.3,28.3,0.53,14.05,46638,25.5,0.4415,5.45,2.3408,6.58,63.39,6.46,87.2,33.29
4027,AZ,YUMA,"Yuma County, Arizona",-1657886.67,-372635.51,203292,1.0519,18.8,17.4,2.08,61.97,41467,14.4,0.4388,4.25,2.6557,6.11,35.33,26.92,82,49.44
5001,AR,ARKANSAS,"Arkansas County, Arkansas",422362.64,-349038.55,18569,0.9004,13.7,17.8,26.34,2.99,37330,14.4,0.4876,23.89,1.9811,7.2,43.5,1.13,90.5,33.63
5003,AR,ASHLEY,"Ashley County, Arkansas",391894.08,-473421.06,20989,0.9427,13.2,18.1,25.92,5.15,36352,13.6,0.4546,18.97,2.1699,4.17,50.34,2.6,87.8,31.09
5005,AR,BAXTER,"Baxter County, Arkansas",325937.41,-129620.37,40992,0.9387,10.5,30.1,0.25,2.04,38115,17.7,0.4388,17.97,3.3518,4.63,58.59,2.35,90.8,22.12
5007,AR,BENTON,"Benton County, Arkansas",155076.27,-128682.67,245231,0.9819,15,12.8,1.48,16.07,59016,30.7,0.4477,13.58,4.716,8.21,54.16,11.24,88.5,31.51
5009,AR,BOONE,"Boone County, Arkansas",258742.07,-129538.37,37301,0.9616,13.4,19.7,0.35,2.3,38664,15,0.452,12.07,3.1944,5.9,55.52,0.8,88.6,19.3
5011,AR,BRADLEY,"Bradley County, Arkansas",354194.34,-444286.11,11096,0.9775,13.7,18.3,29.19,14.18,34665,14.2,0.4794,16.9,1.8869,4.71,43.03,6.63,85.7,37.83
5013,AR,CALHOUN,"Calhoun County, Arkansas",322393.50,-435270.27,5210,1.0585,14.6,18.5,21.88,3.8,35446,12,0.4401,25.18,1.1632,3.26,54.17,0.6,87.8,29.11
5015,AR,CARROLL,"Carroll County, Arkansas",218930.80,-127022.78,27690,0.9707,12.3,20.9,1.15,14.52,38145,17.7,0.4365,21.74,2.8315,5.86,49.87,8.27,83.4,33
5017,AR,CHICOT,"Chicot County, Arkansas",435391.82,-462903.53,11189,0.9503,13.6,19.2,54.25,5.17,29628,13.1,0.5425,13.23,1.9029,2.63,48.41,2.56,87.2,57.8
5019,AR,CLARK,"Clark County, Arkansas",258725.00,-382279.44,22684,0.9038,27.7,15.7,23.58,4.47,35595,24.7,0.4654,12.41,2.3138,5.89,46.69,2.9,88.9,45.11
5021,AR,CLAY,"Clay County, Arkansas",496030.29,-112220.94,15202,0.9712,12.9,21,0.5,1.81,32404,11.3,0.4528,16.11,2.2169,4.23,43.35,1.36,88.2,24.08
5023,AR,CLEBURNE,"Cleburne County, Arkansas",357025.79,-212304.87,25587,0.9903,11.5,25.4,0.56,2.4,41717,15.4,0.4727,16.04,2.8816,4.35,58.82,1.39,86.2,18.18
5025,AR,CLEVELAND,"Cleveland County, Arkansas",350162.17,-396142.85,8421,1.0026,13,18.6,10.51,2.24,42429,15.7,0.4317,15.26,1.6936,5.04,51.73,1.71,90.5,22.7
5027,AR,COLUMBIA,"Columbia County, Arkansas",256760.64,-475834.22,24168,0.9099,22.2,16.6,34.84,2.56,36507,21.9,0.463,20.25,2.4999,3.27,46.78,2.64,88.4,36.53
5029,AR,CONWAY,"Conway County, Arkansas",297501.09,-245486.30,21060,0.9583,13.9,18.3,11.82,3.75,38266,16.9,0.4702,11.87,2.6895,5.32,48.95,2.05,89.1,35.39
5031,AR,CRAIGHEAD,"Craighead County, Arkansas",480306.79,-173416.44,102884,0.9502,19.6,12.8,13.83,4.72,43892,25.4,0.4762,14.34,4.0283,6.02,45.98,3.8,86.4,31.52
5033,AR,CRAWFORD,"Crawford County, Arkansas",157823.69,-212605.43,61927,0.9671,14.1,15.3,1.33,6.99,41792,13.5,0.4387,16.72,3.6999,5.68,48.4,4.2,87.2,21.2
5035,AR,CRITTENDEN,"Crittenden County, Arkansas",513447.78,-241362.68,49511,0.8949,16,12.2,50.72,2.32,39407,17.4,0.4512,11.44,3.4443,3.62,44.81,1.54,88.5,54.7
5037,AR,CROSS,"Cross County, Arkansas",471236.09,-233925.69,17329,0.9362,13.3,17.1,23.27,1.86,39306,14.7,0.4626,10.69,2.3846,4.23,52.61,0.5,89.6,30.37
5039,AR,DALLAS,"Dallas County, Arkansas",306826.01,-389784.05,7738,0.9393,12.4,20.2,41.08,2.96,35745,12.7,0.3892,24.31,1.4989,3.5,46.75,2.42,88.5,43.57
5041,AR,DESHA,"Desha County, Arkansas",435911.42,-399567.41,12234,0.8464,14,17,47.71,5.25,26519,13.2,0.4747,10.62,1.8163,2.58,46.83,2.67,88.5,53.73
5043,AR,DREW,"Drew County, Arkansas",394382.08,-428802.00,18688,0.9358,20.7,15.9,28.73,2.95,33092,19.8,0.4903,12.76,2.1645,3.97,45.48,1.11,87.3,37.34
5045,AR,FAULKNER,"Faulkner County, Arkansas",331288.59,-257157.98,120417,0.9623,23.3,11.3,11.18,3.95,50872,29.1,0.4488,8.91,4.2733,7.47,51.73,2.87,88.3,33.27
5047,AR,FRANKLIN,"Franklin County, Arkansas",189632.22,-220567.08,17799,0.9768,13.7,18.4,0.92,2.81,39482,13,0.4239,16.95,2.4237,5.24,49.92,2.13,90.2,21.45
5049,AR,FULTON,"Fulton County, Arkansas",371593.26,-117115.26,12186,0.9799,10.9,25,0.07,1.3,35593,11,0.4171,7.95,2.0296,4.9,49.07,0.84,88.6,23.51
5051,AR,GARLAND,"Garland County, Arkansas",259320.43,-323454.20,97119,0.9329,13.3,21.7,8.2,5.21,40011,20.6,0.4851,7.92,4.0132,5.9,53.05,3.52,85.3,32.06
5053,AR,GRANT,"Grant County, Arkansas",326636.11,-353253.01,18046,0.966,14.3,16.1,4.37,0.93,49195,19.8,0.4477,16.19,2.4004,4.66,53.86,0.87,90.9,19.34
5055,AR,GREENE,"Greene County, Arkansas",485073.71,-140991.48,43745,0.9717,15.7,14.9,0.94,2.62,42755,16.4,0.4325,23.24,3.3754,5.54,44.21,0.77,88.2,22.27
5057,AR,HEMPSTEAD,"Hempstead County, Arkansas",214491.97,-418769.02,22208,0.9219,13.2,16.5,30.34,12.53,34072,12.6,0.4469,21.79,2.4669,3.84,43.13,6.84,85.4,35.07
5059,AR,HOT SPRING,"Hot Spring County, Arkansas",278850.70,-351815.22,33440,1.0632,14.9,17.3,11.27,3.27,42589,13.5,0.4431,13.55,3.0439,5.22,45.38,1.07,88.2,27.82
5061,AR,HOWARD,"Howard County, Arkansas",183786.67,-379975.78,13487,0.9284,12.6,16.5,21.05,11.4,34672,15.7,0.5215,24.62,2.1801,3.55,46.77,5.46,84.8,29.97
5063,AR,INDEPENDENCE,"Independence County, Arkansas",397003.55,-187735.69,37030,0.9454,14.4,16.7,1.95,6,37592,17.6,0.467,15.34,2.9293,5.85,48.37,3.22,87,22.48
5065,AR,IZARD,"Izard County, Arkansas",364527.30,-149589.79,13461,1.077,11.7,24.8,1.23,1.89,35188,12.4,0.4192,11.75,2.1919,5.38,49.72,2.21,86.9,21.59
5067,AR,JACKSON,"Jackson County, Arkansas",429596.08,-202115.58,17495,0.9622,15.2,16.8,17.13,2.68,31245,8.6,0.5096,18,2.3661,5.93,36.98,0.73,86.3,32.64
5069,AR,JEFFERSON,"Jefferson County, Arkansas",371662.37,-353810.39,72385,0.9692,16.9,15.2,56.11,1.89,36377,17,0.471,16.75,3.4688,3.37,46.58,1.71,89.5,63.03
5071,AR,JOHNSON,"Johnson County, Arkansas",228189.76,-213140.80,26025,0.9871,16.3,15.6,1.77,13.35,34031,15.9,0.463,25.28,2.7231,6.52,46.25,7.73,87.1,28.49
5073,AR,LAFAYETTE,"Lafayette County, Arkansas",221518.25,-473824.98,7127,0.9639,13.4,21.5,38.77,1,29882,13.7,0.5885,16.28,1.6503,2.45,50.48,0.97,86.3,36.99
5075,AR,LAWRENCE,"Lawrence County, Arkansas",436702.39,-152183.43,16915,0.9657,15.3,19.2,0.72,1.24,33381,13.4,0.438,13.34,2.4082,6.3,43.2,0.61,87.3,23.71
5077,AR,LEE,"Lee County, Arkansas",473414.63,-291516.05,9781,1.3255,16.5,16.9,57.41,1.47,25724,8.2,0.5081,10.62,1.8353,2.05,38.53,0.57,85.7,58.54
5079,AR,LINCOLN,"Lincoln County, Arkansas",391303.52,-387782.00,13935,1.6228,18.9,13.5,31.12,3.6,32369,7.8,0.4611,13.55,2.2598,3.11,33.44,2.15,87.3,33.77
5081,AR,LITTLE RIVER,"Little River County, Arkansas",162526.23,-423760.26,12616,0.9868,12.2,19.2,20.96,3.2,35396,9.7,0.4288,22.21,2.2139,4.3,53.6,0.75,86.9,27.93
5083,AR,LOGAN,"Logan County, Arkansas",206084.52,-253413.49,21935,0.9988,12.9,19.1,1.74,2.7,36463,13,0.4578,18.96,2.4816,5.81,46.54,2.31,89.9,22.99
5085,AR,LONOKE,"Lonoke County, Arkansas",373232.71,-299425.06,71279,0.9689,15.2,12.6,5.89,4.06,56156,19.5,0.387,10.1,3.5751,5.45,51.73,2.12,89.9,22.11
5087,AR,MADISON,"Madison County, Arkansas",203239.57,-164408.56,15761,1.0096,13,17.6,0.7,5.25,39839,11.3,0.4712,17.74,1.9871,4.75,56.74,2.73,85.1,24.37
5089,AR,MARION,"Marion County, Arkansas",295128.56,-132856.81,16404,0.9766,10.7,26.5,0.36,2.1,33726,15.3,0.4266,23.65,2.3617,4.74,52.64,1.15,88.9,21.18
5091,AR,MILLER,"Miller County, Arkansas",195016.70,-466512.55,43666,0.9768,15.2,15,25.17,2.9,39955,14.5,0.4429,13.82,3.294,3.26,48.62,1.18,84.4,27.45
5093,AR,MISSISSIPPI,"Mississippi County, Arkansas",532481.63,-177852.45,44199,0.9455,16,13.4,34.85,3.9,35003,12.6,0.4665,26.21,2.9418,3.58,40.92,1.84,86.2,44.54
5095,AR,MONROE,"Monroe County, Arkansas",435779.37,-305054.57,7542,0.8701,13.5,21,40.85,2.4,31541,9.1,0.4698,16.61,1.5678,2.88,48.53,1.13,85.8,46.84
5097,AR,MONTGOMERY,"Montgomery County, Arkansas",213108.95,-328940.61,9100,0.9908,9.9,24.8,0.58,3.9,35103,12.5,0.4177,6.42,1.5052,4.72,48.7,2.42,85.3,22.06
5099,AR,NEVADA,"Nevada County, Arkansas",247949.76,-425858.91,8668,1.0742,12,19.5,33.98,0.3,30750,15.1,0.4539,22.02,1.6895,2.74,48.45,1.12,85.2,36.65
5101,AR,NEWTON,"Newton County, Arkansas",248778.12,-173373.50,7988,1.0096,11,23.6,0,1.08,33176,14.8,0.4366,11.02,1.3236,4.77,58.66,0.88,86.6,19.56
5103,AR,OUACHITA,"Ouachita County, Arkansas",287341.86,-432540.12,24728,0.8904,13.6,18.2,40.73,2,31233,16.6,0.4813,23.34,2.5672,2.65,52.04,0.92,89.6,44.68
5105,AR,PERRY,"Perry County, Arkansas",277877.67,-281376.62,10246,0.9926,13,18.5,2.68,2.37,45819,10.6,0.4374,11.31,1.9702,5.78,53.88,0.58,89.6,25.86
5107,AR,PHILLIPS,"Phillips County, Arkansas",469560.08,-331222.61,19929,0.8844,15.1,16.3,62.27,1.67,26829,11.7,0.4994,8.45,2.4035,2.83,47.79,0.63,84.6,63.8
5109,AR,PIKE,"Pike County, Arkansas",214426.72,-370879.03,11017,0.9656,13.1,18.8,3.03,6.6,34519,14.8,0.4432,16.2,1.9576,3.67,46.99,4.31,85.1,17.86
5111,AR,POINSETT,"Poinsett County, Arkansas",479231.08,-202267.83,24131,0.9622,14.9,17.3,6,2.76,35163,9.6,0.4138,15.95,2.5084,4.4,42,0.94,86.1,25.47
5113,AR,POLK,"Polk County, Arkansas",161443.04,-335999.87,20290,0.9504,12.1,21.4,0.38,6.3,33202,12.3,0.4247,15.58,2.212,4.87,52.96,3.73,85,15.48
5115,AR,POPE,"Pope County, Arkansas",266849.14,-225752.47,63107,0.9686,21.3,14.3,2.99,8.2,40534,21.3,0.4534,16.05,3.4008,5.82,46.33,4.74,88.3,23.52
5117,AR,PRAIRIE,"Prairie County, Arkansas",403297.31,-289612.15,8334,0.9651,12.2,22,13.37,0.41,37500,13,0.4267,10.16,1.6027,3.63,52.11,0.02,87.9,24.53
5119,AR,PULASKI,"Pulaski County, Arkansas",334778.54,-299231.97,391806,0.9207,16.8,13.5,35.9,5.95,47101,32.9,0.492,6.5,5.2954,5.6,53.52,5.18,88.4,59.39
5121,AR,RANDOLPH,"Randolph County, Arkansas",442024.21,-118242.19,17584,0.9746,13.5,20.1,1.05,1.77,36318,13.7,0.4498,14.65,2.3427,6.98,46.87,0.85,86.2,24.01
5123,AR,ST. FRANCIS,"St. Francis County, Arkansas",475036.64,-264378.92,27023,1.1796,15.6,14,53.05,4.66,35066,10.4,0.4488,12.62,2.7995,2.75,35.62,2.65,85.3,55.78
5125,AR,SALINE,"Saline County, Arkansas",302184.30,-314233.73,115577,0.964,13.4,17,6.05,4.24,57632,24.5,0.3869,7.83,4.1218,5.72,59.16,2.8,91.3,26.99
5127,AR,SCOTT,"Scott County, Arkansas",175612.00,-293764.58,10661,1.0253,14.4,18.4,0.13,7.37,37861,10.6,0.4305,30.66,1.5289,5.04,43.44,4.45,89.6,18.06
5129,AR,SEARCY,"Searcy County, Arkansas",295148.98,-172902.74,7938,1.0025,12.2,24.2,0.43,1.35,35542,14.4,0.4625,15.55,1.5263,4.61,58.63,0.79,86.7,16.9
5131,AR,SEBASTIAN,"Sebastian County, Arkansas",155794.43,-256244.75,127351,0.9551,16.3,14.3,6.59,13.38,40023,18.8,0.4911,19.81,4.5266,7.19,46.42,9.48,86.3,29.69
5133,AR,SEVIER,"Sevier County, Arkansas",161283.37,-390641.53,17193,0.9976,15.2,13.7,4.99,32.34,38956,9.4,0.4066,30.29,2.4636,4.49,37.37,17.12,81.4,24.67
5135,AR,SHARP,"Sharp County, Arkansas",402803.58,-140445.10,17027,0.9612,11.3,25.5,0.32,2.08,31068,10.1,0.4777,12.6,2.3866,5.1,53.96,0.92,85.4,21.4
5137,AR,STONE,"Stone County, Arkansas",343905.03,-176786.39,12503,1.029,11.3,25.3,0.08,1.7,30486,14.4,0.486,6.97,2.0745,5.38,56.24,0.35,88.3,22.63
5139,AR,UNION,"Union County, Arkansas",315270.23,-478710.53,40334,0.9452,13.8,16.6,32.97,3.68,39836,19.2,0.4697,14.96,2.7071,3.45,55.11,2.11,86.9,35.9
5141,AR,VAN BUREN,"Van Buren County, Arkansas",312943.96,-209265.08,16892,0.9805,11.2,24.7,0.54,2.89,34576,13.6,0.4445,4.37,2.218,5.56,54.38,1.88,84.6,22.35
5143,AR,WASHINGTON,"Washington County, Arkansas",159445.40,-168905.72,219930,0.9969,22.8,10.7,3.45,16.17,45442,31.2,0.4931,15.09,4.5014,8.57,49.69,11.24,86.5,44.58
5145,AR,WHITE,"White County, Arkansas",383676.39,-242720.86,78823,0.9617,18.8,15.2,4.26,4.08,42197,19.3,0.4686,9.81,3.3811,3.57,45.2,2.5,87.7,19.7
5147,AR,WOODRUFF,"Woodruff County, Arkansas",429363.25,-248402.15,6873,0.9055,12.7,20.9,26.64,0.63,30383,10.2,0.4724,12.08,1.5091,4.12,47.84,0.73,83.7,45.35
5149,AR,YELL,"Yell County, Arkansas",234267.36,-276511.32,21716,0.9769,13.6,16.9,2.72,19.3,39323,14.4,0.4231,24.12,2.1987,5.45,39.48,10.57,87.4,24.31
6001,CA,ALAMEDA,"Alameda County, California",-2234716.26,322757.87,1605217,0.9612,17.1,12.4,11.34,22.56,79831,43.9,0.4688,10.05,6.7317,6.65,51.86,31.69,91.6,84.29
6003,CA,ALPINE,"Alpine County, California",-2033721.13,379184.29,1184,1.4065,15.1,20.8,0.84,7.77,62375,29.7,0.5054,0,-0.4794,8.47,66.12,3.13,85.2,60.62
6005,CA,AMADOR,"Amador County, California",-2107426.02,380972.27,36963,1.1585,11.1,24.7,2.43,13.05,57032,21.5,0.4355,4.85,3.1782,7.02,56.78,6.1,93,36.41
6007,CA,BUTTE,"Butte County, California",-2150235.74,534215.59,223877,0.9821,21.5,17,1.5,15.41,44366,26.1,0.4816,6.47,3.9669,9.26,53.56,7.82,89.3,47.94
6009,CA,CALAVERAS,"Calaveras County, California",-2106255.83,352585.13,44787,0.979,10.7,25.1,0.58,11.23,53502,20.2,0.4648,8.41,2.8304,7.27,63,5.92,91.7,37.03
6011,CA,COLUSA,"Colusa County, California",-2217246.34,496036.01,21361,1.0812,16.1,13,1.04,57.82,54946,14.4,0.4563,8.8,1.9695,6.33,43,24.97,84.4,42.84
6013,CA,CONTRA COSTA,"Contra Costa County, California",-2229804.73,353068.50,1107925,0.9531,14.6,14.2,8.76,25.06,82881,40.3,0.4679,6.93,6.3833,6.64,55,24.4,91.5,73.36
6015,CA,DEL NORTE,"Del Norte County, California",-2270501.07,811020.65,27628,1.2173,15.3,15.3,2.32,19.28,42363,14.9,0.4748,3.49,2.361,9.82,43.9,5.66,89.2,40.43
6017,CA,EL DORADO,"El Dorado County, California",-2087340.36,414184.74,183000,0.9967,12.5,17.9,0.97,12.5,72586,33,0.4578,7.22,3.7226,8.48,64.74,9.38,92.4,42.5
6019,CA,FRESNO,"Fresno County, California",-2070496.90,175927.09,963160,0.9956,18.8,11.2,5.03,52.03,45963,19.7,0.4799,7.36,4.1337,6,41.23,21.36,85.8,53.26
6021,CA,GLENN,"Glenn County, California",-2217090.91,545028.89,27976,1.0331,15.2,14.6,0.7,40.23,41699,12.7,0.4792,8.19,2.1067,6.52,46.43,19.01,85.5,34.62
6023,CA,HUMBOLDT,"Humboldt County, California",-2302689.60,698450.49,135182,0.9958,19.9,15.4,1.19,10.75,42685,28.2,0.4592,4.24,2.683,12.95,54.44,5.32,85.6,64.37
6025,CA,IMPERIAL,"Imperial County, California",-1785122.70,-316529.07,178807,1.0439,18.3,11.9,2.72,82.7,42560,14,0.4669,4.49,2.8052,5.66,37.72,31.84,85.2,72
6027,CA,INYO,"Inyo County, California",-1883468.35,102119.48,18326,1.0158,12.4,21.6,0.98,21.1,47278,24.5,0.4177,2.44,-0.3638,8.45,55.57,9.58,89.7,42.62
6029,CA,KERN,"Kern County, California",-2028686.45,2247.92,871337,1.0538,18.8,9.9,5.54,51.62,49788,15.7,0.4603,5.75,3.7226,6.51,39.75,20.27,86.7,43.23
6031,CA,KINGS,"Kings County, California",-2103409.67,105312.38,150261,1.2409,20.1,9.1,6.39,53.15,47241,12.8,0.4502,8.48,3.7318,6.5,31.13,18.38,87.3,42.94
6033,CA,LAKE,"Lake County, California",-2262139.91,499749.40,64076,0.9965,13.1,20.5,2.18,18.86,36132,16.2,0.4691,4.7,2.9801,9.8,47.97,9,85.4,52.03
6035,CA,LASSEN,"Lassen County, California",-2038711.22,620821.35,31945,1.9705,22.1,12.3,8.91,18.41,51457,12.5,0.4321,1.43,0.9992,6.9,39.45,6.03,91.8,22.7
6037,CA,LOS ANGELES,"Los Angeles County, California",-2011085.77,-119822.98,10057155,0.971,18.5,12.2,8.27,48.34,57952,30.8,0.5023,10.13,6.8637,5.83,44.23,34.55,84.1,76.2
6039,CA,MADERA,"Madera County, California",-2067313.25,228210.11,153366,0.9332,17.1,12.9,3.33,56.25,45742,13.1,0.4567,9.29,3.3217,6.32,38.93,21.5,85.7,42.17
6041,CA,MARIN,"Marin County, California",-2291622.93,388595.58,259358,0.9558,10.5,19.5,2.34,15.79,100310,57.1,0.5251,4.65,5.2595,6.31,67.55,18.38,93.6,83.31
6043,CA,MARIPOSA,"Mariposa County, California",-2069178.06,270764.83,17645,1.0134,11.4,24.8,1.28,10.14,49265,22.6,0.4562,4.38,1.5481,6.42,60.25,7.04,92.7,37.58
6045,CA,MENDOCINO,"Mendocino County, California",-2303834.51,551634.39,87409,0.9968,13.3,18.9,0.65,23.97,43510,24.1,0.4876,6.9,2.2644,12.03,54.83,12.59,87.4,66.97
6047,CA,MERCED,"Merced County, California",-2149174.75,246541.57,265001,1.0195,19.1,10.5,3.36,57.54,44397,13.7,0.4589,11.85,3.9679,6.71,38.22,25.45,87,56.5
6049,CA,MODOC,"Modoc County, California",-2022968.44,722870.17,9033,1.0548,10.6,23.1,0.91,14.78,41194,18.3,0.4221,1.87,-0.1157,5.68,52.48,6.25,85.6,24.55
6051,CA,MONO,"Mono County, California",-1972951.66,287849.59,14051,1.1617,17.8,13.2,0.64,27.51,58937,30.6,0.3729,2.07,0.5762,7.43,46.82,16.95,80.1,56.78
6053,CA,MONTEREY,"Monterey County, California",-2221884.47,153011.48,430201,1.0455,18,12,2.67,57.43,60889,23.6,0.4586,4.86,3.9246,7.06,42.19,30.02,83.9,71.86
6055,CA,NAPA,"Napa County, California",-2245540.61,425861.08,140823,0.9887,15,17,2.09,33.49,74609,33,0.4712,11.92,4.2858,7.76,55.8,22.84,90.9,69.24
6057,CA,NEVADA,"Nevada County, California",-2092549.29,476189.07,98639,0.9805,11.4,23.4,0.5,9.14,57429,34.4,0.4514,7.28,3.683,10.04,67.75,6.35,88.8,52.72
6059,CA,ORANGE,"Orange County, California",-1985479.07,-196687.15,3132211,0.9755,17.1,13.2,1.64,34.18,78145,38.4,0.4697,12.85,7.3328,6.71,49.65,30.38,87.7,54.6
6061,CA,PLACER,"Placer County, California",-2095253.30,449322.18,370571,0.9526,13,17.9,1.48,13.47,76926,36.9,0.446,6.52,4.6219,7.76,64.08,10.45,92.3,43.59
6063,CA,PLUMAS,"Plumas County, California",-2077866.11,553799.02,18754,1.0231,10.3,24.9,0.14,8.41,50125,21.9,0.4653,9,1.0425,8.24,61.86,4.12,89.7,38.96
6065,CA,RIVERSIDE,"Riverside County, California",-1825735.73,-227353.07,2323892,0.99,17.3,13.2,6.24,47.46,57972,21.2,0.4478,8.93,4.8244,5.92,43.93,21.88,85.3,52.86
6067,CA,SACRAMENTO,"Sacramento County, California",-2165194.25,396812.34,1479300,0.9559,17.2,12.8,9.9,22.51,57509,29.3,0.4598,5.66,6.3834,7.78,50.01,20.51,89.6,63.21
6069,CA,SAN BENITO,"San Benito County, California",-2196509.78,191233.50,58051,1.0025,16.3,11.2,0.76,58.33,73814,19,0.406,11.62,2.7813,7.12,51.81,19.61,88.6,61.49
6071,CA,SAN BERNARDINO,"San Bernardino County, California",-1816361.66,-104114.44,2106754,0.9897,18.8,10.4,8.58,51.7,54469,19.3,0.4442,9.54,3.7027,6.41,42.76,21.31,85.9,55.69
6073,CA,SAN DIEGO,"San Diego County, California",-1909567.87,-290536.73,3253356,1.0105,19.7,12.7,5.04,33.08,66529,36.5,0.4662,9.36,5.6991,7.13,51.75,23.53,87.8,60.62
6075,CA,SAN FRANCISCO,"San Francisco County, California",-2277992.58,347696.96,850282,1.0388,19.4,14.4,5.36,15.28,87701,54.8,0.5188,5.37,8.8538,5.67,55.17,34.91,93.1,90.15
6077,CA,SAN JOAQUIN,"San Joaquin County, California",-2174273.83,339501.01,714860,0.9905,17.1,11.7,6.98,40.47,55045,18.2,0.4525,9.6,5.2894,6.29,43.49,23.26,88.3,57.66
6079,CA,SAN LUIS OBISPO,"San Luis Obispo County, California",-2173693.96,43966.60,278680,1.0326,21.2,17.6,1.98,21.92,64014,34.1,0.4516,7.16,3.4843,8.69,59.22,10.44,89.9,54.44
6081,CA,SAN MATEO,"San Mateo County, California",-2278632.48,309014.98,754748,0.9696,14.3,14.6,2.46,25.08,98546,47.1,0.486,7.76,6.4765,5.91,53.06,34.52,92.8,80.42
6083,CA,SANTA BARBARA,"Santa Barbara County, California",-2159966.60,-42218.48,439395,1.0042,22.7,14,2.02,44.38,65161,32.2,0.4813,7.41,4.1276,7.51,51.91,22.99,86.4,65.53
6085,CA,SANTA CLARA,"Santa Clara County, California",-2230823.69,273368.94,1885056,1.0143,16.4,12.2,2.55,26.34,101173,49.1,0.4666,17.88,6.3345,6.71,48.54,38.07,92.3,77.94
6087,CA,SANTA CRUZ,"Santa Cruz County, California",-2262117.65,261676.41,270931,0.9839,21.2,13.5,0.88,33.07,70088,39,0.4754,9.03,5.4595,8.64,59.51,17.99,89.8,80.93
6089,CA,SHASTA,"Shasta County, California",-2153062.04,662587.31,179228,0.9625,14.7,19.3,0.98,9.32,45582,20.1,0.4541,5.38,2.9085,7.46,57.04,4.81,88.4,30.1
6091,CA,SIERRA,"Sierra County, California",-2063666.42,500868.28,2931,0.9777,6.9,26.1,0.07,10.41,43984,19.8,0.4724,1.63,0.1717,9.89,73.02,4.33,91.9,36.45
6093,CA,SISKIYOU,"Siskiyou County, California",-2167652.21,763286.55,43668,0.989,11.8,22.8,1.62,11.68,38524,22.2,0.4588,5.67,0.9878,9.35,58.81,4.95,90.1,38.94
6095,CA,SOLANO,"Solano County, California",-2219644.84,391030.01,429596,0.9882,17,13.6,14.13,25.44,69227,25.1,0.4277,8.88,5.3075,7.12,50.22,20.12,90.8,66.35
6097,CA,SONOMA,"Sonoma County, California",-2291032.13,441496.86,497776,0.9609,15.4,16.7,1.58,26.04,66833,33.1,0.4593,10.03,4.8037,8.39,58.51,16.8,89.9,75.73
6099,CA,STANISLAUS,"Stanislaus County, California",-2162267.75,292647.84,530561,0.9767,17.3,12.1,2.73,44.29,51591,16.5,0.4504,12.22,4.9195,6.97,44.69,20.35,88.5,50.98
6101,CA,SUTTER,"Sutter County, California",-2176849.67,468051.77,95406,0.9909,16.4,14.5,1.95,29.86,52943,17.9,0.4593,7.38,4.1133,6.77,47.74,22.59,86.8,41.84
6103,CA,TEHAMA,"Tehama County, California",-2188108.22,598257.93,63015,0.9919,14,17.9,0.63,23.74,40687,13.8,0.4402,9.12,2.11,6.71,49.99,8.32,89.2,30.53
6105,CA,TRINITY,"Trinity County, California",-2242987.28,675079.66,13180,1.0504,9.1,24.1,1.09,7.21,35270,20.1,0.4663,4.36,0.4704,11.61,52.17,4.87,83.6,44.05
6107,CA,TULARE,"Tulare County, California",-2011629.44,99071.47,455769,1.0007,17.8,10.4,1.59,63,42789,14,0.4679,7.99,3.5967,5.74,36.03,22.48,85.1,44.94
6109,CA,TUOLUMNE,"Tuolumne County, California",-2060864.10,320259.97,53864,1.0934,13.5,23.4,1.9,11.57,50731,19.7,0.4795,4.4,2.2369,7.27,56.9,4.64,91.3,38.54
6111,CA,VENTURA,"Ventura County, California",-2083594.03,-86525.60,843110,0.9807,16.5,13.6,1.76,41.9,78593,32.2,0.4456,10.54,5.174,7.11,55.04,22.82,87.7,59.5
6113,CA,YOLO,"Yolo County, California",-2204403.83,435259.67,209671,0.9522,27,11.3,2.46,31.21,57663,40,0.4879,6.11,4.3792,8.04,50,22.16,90.6,72.53
6115,CA,YUBA,"Yuba County, California",-2141582.30,485604.07,73897,1.0287,18.4,11.5,3.06,26.93,48739,15.5,0.424,5.65,3.8098,8.34,43.16,12.13,87.8,37.52
8001,CO,ADAMS,"Adams County, Colorado",-705892.72,297072.03,479977,1.012,16.8,9.5,3.2,38.93,61444,22.4,0.4046,8.73,5.0674,8.79,55.88,15.27,84.4,54.66
8003,CO,ALAMOSA,"Alamosa County, Colorado",-854832.48,52231.11,16353,0.951,25.1,12.7,2.06,45.68,32385,25.8,0.4849,3.21,2.1677,10.15,56.2,7.97,86.9,51.15
8005,CO,ARAPAHOE,"Arapahoe County, Colorado",-708221.29,272096.05,617668,0.9688,16,11.8,10.38,18.67,66288,40.7,0.4621,5.65,5.7,8.62,64.98,14.74,88.6,57.73
8007,CO,ARCHULETA,"Archuleta County, Colorado",-969300.64,22075.33,12355,1.0317,11.8,22.2,0.96,18.54,45607,34.9,0.4425,3.59,1.2622,7.83,72.18,6.18,79.7,36.96
8009,CO,BACA,"Baca County, Colorado",-575449.52,-399.93,3648,0.915,11.1,25.5,1.32,9.95,37477,21.8,0.4309,2.47,-0.5955,5.43,75.18,3.21,87,13.9
8011,CO,BENT,"Bent County, Colorado",-614917.23,73865.39,5816,1.9153,13.5,16.1,8.12,31.6,34773,9.5,0.452,1.57,0.395,7.73,39.4,5.52,85.2,33.18
8013,CO,BOULDER,"Boulder County, Colorado",-789577.82,329457.42,313961,1.0081,22.3,12.1,0.93,13.67,72282,59.3,0.4781,10.05,5.1174,7.66,75.09,10.74,92.6,76.17
8014,CO,BROOMFIELD,"Broomfield County, Colorado",-765395.42,311533.99,62449,0.9845,14.8,11.9,0.98,11.93,83334,52.5,0.4274,10.76,6.5938,9.53,79.83,8.82,94.5,57.87
8015,CO,CHAFFEE,"Chaffee County, Colorado",-876014.08,186765.20,18507,1.1388,12.8,22.8,1.28,10.14,50993,34.4,0.406,4.56,1.9532,8.63,72.11,2.94,86.9,47.55
8017,CO,CHEYENNE,"Cheyenne County, Colorado",-567476.45,168589.12,2071,1.0424,11.6,11.6,0.29,12.84,54375,23.3,0.3962,3.32,-0.7993,4.08,75.58,7,82.3,12.49
8019,CO,CLEAR CREEK,"Clear Creek County, Colorado",-818258.51,286918.81,9238,1.0718,11,18.2,1.14,5.66,68250,44.6,0.4565,4.78,2.2,9.58,75.41,2.97,90.8,51.45
8021,CO,CONEJOS,"Conejos County, Colorado",-894355.99,14475.29,8213,0.9968,13.8,17.4,0.17,54,34630,18.3,0.4469,3.28,0.9014,8.38,67.36,3.49,84.3,48.06
8023,CO,COSTILLA,"Costilla County, Colorado",-826764.61,16151.80,3590,1.1549,12.7,25.5,0.36,64.12,26610,20,0.5279,7.2,0.1214,7.31,63.47,8.27,85.8,65.67
8025,CO,CROWLEY,"Crowley County, Colorado",-673353.22,120229.19,5537,1.3422,25.9,13.3,5.31,30.85,31719,10.2,0.4411,0.95,0.9988,7.14,31.77,5.67,89.6,23.91
8027,CO,CUSTER,"Custer County, Colorado",-812275.28,108287.50,4375,0.9628,7.8,28.9,3.11,4.46,38605,29.4,0.4323,5.33,0.8272,6.78,85.88,2.33,83.3,27.89
8029,CO,DELTA,"Delta County, Colorado",-1017178.77,216158.07,30221,1.0022,11.4,23.3,0.72,14.89,42011,19.6,0.4739,6.11,2.324,6.24,70.24,4.3,84,25.96
8031,CO,DENVER,"Denver County, Colorado",-752518.65,288702.76,663303,0.9997,20,10.9,9.77,30.76,56258,45.7,0.5008,5.26,7.4207,7.42,63.09,15.86,87,79.6
8033,CO,DOLORES,"Dolores County, Colorado",-1089285.98,100093.91,1789,1.1222,8.9,27,0,5.2,32240,20.3,0.4678,4.24,-0.435,5.5,87.91,1.34,89.7,20.4
8035,CO,DOUGLAS,"Douglas County, Colorado",-761590.99,240871.49,314238,0.9874,11.5,9.9,1.12,8.19,105759,57.5,0.4016,6.51,4.9725,8.68,83.22,7.13,95.7,40.1
8037,CO,EAGLE,"Eagle County, Colorado",-907832.38,289615.90,52894,1.1302,16.4,8.2,0.79,29.73,78763,45,0.432,2.77,2.4952,8.46,61.93,18.21,81.6,61.06
8039,CO,ELBERT,"Elbert County, Colorado",-694445.70,229971.61,24225,1.0184,10.9,13.7,0.74,6.25,87288,32.8,0.4052,5.64,1.6201,7.13,85.33,4.41,92.6,21.12
8041,CO,EL PASO,"El Paso County, Colorado",-732199.56,182157.67,665171,1.0122,19.2,11.5,6.13,16.18,60219,36.6,0.436,6.46,4.7938,9.95,64.02,7.1,90.6,37.6
8043,CO,FREMONT,"Fremont County, Colorado",-814459.04,149547.71,46835,1.4055,12.6,20,5.04,12.89,42308,16.4,0.4313,4.03,2.4677,7.07,55.99,2.82,90.3,25.94
8045,CO,GARFIELD,"Garfield County, Colorado",-1010423.95,298770.35,57495,1.0469,14.8,10.6,0.81,27.93,61300,29.1,0.4183,2.54,2.0191,7.81,62.21,15.03,76.5,46.19
8047,CO,GILPIN,"Gilpin County, Colorado",-806066.28,304648.90,5708,1.1227,7,11.7,0.3,9.36,67544,34.4,0.421,8.17,2.688,10.51,78.02,4.36,89.4,51.06
8049,CO,GRAND,"Grand County, Colorado",-853384.73,337151.00,14490,1.1505,14.1,14.5,0.79,7.94,67623,37.2,0.3877,1.52,1.1085,8.57,72.46,7.84,82.4,42.77
8051,CO,GUNNISON,"Gunnison County, Colorado",-948758.43,185860.37,15889,1.1817,25.4,10.7,0.65,8.89,50746,52.6,0.4056,1.78,0.6387,10.57,72.15,3.17,86.8,60.92
8053,CO,HINSDALE,"Hinsdale County, Colorado",-982986.92,94472.33,856,0.9065,5.3,30.4,0,3.04,51250,40.9,0.4287,0,-1.218,9,83.3,1.17,88.1,36.75
8055,CO,HUERFANO,"Huerfano County, Colorado",-781573.14,57569.23,6521,1.0139,9.5,29.8,0.35,34.44,33257,26,0.485,10.87,0.459,7.06,68.82,2.24,86.6,46.44
8057,CO,JACKSON,"Jackson County, Colorado",-865368.65,401952.32,1306,0.9435,10.8,22.5,0.08,17.3,45053,19.1,0.4204,1.24,-1.1632,7.08,79.91,5.28,87.8,21.38
8059,CO,JEFFERSON,"Jefferson County, Colorado",-786088.43,272074.89,558810,0.9883,15.2,14.6,1.15,15.03,72017,42.2,0.436,7.54,5.6431,9.1,74.4,6.69,92,53.78
8061,CO,KIOWA,"Kiowa County, Colorado",-582355.27,125259.44,1465,0.9125,12.2,19.8,0.48,6.62,38385,20.2,0.4226,1.34,-1.1395,4.21,80.72,0.68,88.6,11.11
8063,CO,KIT CARSON,"Kit Carson County, Colorado",-563713.65,221964.54,8174,1.3408,12.7,17.2,3.74,19.44,44449,13.8,0.4838,3.26,0.3788,5.38,57.99,8.58,84.3,15.3
8065,CO,LAKE,"Lake County, Colorado",-883388.77,238942.44,7401,1.2489,19.6,11.5,0.11,34.51,46928,30.9,0.3909,2.53,2.0257,9.78,53.9,10.21,83.4,55.99
8067,CO,LA PLATA,"La Plata County, Colorado",-1037451.13,40786.28,53994,1.0221,17.4,14.1,0.45,12.38,61910,43,0.4293,3.57,2.5126,9.75,71.67,3.74,87.1,55.23
8069,CO,LARIMER,"Larimer County, Colorado",-791855.92,394263.16,325228,0.9904,22.1,13.8,0.9,11.01,61942,45.3,0.4525,9.43,3.8788,9.92,75.7,5.07,91.5,52.74
8071,CO,LAS ANIMAS,"Las Animas County, Colorado",-704893.28,9276.51,14322,1.0667,15.6,21.7,0.93,42.31,42808,18.9,0.4368,3.2,0.1472,6.37,58.05,4.58,89,41.67
8073,CO,LINCOLN,"Lincoln County, Colorado",-644208.24,192147.87,5515,1.6837,13.6,17.3,8.49,21.32,40438,13.7,0.4558,1.17,-0.1911,5.54,55.08,3.63,93.5,17.77
8075,CO,LOGAN,"Logan County, Colorado",-595046.73,383629.01,21862,1.2105,19.5,16.3,2.2,15.32,43340,16.7,0.4509,7.39,1.5241,6.06,55.38,4.13,87,20.27
8077,CO,MESA,"Mesa County, Colorado",-1066415.18,240214.18,148166,0.9815,16.8,16.8,0.7,14.03,50070,26.1,0.4526,4.79,2.844,7.91,67.54,3.58,87.3,30.39
8079,CO,MINERAL,"Mineral County, Colorado",-952359.58,73702.43,793,1.0923,4.5,37.6,0.63,14.5,49125,42.5,0.4024,1.54,-1.0509,10.89,89.27,0,92.4,40.79
8081,CO,MOFFAT,"Moffat County, Colorado",-1021315.77,415183.64,13034,1.0778,13.7,12.8,0.84,14.61,53664,18.9,0.4275,1.69,0.0592,5.3,67.47,6.3,85.9,14.14
8083,CO,MONTEZUMA,"Montezuma County, Colorado",-1102290.36,55059.51,26006,0.9757,12.8,18.9,0.4,12.11,41622,27,0.4242,5.15,1.599,8.03,63.71,2.59,80.6,33.6
8085,CO,MONTROSE,"Montrose County, Colorado",-1058488.21,169607.51,40866,0.972,11.5,21.4,0.57,20.2,43890,23.8,0.4195,7.09,1.9517,6.32,66.81,7.03,85.1,27.54
8087,CO,MORGAN,"Morgan County, Colorado",-657723.52,336637.62,28288,0.9897,15.4,15.6,3.09,35.2,49495,16.1,0.4133,18.33,2.1435,5.55,57.68,12.21,90.6,27.89
8089,CO,OTERO,"Otero County, Colorado",-671348.20,72375.51,18440,0.9684,14.6,19.2,0.48,41.29,34477,17.1,0.4647,6.49,1.7302,6.87,60.07,6.2,87.4,37.39
8091,CO,OURAY,"Ouray County, Colorado",-1018925.28,136626.46,4651,0.9101,8.9,26.6,0,6.39,62800,54.5,0.418,3.62,1.1987,7.92,82.37,2.97,87.6,55.68
8093,CO,PARK,"Park County, Colorado",-830925.26,223951.99,16440,1.1077,9,16.5,0.11,5.6,61675,30.5,0.3972,7.48,1.0624,8.27,76.07,4.2,88.4,35.8
8095,CO,PHILLIPS,"Phillips County, Colorado",-533147.34,364575.47,4347,1.0789,13.1,19.3,0.23,17.74,46955,20.4,0.4526,5.9,0.8919,4.5,70.22,9.45,86.9,19.58
8097,CO,PITKIN,"Pitkin County, Colorado",-931805.64,246046.41,17543,1.1047,16.1,15.6,1.45,9.8,69789,60.4,0.5607,2.26,1.9427,6.08,71.58,13.02,86.3,74.2
8099,CO,PROWERS,"Prowers County, Colorado",-556023.35,69698.20,12121,1.0094,15.2,16,0.64,36.7,41037,15.4,0.4415,4.63,1.0496,5.96,55.7,8.6,87.3,25.14
8101,CO,PUEBLO,"Pueblo County, Colorado",-737712.75,108528.13,162158,0.9691,15.8,16.9,2.24,42.55,42000,21.2,0.4445,7.09,3.2673,8.27,63.32,3.78,90.6,49.73
8103,CO,RIO BLANCO,"Rio Blanco County, Colorado",-1031338.25,344413.27,6658,1.0455,17.9,13.6,0.27,10.29,56771,21.8,0.4127,2.36,-0.2255,6.46,68.54,3.47,89.6,13.51
8105,CO,RIO GRANDE,"Rio Grande County, Colorado",-906448.36,58817.73,11623,0.9733,14,18.3,0.76,44.32,40177,22.6,0.4644,6.29,1.5935,8.1,62.65,6.69,85.9,39.34
8107,CO,ROUTT,"Routt County, Colorado",-921743.52,387788.72,23980,1.0825,16,11.9,0.75,6.88,63505,49.4,0.4678,2.9,1.366,8.27,72.09,6.53,88.5,59.24
8109,CO,SAGUACHE,"Saguache County, Colorado",-891521.14,113356.42,6255,0.9664,10.7,18.3,0,38.1,32457,25.5,0.5002,10.39,-0.2716,9.56,58.86,12.69,75.2,55.27
8111,CO,SAN JUAN,"San Juan County, Colorado",-1016302.60,92100.03,552,1.1149,17.2,17,0,23.55,41250,28.4,0.391,4.58,-0.5979,5.14,101.97,0.54,81.9,55.21
8113,CO,SAN MIGUEL,"San Miguel County, Colorado",-1075934.29,126841.70,7767,1.1285,14.5,10.5,0.15,9.73,58170,55.1,0.4701,2.81,0.8461,7.42,68.98,7.94,87.6,74.23
8115,CO,SEDGWICK,"Sedgwick County, Colorado",-530555.17,396052.47,2367,0.8997,12,25.8,1.1,13.9,46977,19.8,0.4308,5.47,0.5114,6.01,72.12,4.82,88,20.83
8117,CO,SUMMIT,"Summit County, Colorado",-858787.86,284925.44,29269,1.2315,18.6,10.4,1.02,14.15,70192,49.9,0.4406,4.21,2.9219,9.38,66.34,11.77,80.5,65.2
8119,CO,TELLER,"Teller County, Colorado",-786147.57,192813.53,23472,1.0435,10.3,17.8,0.92,6.1,63723,32.6,0.4128,4.45,2.7893,7.59,75.6,2.92,91.4,26.99
8121,CO,WASHINGTON,"Washington County, Colorado",-609089.30,299958.08,4814,1.0599,13.4,20.2,0.89,9.18,46315,16,0.4322,5.8,-0.3036,5.05,72.88,2.39,92.1,11.41
8123,CO,WELD,"Weld County, Colorado",-703893.20,373380.87,278065,1.0111,17.2,11.2,1.12,28.77,62820,26.8,0.4234,10.18,3.2931,9.05,66.63,8.65,89,37.77
8125,CO,YUMA,"Yuma County, Colorado",-543208.30,298806.63,10150,0.9587,13.2,17.9,1.04,21.61,42026,21.4,0.4437,3.28,0.5053,4.49,64.75,10.45,84.9,15.87
9001,CT,FAIRFIELD,"Fairfield County, Connecticut",1861832.72,645025.05,941618,0.949,14.4,14.4,11.39,18.64,86670,46.4,0.5444,8.26,6.366,4.1,58.55,21.15,89.9,60.37
9003,CT,HARTFORD,"Hartford County, Connecticut",1900288.95,716242.05,895699,0.942,15.6,15.6,13.45,16.9,68027,36.9,0.4712,10.77,6.1537,4.49,58.01,15.01,94.1,61.87
9005,CT,LITCHFIELD,"Litchfield County, Connecticut",1859612.05,704581.73,185141,0.9765,12.3,18.4,1.7,5.4,73519,34,0.4397,12.78,4.3523,4.74,65.38,7.52,94,42.85
9007,CT,MIDDLESEX,"Middlesex County, Connecticut",1925504.51,682978.93,164438,0.957,14,17.7,5,5.64,79837,40.9,0.4417,12.2,5.147,4.96,66.7,7.65,95,53.85
9009,CT,NEW HAVEN,"New Haven County, Connecticut",1895008.57,669266.11,860874,0.932,16.8,15.6,12.87,16.79,62715,34.3,0.4677,11.26,6.3096,3.79,55.8,12.07,92.9,56.38
9011,CT,NEW LONDON,"New London County, Connecticut",1959679.27,694387.52,272033,1.0026,17,16.1,5.71,9.82,67574,32.4,0.4413,13.04,5.062,5.82,56.98,8.34,94.6,53.53
9013,CT,TOLLAND,"Tolland County, Connecticut",1930651.56,729508.27,151689,1.0013,23.7,13.9,3.01,5.03,80129,38.9,0.418,10.98,4.961,6.1,62.7,6.77,96,52.97
9015,CT,WINDHAM,"Windham County, Connecticut",1959226.47,733944.84,117078,0.9832,16.6,14.6,2.3,10.88,60689,23.9,0.4111,12.06,4.4789,6.46,54.74,5.27,93.7,45.84
10001,DE,KENT,"Kent County, Delaware",1737538.02,365261.41,171474,0.9313,17.6,15.5,24.55,6.61,55184,23.1,0.4201,8.55,4.7267,5.71,56.94,5.76,92.2,47.41
10003,DE,NEW CASTLE,"New Castle County, Delaware",1718793.70,417443.50,551997,0.9387,17.6,13.8,24.37,9.4,66283,35.4,0.4545,8.22,6.2145,5.32,61.1,10.61,93.1,65.58
10005,DE,SUSSEX,"Sussex County, Delaware",1762736.89,321964.12,211224,0.9419,12.2,24.2,12.51,9.2,54218,23.9,0.4384,9.82,4.4673,3.83,62.42,6.67,91.4,38.58
11001,DC,DISTRICT OF COLUMBIA,"District of Columbia, District of Columbia",1620147.02,319803.90,659009,0.9026,24.2,11.4,48.35,10.49,72935,55.4,0.5334,1.29,8.3336,5.05,57.18,14.04,94.8,95.7
12001,FL,ALACHUA,"Alachua County, Florida",1315541.44,-778902.65,256581,0.9353,30.5,12.4,19.86,8.99,44702,41.5,0.5161,3.71,4.7293,4.6,61.11,10.14,87.7,61.82
12003,FL,BAKER,"Baker County, Florida",1312064.82,-705818.49,27312,1.0958,16.8,12.9,13.91,2.32,53327,12.8,0.43,6.18,2.8914,1.8,61.27,1.48,87.5,17.02
12005,FL,BAY,"Bay County, Florida",995241.34,-753568.97,178361,0.9889,16.1,16.1,10.76,5.73,48577,22.5,0.4456,5.94,4.5086,3.96,62.54,5.48,83.9,25.95
12007,FL,BRADFORD,"Bradford County, Florida",1329194.31,-746071.04,26919,1.2351,15.5,17.5,19.37,3.8,43373,11.8,0.456,5.6,3.5655,2.16,56.11,2.31,84.2,24.7
12009,FL,BREVARD,"Brevard County, Florida",1495486.35,-906051.42,560683,0.9554,13.2,22.5,10.22,9.3,49914,27.7,0.4528,9.91,5.3622,4.2,69.13,8.63,86.8,39.69
12011,FL,BROWARD,"Broward County, Florida",1557592.06,-1134894.50,1863780,0.9464,15.1,15.4,28.18,27.56,52954,31,0.4807,4.83,6.3906,2.13,56.94,32.72,82,67.95
12013,FL,CALHOUN,"Calhoun County, Florida",1033843.28,-733516.72,14550,1.1999,14,17.6,13.29,5.64,37089,10.5,0.4167,5.31,2.2927,3.04,53.04,3.55,80.8,21.05
12015,FL,CHARLOTTE,"Charlotte County, Florida",1403373.24,-1075273.04,169642,0.9508,9.3,37.6,5.75,6.63,44865,21.6,0.4525,3.98,4.566,2.81,65.37,10.19,86,35.71
12017,FL,CITRUS,"Citrus County, Florida",1316856.07,-871142.19,140453,0.9354,9.6,35.1,3.02,5.12,39054,17.8,0.4555,4.41,4.5347,3.08,66.76,5.41,88,29.5
12019,FL,CLAY,"Clay County, Florida",1358308.91,-738042.31,200346,0.9686,14.6,14.2,9.87,9.01,59179,23.9,0.4115,4.94,4.8512,3.47,70.21,7.08,88.1,27.07
12021,FL,COLLIER,"Collier County, Florida",1472629.39,-1153129.02,348236,0.9654,11.8,29.6,6.98,26.63,59783,33.9,0.5298,3.14,4.2087,2.51,59.96,23.82,81.4,36.69
12023,FL,COLUMBIA,"Columbia County, Florida",1281697.11,-722190.26,68198,1.0741,15.7,17.2,17.76,5.55,42848,15.9,0.4605,5.49,3.497,2.57,53.9,3.63,85.5,27.18
12027,FL,DESOTO,"DeSoto County, Florida",1408939.88,-1043176.46,35134,1.307,16.7,19.4,13.06,30.69,35513,10,0.4287,5.5,3.0584,2.39,38.83,17.5,75.6,35.81
12029,FL,DIXIE,"Dixie County, Florida",1239761.52,-796990.61,16084,1.2018,12.6,21.7,7.59,3.78,34634,6.4,0.4583,11.13,2.1756,1.53,55.08,2.79,82.3,17.91
12031,FL,DUVAL,"Duval County, Florida",1370323.23,-697096.71,900890,0.9396,18.1,12.7,29.41,8.63,49196,28.1,0.4719,5.64,6.1227,3.54,62.3,9.72,86.2,49.29
12033,FL,ESCAMBIA,"Escambia County, Florida",824622.97,-725665.10,309574,0.9881,20.4,15.8,21.75,5.39,46117,24.9,0.435,4.9,5.2038,4.07,62.34,4.75,87.2,39.28
12035,FL,FLAGLER,"Flagler County, Florida",1419090.69,-787273.11,102917,0.9234,10.8,28.3,10.94,9.79,48898,23.3,0.4306,5.73,4.4049,2.83,68.3,11.77,85.5,39.42
12037,FL,FRANKLIN,"Franklin County, Florida",1077234.61,-787636.46,11705,1.327,14.9,19.9,14.43,5.12,40301,16.7,0.4886,1.98,2.1151,2.43,61.54,3.24,80.9,29.72
12039,FL,GADSDEN,"Gadsden County, Florida",1087135.04,-707854.49,46153,0.9,14.6,15.3,55.72,10.03,38533,17.5,0.4458,3.46,3.5414,1.65,61.66,5.15,84.2,69.06
12041,FL,GILCHRIST,"Gilchrist County, Florida",1272340.53,-779328.01,17033,1.1101,17.6,19.6,6.22,5.34,40881,12.3,0.4695,6.27,2.9342,2.64,62.34,2.91,80.9,17.78
12043,FL,GLADES,"Glades County, Florida",1473964.27,-1058791.70,13420,1.1818,15.4,25.9,12.65,20.99,34143,8.9,0.4471,6.73,1.8599,1.98,38.94,12.24,76.6,29.79
12045,FL,GULF,"Gulf County, Florida",1036713.36,-783532.08,15851,1.3904,15.7,17.9,18.6,4.81,40822,16.7,0.4463,4.12,2.4029,3.35,54.71,1.97,84.6,24.4
12047,FL,HAMILTON,"Hamilton County, Florida",1246507.08,-696552.75,14362,1.3997,20,15.4,34.35,9.03,38980,10.2,0.4704,8.86,2.3789,2.07,46.88,3.64,86.9,35.61
12049,FL,HARDEE,"Hardee County, Florida",1403866.01,-1009795.19,27302,1.1713,17.2,14.5,7.95,43,36222,9.6,0.4702,5.04,2.8051,2.53,38.05,14.51,79.2,29.08
12051,FL,HENDRY,"Hendry County, Florida",1483176.21,-1102239.74,38376,1.1286,17.1,12.8,11.93,51.14,37552,9.1,0.487,8.2,2.5506,2.74,40.06,27.31,70.2,42.69
12053,FL,HERNANDO,"Hernando County, Florida",1326761.10,-902715.22,176797,0.9264,11.7,27.4,5.26,11.57,42274,16.4,0.4236,5.13,4.9724,3.23,65.34,6.8,86.1,35.03
12055,FL,HIGHLANDS,"Highlands County, Florida",1452425.30,-1019042.33,98862,0.9449,11.1,33.9,10.01,18.48,35865,16.5,0.4636,3.72,3.6256,2.59,56.15,11.06,84.8,33.56
12057,FL,HILLSBOROUGH,"Hillsborough County, Florida",1347920.79,-969401.49,1323059,0.9505,17.3,13.1,16.59,26.63,51681,31.4,0.4804,5.05,6.2159,3.83,58.82,16.12,84.9,53.57
12059,FL,HOLMES,"Holmes County, Florida",969554.41,-688994.05,19569,1.149,15.1,18.9,7.98,1.58,37437,12.3,0.4492,7.04,2.7589,2.09,54.45,1.74,82.3,10.23
12061,FL,INDIAN RIVER,"Indian River County, Florida",1518366.38,-969315.51,145342,0.9239,11.4,30.2,9.14,11.79,47446,27.2,0.5308,5.68,4.715,2.93,66.73,10.2,84.4,37.4
12063,FL,JACKSON,"Jackson County, Florida",1027214.19,-690717.05,48721,1.2431,15.2,17.7,26.71,4.6,35470,13.7,0.4503,4.52,3.0198,1.84,53.12,3.37,87.5,30.97
12065,FL,JEFFERSON,"Jefferson County, Florida",1157345.07,-715046.56,14082,1.134,12.7,20.1,35.96,4.04,41696,19,0.4545,2.9,2.2073,2.28,65.41,2.95,90,47.4
12067,FL,LAFAYETTE,"Lafayette County, Florida",1232008.61,-755802.74,8742,1.3456,16.2,13.8,16.99,12.86,36236,13.6,0.5006,6.83,1.8264,1.92,48.99,4.32,77.2,15.57
12069,FL,LAKE,"Lake County, Florida",1392527.89,-869793.71,317586,0.9366,12,25.9,9.92,13.81,47141,21.7,0.4292,5.24,4.87,3.19,67.01,8.04,86.7,38.08
12071,FL,LEE,"Lee County, Florida",1416498.36,-1109786.90,680970,0.9592,12.6,26.3,8.63,19.64,50390,26.7,0.4768,3.4,5.8151,3.05,58.89,15.64,83.1,39.47
12073,FL,LEON,"Leon County, Florida",1120671.19,-717351.24,284788,0.9074,30.7,11.3,31.21,6.08,48248,45.2,0.4848,1.88,5.1053,4.1,65.79,6.96,89.8,63.11
12075,FL,LEVY,"Levy County, Florida",1284064.51,-823284.33,39707,0.9704,12.3,22.6,8.95,7.93,35480,11.2,0.4624,4.75,2.6181,2.68,61.21,3.51,81.8,27.02
12077,FL,LIBERTY,"Liberty County, Florida",1065928.56,-748215.18,8285,1.7066,20.2,11.9,18.27,6.16,37917,12.5,0.4455,3.41,1.3424,3.09,49.18,4.94,79.3,20.38
12079,FL,MADISON,"Madison County, Florida",1197684.91,-709032.77,18560,1.1067,16.1,18.1,38.67,4.83,29806,12.3,0.4883,9.79,2.3316,1.5,57.28,3.67,83,42.09
12081,FL,MANATEE,"Manatee County, Florida",1354558.28,-1019392.31,353411,0.9351,12.2,25.5,8.88,15.67,51483,27.9,0.4668,7.48,5.2128,3.24,62.9,12.2,85,41.13
12083,FL,MARION,"Marion County, Florida",1351881.47,-825616.16,340341,0.9258,12.4,27.8,12.72,11.92,40295,18.4,0.4409,7.13,4.4158,2.76,63.22,7.18,84.8,36.52
12085,FL,MARTIN,"Martin County, Florida",1546527.74,-1033584.08,153592,0.9753,10.9,29.4,5.59,12.88,52622,31.5,0.517,5.54,4.692,2.8,67.22,10.13,86.3,36.2
12086,FL,MIAMI-DADE,"Miami-Dade County, Florida",1559634.16,-1194361.21,2664418,0.9425,16.5,15.2,18.35,66.43,44224,27.3,0.5264,4.73,6.2949,2.25,46.33,52.23,76.9,65.14
12087,FL,MONROE,"Monroe County, Florida",1509746.11,-1235650.29,77150,1.1289,13.6,20.4,7.15,22.51,60303,31.1,0.5003,2.42,3.4112,3.77,64.78,17.81,79,46.41
12089,FL,NASSAU,"Nassau County, Florida",1353290.81,-668322.68,77187,0.9767,12.7,19.9,6.41,3.79,59196,24.5,0.4557,7.85,3.8275,3.16,75.95,3.26,86.7,24.08
12091,FL,OKALOOSA,"Okaloosa County, Florida",897725.96,-716190.31,195798,1.0265,18.2,15.1,9.61,8.35,57655,29.4,0.4279,5.11,4.3977,5.14,66.21,6.55,86.6,24.86
12093,FL,OKEECHOBEE,"Okeechobee County, Florida",1496143.21,-1007325.86,39420,1.1762,15.3,17.8,8.8,25.09,36415,10.7,0.4512,3.79,2.9854,2.48,44.86,12.09,79.6,29.73
12095,FL,ORANGE,"Orange County, Florida",1434273.16,-890991.39,1256055,0.9674,20.2,10.7,20.95,29.34,49391,31.9,0.4813,4.5,6.2858,3.87,56.34,20.16,82.1,62.82
12097,FL,OSCEOLA,"Osceola County, Florida",1458930.13,-937690.13,311962,0.9687,16.7,12.6,11.35,50.24,45536,18.7,0.4304,3.36,4.5078,3.17,60,19.17,80.3,62.95
12099,FL,PALM BEACH,"Palm Beach County, Florida",1550888.90,-1080833.16,1398757,0.9366,13.8,22.7,18.27,20.71,55277,34.2,0.5169,4.4,5.6137,2.3,58.89,23.81,84,57.9
12101,FL,PASCO,"Pasco County, Florida",1333696.45,-929022.01,488310,0.948,12.3,22.4,5.13,13.43,46010,22.5,0.4469,5.11,5.5301,3.69,62.12,9.24,86.6,38.81
12103,FL,PINELLAS,"Pinellas County, Florida",1307334.22,-976260.79,939548,0.922,13,23,10.24,8.85,47090,29.5,0.4861,6.89,7.1891,3.96,63.14,11.46,86.2,49.42
12105,FL,POLK,"Polk County, Florida",1407382.96,-958365.76,637691,0.9605,14.9,19.5,15.12,19.73,44146,19.5,0.4359,6.28,4.9202,3.32,57.68,9.87,84.3,42.72
12107,FL,PUTNAM,"Putnam County, Florida",1375351.84,-777472.64,72304,0.9759,13.2,21.1,16.6,9.54,33003,12.7,0.4625,8.82,3.6468,2.67,58.57,4.22,80.8,31.32
12109,FL,ST. JOHNS,"St. Johns County, Florida",1399465.03,-740930.58,218362,0.9435,12.5,18.1,5.21,6.13,69523,42.5,0.4772,6.3,4.9442,3.47,80.25,6.89,90.5,32.7
12111,FL,ST. LUCIE,"St. Lucie County, Florida",1537174.63,-1001668.67,293136,0.9525,13.2,22.6,19.51,17.66,44140,19.8,0.4625,4.54,5.2882,2.61,60.67,16.13,82.8,48.76
12113,FL,SANTA ROSA,"Santa Rosa County, Florida",856708.29,-719147.21,163903,1.049,15.3,14.4,5.74,5.11,60652,26.9,0.427,5.74,4.1359,4.49,69.17,4.47,88.3,22.03
12115,FL,SARASOTA,"Sarasota County, Florida",1357514.64,-1050987.22,398011,0.9131,10.1,34,4.54,8.6,52796,33.1,0.4832,5.56,5.6222,2.95,67.63,12.25,87,44.02
12117,FL,SEMINOLE,"Seminole County, Florida",1439249.04,-867552.09,442905,0.9335,16.3,14.3,11.35,19.26,58538,35.8,0.4571,5.36,6.3146,4.24,64.77,12.35,86.4,49.18
12119,FL,SUMTER,"Sumter County, Florida",1357722.04,-881343.04,113589,1.0225,6.1,53.1,8.29,5.6,52594,29.8,0.4344,4.71,4.3831,1.69,72.97,5.17,91.9,30.04
12121,FL,SUWANNEE,"Suwannee County, Florida",1246934.69,-730231.71,43653,0.9678,14,20.1,13.86,8.75,37796,12,0.4475,6.32,3.1978,2.37,54.48,5.69,84.1,21.72
12123,FL,TAYLOR,"Taylor County, Florida",1190767.11,-754431.30,22582,1.2559,16.5,17.8,21.59,3.44,36195,9.8,0.4004,14.67,2.1231,2.24,50.98,2.85,86.1,23.7
12125,FL,UNION,"Union County, Florida",1308359.47,-738566.98,15159,1.851,16.7,12.8,22.29,5.42,37778,7.6,0.4248,6.01,3.1793,1.97,46.43,2.89,87.4,18.17
12127,FL,VOLUSIA,"Volusia County, Florida",1438677.01,-829397.93,510806,0.9487,14.4,23.2,10.55,12.33,42240,22.4,0.4639,6.32,5.188,3.36,62.28,7.35,84.6,43.27
12129,FL,WAKULLA,"Wakulla County, Florida",1112939.99,-750827.57,31314,1.2629,14.4,12.9,15.17,3.68,54078,16.6,0.3952,5.06,2.9926,3.2,62.05,1.97,88.1,29.26
12131,FL,WALTON,"Walton County, Florida",938417.16,-717388.67,61528,1.0263,12.7,18.8,4.98,5.89,46910,26.3,0.4936,4.56,3.1308,2.99,68.77,5.76,82.5,21.07
12133,FL,WASHINGTON,"Washington County, Florida",986754.49,-715902.47,24627,1.1986,15,17.5,15.73,3.44,38330,11,0.4461,4.72,2.7897,2.29,56.62,2.72,86.5,20.77
13001,GA,APPLING,"Appling County, Georgia",1288978.66,-549799.23,18410,0.9504,13.6,15.5,18.23,9.35,37388,11.9,0.4549,15.11,2.6402,1.2,50.99,4.38,81.5,20.7
13003,GA,ATKINSON,"Atkinson County, Georgia",1240687.70,-607483.40,8268,1.0547,14.7,11.5,18.09,24.75,31296,6.7,0.4977,25.68,2.2416,1.34,44.21,13.06,74.3,27.07
13005,GA,BACON,"Bacon County, Georgia",1276776.45,-573554.98,11251,0.9899,15.2,14.3,15.42,8.23,37303,13.2,0.4269,14.83,2.7275,1.19,48.15,4.68,83.6,15.31
13007,GA,BAKER,"Baker County, Georgia",1093107.91,-623500.73,3250,0.9426,15.8,19.5,41.45,6.62,45903,11,0.4485,12.13,1.3001,1.04,53.71,5.05,81.1,45.61
13009,GA,BALDWIN,"Baldwin County, Georgia",1179540.11,-416514.33,45808,1.008,25.6,13.8,41.67,2.17,34595,18.4,0.5168,8.69,4.2252,2.79,43.65,2.55,87,50.87
13011,GA,BANKS,"Banks County, Georgia",1137921.09,-277264.13,18336,1.0238,13.2,16.2,2.45,6.35,40721,11,0.3978,21.5,3.4178,2.25,49.79,4.85,82.8,10.03
13013,GA,BARROW,"Barrow County, Georgia",1123630.86,-319829.02,73340,0.9728,15.2,11.2,11.27,9.6,53133,16.8,0.401,11.97,5.1737,4.72,54.35,6.91,83.2,23.76
13015,GA,BARTOW,"Bartow County, Georgia",1017792.28,-305401.61,101942,0.983,15.2,12.8,10.95,8,50565,18.5,0.4241,17.24,4.4503,3.61,51.94,4.68,84.4,21.54
13017,GA,BEN HILL,"Ben Hill County, Georgia",1201789.89,-560832.39,17405,0.932,14.3,15.3,36.02,6.06,29510,10.6,0.4954,18.45,3.2909,1.62,46.09,2.38,80.5,35.98
13019,GA,BERRIEN,"Berrien County, Georgia",1208150.24,-614331.29,18986,0.9794,14.4,16.1,11.18,4.86,35740,12.3,0.44,15.78,2.7862,1.84,45.91,3.13,77.2,16.18
13021,GA,BIBB,"Bibb County, Georgia",1142130.74,-451053.67,154194,0.895,17.5,13.9,53.89,3.11,37108,24.6,0.52,7.21,5.4756,2.82,54.2,3.61,84.5,60.48
13023,GA,BLECKLEY,"Bleckley County, Georgia",1181749.49,-487678.26,12835,0.8537,20,16.9,27.76,2.59,37060,17.7,0.5077,10.21,3.1336,3.1,49.88,1.35,88.4,22.84
13025,GA,BRANTLEY,"Brantley County, Georgia",1326652.04,-606397.56,18403,0.9822,14.3,14.4,2.86,2.13,36837,9.5,0.4204,7.77,2.7765,1.83,45.96,0.85,75.6,10.01
13027,GA,BROOKS,"Brooks County, Georgia",1181465.52,-666585.45,15645,0.9303,13.8,18.3,35.86,5.61,34547,12.4,0.4623,6.58,2.5056,1.69,51.85,3.45,80.8,40.58
13029,GA,BRYAN,"Bryan County, Georgia",1363356.40,-508777.79,34104,0.9954,14.1,10,15.2,6.44,65862,33.3,0.4336,13.2,3.407,4.15,62.75,4.54,86.8,27.6
13031,GA,BULLOCH,"Bulloch County, Georgia",1329128.88,-470898.60,73141,0.9744,33.4,10.2,28.52,3.63,37125,28.2,0.4912,10.06,3.7367,3.78,43.16,3.47,85.3,38.02
13033,GA,BURKE,"Burke County, Georgia",1294379.85,-401162.71,22838,0.9196,15.4,14,49.21,2.98,34589,10.4,0.4728,18.17,2.3668,1.38,55.63,2.05,84.3,51.3
13035,GA,BUTTS,"Butts County, Georgia",1111351.26,-400847.55,23479,1.1325,16.4,14.5,28.3,3.08,40753,10.2,0.4424,12.68,3.8986,2.43,51.55,2.99,84.2,27.64
13037,GA,CALHOUN,"Calhoun County, Georgia",1073485.76,-603107.59,6443,1.5158,16.4,12.5,59.97,4.59,28200,10.3,0.5821,11.22,2.183,0.79,38.75,4.21,80.3,58.69
13039,GA,CAMDEN,"Camden County, Georgia",1360418.36,-631280.34,52092,1.0716,22.3,11.2,18.23,6.11,53327,22.6,0.4057,9.1,3.4904,3.5,48.44,3.74,86.8,32.51
13043,GA,CANDLER,"Candler County, Georgia",1298418.93,-474733.38,10962,0.9744,14.7,16.5,24,11.06,33379,14.2,0.5009,8.35,2.8573,1.94,45.89,4.94,78.7,27.8
13045,GA,CARROLL,"Carroll County, Georgia",1004455.46,-380652.54,113756,0.9578,20.1,12.4,18.38,6.56,45486,18.2,0.4519,16.39,4.4775,3.69,51.3,3.71,84.5,29.33
13047,GA,CATOOSA,"Catoosa County, Georgia",982264.64,-234574.11,65645,0.9418,14.2,15.8,2.57,2.69,52265,19.7,0.4022,16.54,5.0518,4.15,53.42,2.41,86,18.6
13049,GA,CHARLTON,"Charlton County, Georgia",1318720.17,-654267.93,12968,1.0673,16.2,12.8,26.47,8.79,43871,9,0.4166,8.34,1.8675,1.52,38.42,8.98,79.4,25.39
13051,GA,CHATHAM,"Chatham County, Georgia",1392384.90,-505404.16,282613,0.9327,21,13.6,39.81,6.05,49596,32.9,0.476,8.46,5.5386,3.71,50.94,6.18,83.9,57.69
13053,GA,CHATTAHOOCHEE,"Chattahoochee County, Georgia",1047494.44,-514465.21,11882,2.079,47.9,3.9,18.46,14.82,43929,30.1,0.3843,6,2.9147,3.24,15.21,7.45,89.9,44.16
13055,GA,CHATTOOGA,"Chattooga County, Georgia",968975.92,-284336.16,25046,1.0847,15.4,16.2,10.72,4.62,35245,8.9,0.4516,32.14,3.4296,2.14,42.35,3.08,83.1,19.98
13057,GA,CHEROKEE,"Cherokee County, Georgia",1050772.12,-300759.10,230629,0.9701,13.6,11.9,6.48,9.89,72586,35.5,0.413,10.52,5.354,5.5,65.74,8.88,86.7,23.83
13059,GA,CLARKE,"Clarke County, Georgia",1155654.68,-320342.91,122037,0.9066,37.6,9.6,27.24,10.52,33116,40.8,0.5341,7.53,5.9796,5.91,44.62,10.06,84.6,69.95
13061,GA,CLAY,"Clay County, Georgia",1038843.45,-596339.30,3068,0.9211,12.5,23.9,62.32,5.05,22120,7.4,0.467,20.94,1.8022,0.79,55.03,2.64,74.4,55.19
13063,GA,CLAYTON,"Clayton County, Georgia",1071119.80,-377304.63,270269,0.8959,18.2,8.2,68.09,13.14,42470,19,0.4226,6.99,6.6022,2.15,47.92,14.19,77.3,86.08
13065,GA,CLINCH,"Clinch County, Georgia",1262971.71,-647301.94,6814,1.0065,16.2,15.1,26.8,4.49,24848,14.4,0.5458,22.09,1.1902,1.71,49.49,2.88,79.3,28.43
13067,GA,COBB,"Cobb County, Georgia",1045711.73,-335431.18,728388,0.9356,16.3,10.6,26.74,12.62,68818,45,0.4534,7.57,6.7189,5.38,60.32,15.68,84.6,51.15
13069,GA,COFFEE,"Coffee County, Georgia",1239721.93,-579288.31,43042,1.048,17.7,12.6,28.12,11.04,34536,13.1,0.5031,18.17,3.3631,1.67,43.05,5.87,77.8,29.92
13071,GA,COLQUITT,"Colquitt County, Georgia",1158673.80,-630699.10,46002,0.9929,15.5,13.9,22.27,18.55,33968,12.9,0.4664,15.55,3.4804,1.93,40.51,10.6,73.3,25.92
13073,GA,COLUMBIA,"Columbia County, Georgia",1262460.17,-351349.69,139904,0.9523,15,11.7,16.62,6.04,71962,35.1,0.4148,9.76,5.2269,4.28,62.62,6.97,91.2,30.48
13075,GA,COOK,"Cook County, Georgia",1191050.24,-630313.93,17103,0.9457,14.6,14.7,28.01,5.83,35199,13.8,0.456,12.45,3.3695,2.11,48.31,2.61,77.5,29.57
13077,GA,COWETA,"Coweta County, Georgia",1036455.88,-402688.12,135625,0.9524,14,12.5,17.63,6.63,65244,28.1,0.4249,13.1,4.7771,4.26,61.44,5.7,89.3,28.05
13079,GA,CRAWFORD,"Crawford County, Georgia",1116746.79,-464667.42,12483,1.0514,13.8,16.6,22.99,0.79,40459,13.1,0.4702,9.33,2.6969,2.32,52.89,1.47,85.8,28.11
13081,GA,CRISP,"Crisp County, Georgia",1148251.64,-549591.69,23061,0.8784,15.1,15.5,43.08,3.25,31672,15.1,0.5386,9.76,3.4863,1.68,43.26,2.65,81.9,38.41
13083,GA,DADE,"Dade County, Georgia",949883.97,-243760.89,16356,0.9551,17.7,16.9,0.64,2.13,43463,13.8,0.4414,15.43,3.5918,3.62,47.29,2.27,84,16.04
13085,GA,DAWSON,"Dawson County, Georgia",1075725.84,-275106.71,22939,0.9758,13.6,18.2,0.69,3.94,59265,29.8,0.4588,11.55,3.7379,3.54,65.25,3.42,86.6,12.76
13087,GA,DECATUR,"Decatur County, Georgia",1086434.26,-674490.66,27237,0.943,15.2,15.5,41.94,5.63,33514,16.9,0.522,14.26,2.8685,1.38,50.29,2.83,80.7,40.65
13089,GA,DEKALB,"DeKalb County, Georgia",1079965.24,-350358.68,723902,0.9064,17.5,10.3,54.28,8.73,52623,41.7,0.4916,5.92,6.9512,3.79,57.06,16.28,82.9,83
13091,GA,DODGE,"Dodge County, Georgia",1200471.52,-514657.47,20995,1.1233,16.4,15,27.87,3.48,35544,13.5,0.4483,15.66,2.794,2.13,42.26,1.89,85.2,26.81
13093,GA,DOOLY,"Dooly County, Georgia",1142041.05,-524072.95,14089,1.2021,14.5,15.6,49.08,7.27,33319,11.3,0.4385,19.67,2.6304,0.93,34.07,3.99,82.4,48.97
13095,GA,DOUGHERTY,"Dougherty County, Georgia",1111749.15,-597944.09,92326,0.8636,19,13.5,68.53,2.54,33605,19.8,0.5229,10.51,4.6865,1.6,49.23,2.36,80.5,69.5
13097,GA,DOUGLAS,"Douglas County, Georgia",1031436.76,-364101.42,138283,0.9207,15,10.3,43.47,9,57384,26.1,0.4132,8.26,5.5865,3.32,57.12,8.38,84.4,55.54
13099,GA,EARLY,"Early County, Georgia",1049936.73,-629043.04,10480,0.8522,14,18.3,50.47,2.06,28599,14.1,0.4858,16.18,2.0661,1.36,60.88,1.5,81.6,45.93
13101,GA,ECHOLS,"Echols County, Georgia",1248361.99,-672329.40,4025,0.904,14.7,11.1,2.04,29.71,35354,7.9,0.4527,15.14,1.3206,1.61,40.62,14.81,67.2,13.41
13103,GA,EFFINGHAM,"Effingham County, Georgia",1366792.96,-468455.91,55852,0.9878,14.7,10.6,13.1,3.68,62820,18.3,0.381,17.6,3.8098,3.12,57.61,2.71,88.3,21.35
13105,GA,ELBERT,"Elbert County, Georgia",1201031.32,-295466.10,19394,0.9089,14,18.9,30.34,5.42,35739,11.7,0.499,27.3,3.0601,1.95,52.87,2.24,85.6,32.42
13107,GA,EMANUEL,"Emanuel County, Georgia",1274318.32,-457272.71,22723,0.9662,16.2,15.6,34.02,4.47,31522,11.7,0.4686,15.98,2.5565,1.15,46.12,0.98,77.7,31.34
13109,GA,EVANS,"Evans County, Georgia",1319778.84,-499358.81,10733,0.8843,12.9,15.7,29.47,11.65,40594,15.1,0.4639,14.14,3.1207,2.19,45.61,4.15,83,31.98
13111,GA,FANNIN,"Fannin County, Georgia",1056478.20,-230184.25,24017,0.9414,10.9,25.5,0.2,2.01,39011,17.7,0.4516,10.78,3.1763,2.18,59.83,1.87,84.7,16.64
13113,GA,FAYETTE,"Fayette County, Georgia",1060347.41,-393016.92,109495,0.9372,12.8,16,20.93,6.99,81689,45.8,0.4313,9.27,5.3823,4.24,73.2,9.23,92.3,39.92
13115,GA,FLOYD,"Floyd County, Georgia",983524.48,-306528.35,96199,0.9501,16.7,15.5,14.53,10.3,42955,19.8,0.4618,17.41,4.2883,3.86,47.15,6.77,84.3,27.53
13117,GA,FORSYTH,"Forsyth County, Georgia",1082885.73,-298858.13,203841,0.9835,10.8,11.1,2.94,9.38,91842,48.3,0.4101,9.48,5.8614,5,67.77,14.74,90.1,25.14
13119,GA,FRANKLIN,"Franklin County, Georgia",1161861.71,-271656.25,22188,0.9582,15.5,19.2,9.46,4.31,37298,12.6,0.4655,18.93,3.4892,2.41,49.19,3.18,81.6,14.98
13121,GA,FULTON,"Fulton County, Georgia",1057695.26,-351026.40,996757,0.9418,18.9,10.4,44.07,7.42,58851,49.8,0.5417,6.31,6.594,3.84,56.13,12.52,86.3,71.61
13123,GA,GILMER,"Gilmer County, Georgia",1046582.72,-250887.16,28956,1.0079,12.1,21.6,0.86,10.94,43775,17.8,0.4454,15.23,3.2669,2.59,55.63,6.91,77.7,15.79
13125,GA,GLASCOCK,"Glascock County, Georgia",1235745.04,-390703.11,3053,0.9545,12.2,16.9,6.78,1.54,43884,8.2,0.3849,13.79,2.1042,1.22,60.46,0.66,83.8,10.05
13127,GA,GLYNN,"Glynn County, Georgia",1367529.33,-596401.11,82623,0.8932,14.3,17.5,25.43,6.57,46475,28.2,0.4961,6.27,4.3306,2.85,53.93,5.49,83.7,35.37
13129,GA,GORDON,"Gordon County, Georgia",1011129.00,-276288.12,56079,0.9786,14.9,13.4,4.17,14.99,41390,12.9,0.4404,32.47,4.1085,3.1,45.32,9.85,81.9,17.31
13131,GA,GRADY,"Grady County, Georgia",1119107.75,-670901.27,25145,0.9802,14.4,16.3,28.69,10.65,35518,12.8,0.4613,12.03,3.0615,1.6,48.98,5.69,79,33.23
13133,GA,GREENE,"Greene County, Georgia",1179503.65,-359108.74,16535,0.9455,10.8,26,36.23,6.17,44299,24.7,0.568,11.65,2.802,1.84,66.42,4.95,82.9,36.82
13135,GA,GWINNETT,"Gwinnett County, Georgia",1095793.31,-326952.67,874242,0.9588,15.4,8.6,26.09,20.55,61865,34.9,0.4267,8.71,6.6647,4.63,52.09,24.72,81.7,53.06
13137,GA,HABERSHAM,"Habersham County, Georgia",1130813.84,-246975.79,43724,0.9024,15.5,17.7,3.28,13.75,41600,17.5,0.4324,21.29,4.1109,3.51,48.25,8.8,82.3,15.84
13139,GA,HALL,"Hall County, Georgia",1109271.74,-285212.05,190482,0.9921,15.7,13.6,7.48,27.38,51902,22.5,0.4464,20.97,5.2324,3.93,50.56,16.54,80.6,23.82
13141,GA,HANCOCK,"Hancock County, Georgia",1199352.69,-391151.18,8747,1.297,18.1,19.4,73.4,1.93,26386,10.9,0.4995,7.5,1.9698,1.01,48.21,2.66,86,76.21
13143,GA,HARALSON,"Haralson County, Georgia",989764.89,-358560.90,28667,0.9515,14.5,15.8,4.75,1.47,42281,13.8,0.4508,16.37,3.6694,2.62,52.47,1.39,84.4,13.34
13145,GA,HARRIS,"Harris County, Georgia",1031117.27,-472705.61,32992,0.9989,12.8,16.1,15.78,3.14,65336,26.6,0.432,12.45,3.3127,2.91,64.46,2.12,88.7,25.5
13147,GA,HART,"Hart County, Georgia",1186193.63,-271111.98,25518,0.9694,13.8,20.4,19.05,3.6,37983,13.7,0.4663,24.28,3.747,2.43,50.38,2.6,82.3,26.19
13149,GA,HEARD,"Heard County, Georgia",1003656.62,-412865.88,11571,0.9841,14,15.3,10.5,0.61,44185,10.5,0.4046,19.64,2.7141,2.6,47.77,0.65,85.7,18.06
13151,GA,HENRY,"Henry County, Georgia",1090976.65,-384839.46,214171,0.9176,15,10.3,40.25,6.3,62561,27.5,0.4011,6.95,5.5589,3.02,63.26,7.44,86.9,52.26
13153,GA,HOUSTON,"Houston County, Georgia",1150018.33,-489118.95,149137,0.9472,16.9,11.8,29.55,6.45,55480,24,0.4272,9.83,5.0326,3.49,54.36,5.53,86.7,38.9
13155,GA,IRWIN,"Irwin County, Georgia",1198909.01,-578924.73,9365,1.0501,15.1,17.7,27.93,1.14,29846,11.1,0.5188,17.87,2.3228,1.72,50.57,0.56,81.6,24.7
13157,GA,JACKSON,"Jackson County, Georgia",1134888.20,-302497.87,62131,0.9729,13.7,13.4,6.98,6.95,54246,19.1,0.432,15.31,4.2574,3.37,58.9,4.67,85.9,17.09
13159,GA,JASPER,"Jasper County, Georgia",1135645.58,-394495.97,13571,0.9479,13,15.3,20.48,3.85,41434,10.4,0.4371,21.25,2.6555,2.33,58.84,2.59,84.5,26.15
13161,GA,JEFF DAVIS,"Jeff Davis County, Georgia",1255594.68,-548237.02,14953,0.9267,15.1,13.9,16.47,11.42,36566,10.7,0.4447,14.51,2.8596,1.79,47.01,5.21,81.8,18
13163,GA,JEFFERSON,"Jefferson County, Georgia",1256168.47,-407469.73,16201,0.9365,14.6,16.9,54.07,3.44,28417,10.4,0.4868,18.67,2.475,1.21,57.35,2.01,79.3,55.51
13165,GA,JENKINS,"Jenkins County, Georgia",1302223.39,-430311.45,9055,0.9689,13.8,17.7,34.33,3.9,27398,13,0.5106,11.14,2.3093,1.24,43.89,2.13,84.3,37.21
13167,GA,JOHNSON,"Johnson County, Georgia",1239463.95,-449664.33,9694,1.1291,17.7,15.5,33.75,2.31,32685,8.7,0.4476,13.59,2.5138,0.84,48.07,0.68,81.5,31.08
13169,GA,JONES,"Jones County, Georgia",1151586.09,-425213.19,28701,0.9404,13.3,15.8,24.71,1.37,54020,20.2,0.4436,7.2,3.3368,2.27,57.69,1.03,86.4,32.29
13171,GA,LAMAR,"Lamar County, Georgia",1097556.46,-426374.62,18195,0.9299,20.2,16,29.45,2.2,40364,17.2,0.4564,14.61,3.645,2,52.96,2.31,81.9,30.43
13173,GA,LANIER,"Lanier County, Georgia",1227432.29,-638434.25,10382,1.0218,17.6,12.4,25.1,5.26,31682,15.4,0.4802,5.92,3.0742,2.82,37.32,1.56,78.4,28.89
13175,GA,LAURENS,"Laurens County, Georgia",1218900.42,-479335.16,47802,0.9036,14.6,16.3,36.61,2.52,33632,15.2,0.5215,11.5,3.1295,1.88,54.33,2.17,86.2,35.23
13177,GA,LEE,"Lee County, Georgia",1115399.22,-569883.23,29134,1.0052,14,10.6,19.49,2.67,62797,24.2,0.427,10.91,3.4534,2.31,66.41,3.93,88.8,22.94
13179,GA,LIBERTY,"Liberty County, Georgia",1361765.97,-530025.69,63949,1.0423,26.4,7.5,41.28,12.05,42484,18.9,0.4125,6.47,3.8674,2.81,35.36,6,86.2,60.91
13181,GA,LINCOLN,"Lincoln County, Georgia",1241428.62,-326225.74,7712,0.8782,13.2,20.5,32.38,1.41,34720,13.2,0.4849,14.12,2.65,1.71,66.07,1.4,85.1,31.57
13183,GA,LONG,"Long County, Georgia",1339623.96,-541918.13,17243,1.0013,19,8.6,22.87,11.78,50848,15.2,0.378,9.94,2.811,3.18,33.63,6.41,82.8,34.12
13185,GA,LOWNDES,"Lowndes County, Georgia",1211133.25,-663550.99,113898,0.9631,26.2,10.8,36.41,5.32,38915,23.9,0.4878,7.45,4.4847,2.93,43.62,4.22,82.6,41.05
13187,GA,LUMPKIN,"Lumpkin County, Georgia",1089105.85,-259005.99,31094,0.9776,24.2,15.7,1.91,4.6,40634,27,0.4768,13.75,3.7479,4.72,49.52,3.49,85.5,18.75
13189,GA,MCDUFFIE,"McDuffie County, Georgia",1243599.34,-360989.91,21558,0.8789,14.3,15.8,40.8,2.79,37021,14.2,0.4691,17.26,3.476,1.48,57.94,2.74,83.4,40.51
13191,GA,MCINTOSH,"McIntosh County, Georgia",1375411.20,-565263.95,13941,0.9702,12.3,20.1,35.13,1.4,45248,13.8,0.4349,12.46,2.5404,1.91,51.95,2.09,83.9,39.78
13193,GA,MACON,"Macon County, Georgia",1116532.20,-504726.96,13846,1.2536,17.4,14.4,59.14,4.02,28285,8.5,0.4839,20.58,2.591,0.98,38.8,2.59,79.6,63.72
13195,GA,MADISON,"Madison County, Georgia",1167400.55,-298846.69,28362,0.98,13.8,15.9,8.7,4.64,45063,15.5,0.4286,18.21,3.6581,3.1,55.01,3.84,84,20.86
13197,GA,MARION,"Marion County, Georgia",1071805.82,-510838.64,8646,0.965,13.8,17.4,36.16,1.63,35484,11.1,0.4421,9.89,2.2105,1.76,47.42,2.38,83.7,38.7
13199,GA,MERIWETHER,"Meriwether County, Georgia",1047490.72,-436546.19,21195,0.9319,14,18.4,39.93,0.89,34989,10.1,0.4893,21.27,2.7928,2.07,55.97,0.6,83.3,42.14
13201,GA,MILLER,"Miller County, Georgia",1068311.99,-644659.50,5911,0.9242,13.5,19.9,30.38,0.1,36463,11.4,0.5028,9.68,2.0895,1.18,55.97,0.1,83.7,24.78
13205,GA,MITCHELL,"Mitchell County, Georgia",1118060.76,-631722.98,22778,1.0838,15.6,14.8,47.6,4.38,31111,12,0.4596,14.57,2.8434,1.37,45.46,2.63,78.6,44.94
13207,GA,MONROE,"Monroe County, Georgia",1118764.62,-430736.51,27044,1.0043,14,16.7,23.9,2.32,50625,22.2,0.5217,6.5,3.2719,2.24,59.46,2.19,87.2,28.79
13209,GA,MONTGOMERY,"Montgomery County, Georgia",1259342.49,-506324.56,9005,1.0489,17.8,15.5,26.3,6.37,38111,15.6,0.4826,12.14,2.6752,1.65,50.78,5.42,84,24.08
13211,GA,MORGAN,"Morgan County, Georgia",1149574.72,-361759.64,17943,0.9229,12.7,18,23.62,3.1,54506,20.8,0.4468,12.54,2.993,2.67,68.67,1.79,86.6,28.88
13213,GA,MURRAY,"Murray County, Georgia",1018906.81,-243277.08,39358,0.984,15.1,13,0.98,13.96,38136,10.9,0.4048,38.54,3.7867,2.54,42.49,7.6,80.4,14.83
13215,GA,MUSCOGEE,"Muscogee County, Georgia",1037004.66,-497396.75,200303,0.9634,19.9,12,45.06,7.39,42661,25,0.4943,9.51,5.8787,3.19,45.71,5.51,85.4,59.63
13217,GA,NEWTON,"Newton County, Georgia",1117369.34,-370002.80,103901,0.9072,15.4,11.8,43,4.91,51068,19.8,0.417,14.44,4.993,2.57,58.15,6.05,86.5,51.2
13219,GA,OCONEE,"Oconee County, Georgia",1151026.20,-334061.66,35071,0.9632,11.8,13.5,5.86,4.65,75946,46.6,0.4566,8.62,4.2968,5.67,78.7,6.32,91.2,29.36
13221,GA,OGLETHORPE,"Oglethorpe County, Georgia",1182777.15,-324628.42,14743,1.0069,13,17.3,16.71,4,44403,16.6,0.3928,16.17,2.5623,3.27,58.19,2.33,85.8,28.36
13223,GA,PAULDING,"Paulding County, Georgia",1019505.23,-340910.92,149830,0.9495,14.6,9.4,18.31,5.63,60971,24.6,0.398,9.59,5.2217,3.39,60.15,5.17,87.5,28.75
13225,GA,PEACH,"Peach County, Georgia",1133558.45,-478905.04,26907,0.9358,21.8,13.1,45.26,7.25,41128,20.2,0.448,8.79,4.2361,2.22,51.3,5.34,82.1,48.51
13227,GA,PICKENS,"Pickens County, Georgia",1048759.96,-276175.62,29992,0.9878,12,20.3,1.2,3.04,56769,24.8,0.4375,10.23,3.91,2.91,59.1,2.99,87.3,14.52
13229,GA,PIERCE,"Pierce County, Georgia",1302364.84,-591770.28,19030,1.0104,12.9,15.5,8.26,5.1,42730,12.9,0.4994,9.77,3.0727,1.45,51.5,2.45,81.2,12.53
13231,GA,PIKE,"Pike County, Georgia",1074342.41,-427481.18,17843,0.9629,13.4,14.5,10.49,1.43,50819,15.3,0.4298,12.94,3.462,2.37,65.2,0.91,83.4,14.56
13233,GA,POLK,"Polk County, Georgia",989218.15,-335273.14,41263,0.9504,15.1,14.9,12.28,12.81,39356,13,0.4856,23.93,3.9384,2.35,46.68,7.05,83.5,20.65
13235,GA,PULASKI,"Pulaski County, Georgia",1170985.43,-511851.85,11460,0.7094,15.8,18.2,33.8,4.69,38880,11.8,0.4536,13.31,2.8773,1.78,38.55,1.48,83.6,31.18
13237,GA,PUTNAM,"Putnam County, Georgia",1164468.67,-390099.77,21259,0.9807,14,21.3,26.17,6.5,45762,18.3,0.4515,10.92,3.1704,1.96,55.51,5.72,83.8,29.65
13239,GA,QUITMAN,"Quitman County, Georgia",1032108.84,-570086.86,2095,0.9952,10.2,25.5,48.93,1,29773,8.6,0.4624,20,1.6768,0.77,61.75,1.62,82.2,44.5
13241,GA,RABUN,"Rabun County, Georgia",1138733.58,-217627.95,16312,0.9782,12.4,25.5,2.12,8.02,38277,26.3,0.509,6.82,2.8341,3.27,59.6,5.75,77.6,18.68
13243,GA,RANDOLPH,"Randolph County, Georgia",1058238.22,-578759.55,7224,1.0699,14.3,18.3,62.54,0.55,30358,13.4,0.6265,14.32,1.8738,1.03,53.36,2.39,80.1,55.7
13245,GA,RICHMOND,"Richmond County, Georgia",1282854.03,-369184.69,201418,0.9374,20.7,12.6,55.76,4.63,38595,21,0.4842,8.76,5.4797,2.97,49.14,3.5,84.8,66.62
13247,GA,ROCKDALE,"Rockdale County, Georgia",1099835.82,-361067.25,87569,0.8977,15,12.6,50.59,10.02,51072,26,0.4152,11.33,5.5625,3,58.28,9.61,82.6,63.31
13249,GA,SCHLEY,"Schley County, Georgia",1092567.81,-518590.68,5089,0.9755,12.4,15.3,26.94,4.78,41227,14.9,0.4888,16.28,2.4658,1.89,51.32,1.61,80.5,21.41
13251,GA,SCREVEN,"Screven County, Georgia",1335305.58,-430054.22,14114,0.9592,15.3,16.7,41.67,1.74,35047,14.4,0.4868,17.88,2.1339,1.92,52.38,1.01,81.2,41.03
13253,GA,SEMINOLE,"Seminole County, Georgia",1058215.87,-671087.27,8696,0.9087,11.5,21.3,34.27,2.96,35410,14.9,0.5005,12.81,2.6584,1.51,52.9,1.38,81.5,33.64
13255,GA,SPALDING,"Spalding County, Georgia",1081709.06,-407607.18,64006,0.943,15.1,16.2,32.97,4.36,40548,15.4,0.4553,15.09,4.8376,2.73,53.12,3.45,83.1,37.42
13257,GA,STEPHENS,"Stephens County, Georgia",1153387.10,-252656.74,25584,0.8993,16.1,18.3,12.64,2.95,37088,17.6,0.4801,22.25,4.0099,2.98,49.44,2.1,84.1,19.29
13259,GA,STEWART,"Stewart County, Georgia",1046524.50,-544714.85,5791,1.559,22.7,15.2,47.5,22.38,20882,10.4,0.4817,19.86,1.5839,1.51,41.56,29.13,77.8,60.29
13261,GA,SUMTER,"Sumter County, Georgia",1106582.20,-541744.71,31070,0.8979,19.9,14.9,52.01,5.28,33534,19.9,0.4894,14.25,3.213,1.62,46.6,3.13,85.2,51.13
13263,GA,TALBOT,"Talbot County, Georgia",1066380.68,-472610.24,6373,0.9138,12.6,19.6,57.24,2.21,36957,12.6,0.4923,20.23,1.8385,1.48,62.5,0.97,86,62.6
13265,GA,TALIAFERRO,"Taliaferro County, Georgia",1205988.98,-356897.06,1904,1.0385,16.2,22.3,64.02,4.25,28152,8.8,0.4301,22.14,1.3291,0.33,55.69,3.41,81,60.96
13267,GA,TATTNALL,"Tattnall County, Georgia",1305695.48,-513965.25,25260,1.4018,17.3,12.2,29.16,10.87,35578,11.4,0.4651,8.39,3.0125,1.83,34.68,3.58,84.4,24.8
13269,GA,TAYLOR,"Taylor County, Georgia",1094503.31,-485342.55,8354,0.9311,15,18,39.01,2.24,27114,11.3,0.4913,12.29,2.1474,1.41,51.9,1.22,80,38.57
13271,GA,TELFAIR,"Telfair County, Georgia",1225492.29,-538478.73,16405,1.3594,16,15.2,40.37,14.5,27657,9.1,0.4354,18.24,2.6731,0.87,28.22,12.61,83.4,34.89
13273,GA,TERRELL,"Terrell County, Georgia",1087752.62,-573591.60,9132,0.895,14.8,17.6,62.39,2.58,30438,12.1,0.4751,15.96,2.3524,1.15,60.84,0.59,81.6,54.75
13275,GA,THOMAS,"Thomas County, Georgia",1149077.47,-668341.64,44977,0.9004,14.1,16.5,36.02,3.44,38241,19.5,0.4987,11.08,3.4622,2.3,55.15,2.79,83.1,38.88
13277,GA,TIFT,"Tift County, Georgia",1177572.56,-598038.25,40691,0.8955,18.9,13.7,29.38,11.12,37613,17.5,0.5052,7.8,4.0981,2.03,46.53,6.42,79.5,31.2
13279,GA,TOOMBS,"Toombs County, Georgia",1279077.49,-509317.95,27160,0.8763,14.7,15,25.26,11.37,33081,17,0.5231,11.8,3.3607,2.02,46.34,6.16,77.6,26.11
13281,GA,TOWNS,"Towns County, Georgia",1108106.01,-217719.89,10976,0.9039,16.9,33.1,1.25,2.35,39321,25.1,0.4387,5.03,3.2366,2.53,71.08,2.76,86.7,18.35
13283,GA,TREUTLEN,"Treutlen County, Georgia",1252698.80,-481308.08,6711,0.9652,16,17.3,31.07,1.73,40204,16.5,0.4585,10.35,2.5644,1.18,51.57,1.24,83.1,32.27
13285,GA,TROUP,"Troup County, Georgia",1016232.49,-441027.66,69314,0.9221,16.8,13.6,34.67,3.63,42545,18.8,0.4854,26.27,4.1689,2.48,50.5,4.04,86.1,38.15
13287,GA,TURNER,"Turner County, Georgia",1164674.38,-570653.87,8151,0.9827,15.2,18.4,40.5,4.43,34667,12.3,0.4593,8.24,2.4004,1.68,55.22,4.31,78.1,37.29
13289,GA,TWIGGS,"Twiggs County, Georgia",1169133.09,-463179.49,8363,0.9893,13.5,19.5,42.64,0.49,31625,11.6,0.5231,16.31,2.1982,1.31,60.22,1.08,85.1,49.2
13291,GA,UNION,"Union County, Georgia",1086492.06,-229812.40,22033,0.9587,9.4,31.2,0.65,2.89,41686,22.4,0.4278,5.63,3.2742,2.06,65.65,2.15,87.6,16.61
13293,GA,UPSON,"Upson County, Georgia",1085514.61,-449830.19,26394,0.9127,14.1,17.6,28.21,2.31,35699,13.4,0.4733,19.02,3.4502,1.53,54.08,1.34,83.8,32.27
13295,GA,WALKER,"Walker County, Georgia",969727.19,-254921.86,68143,0.9885,13.8,16.6,4.33,1.94,41539,15,0.456,19.57,4.0765,3.3,45.48,1.15,84.7,18.2
13297,GA,WALTON,"Walton County, Georgia",1124751.35,-343531.85,87436,0.9499,14.2,14.2,16.73,3.85,54459,18.6,0.4209,12.5,4.6411,3.15,62.65,3.86,87.2,21.04
13299,GA,WARE,"Ware County, Georgia",1287452.02,-628271.32,35671,0.9832,15.7,15.9,29.19,3.76,34705,12.8,0.468,12.62,2.736,1.9,44.77,3.39,81.9,28.78
13301,GA,WARREN,"Warren County, Georgia",1226893.47,-371698.31,5504,0.8715,13.3,20.5,59.94,0.67,31875,12.1,0.4658,29.45,2.0115,1.24,54.02,1.98,82.9,57.01
13303,GA,WASHINGTON,"Washington County, Georgia",1222782.14,-421811.42,20680,1.0187,15.2,15.9,52.96,2.2,37417,12.3,0.4713,11.08,2.4655,1.32,52.93,1.67,85.7,50.31
13305,GA,WAYNE,"Wayne County, Georgia",1326973.79,-566460.43,30006,1.0451,14.8,14.5,20.51,6.06,39908,13.3,0.4576,13.73,2.8932,2.1,46.15,2.82,79.9,20.02
13307,GA,WEBSTER,"Webster County, Georgia",1073462.53,-545070.30,2672,1.0428,13.3,17.5,49.51,1.12,37072,9.4,0.4755,19.6,1.596,1.16,54.74,0.26,87.4,42.88
13309,GA,WHEELER,"Wheeler County, Georgia",1242586.27,-515035.60,7932,1.8461,19.3,13,42.02,2.02,27779,4.9,0.4413,14.24,2.3384,1.67,31.89,1.53,79.5,31.25
13311,GA,WHITE,"White County, Georgia",1111113.01,-247820.30,28140,0.941,13.8,20,2.47,2.97,42264,20.8,0.4417,13.39,3.8098,3.28,53.39,2.75,86,14.64
13313,GA,WHITFIELD,"Whitfield County, Georgia",998928.97,-243691.95,103653,0.9852,16.3,12.7,3.82,33.5,41764,13.6,0.4775,39.2,4.9257,3.86,40.57,18.31,79,26.93
13315,GA,WILCOX,"Wilcox County, Georgia",1178856.27,-539964.56,8884,1.438,16.8,16.1,35.78,4.07,34071,9.5,0.4432,8.05,2.2062,0.94,41.2,2.39,85.1,28.9
13317,GA,WILKES,"Wilkes County, Georgia",1215020.11,-331296.95,9924,0.9081,13,21.4,42.99,4.18,33462,13.8,0.4623,19.18,2.0994,1.47,57.81,3.57,83.9,41.81
13319,GA,WILKINSON,"Wilkinson County, Georgia",1190751.76,-445054.42,9312,0.9168,13.1,17.8,38.27,2.53,38827,8.6,0.4298,14.81,2.0841,1.4,59.94,0.77,89.3,44.81
13321,GA,WORTH,"Worth County, Georgia",1145802.57,-591629.83,20988,0.9502,14.8,16.9,29.38,2.07,38684,10.2,0.4427,13.7,2.6532,1.48,51.39,1.65,80.7,24.72
16001,ID,ADA,"Ada County, Idaho",-1618314.91,839230.72,425798,1.0042,16,12.6,1.23,7.73,58099,37,0.4589,9.09,5.0511,13.41,61.35,6.07,89.3,44.67
16003,ID,ADAMS,"Adams County, Idaho",-1600808.02,999504.45,3865,1.1109,8.7,24.7,0.21,3.16,41335,22.7,0.4134,6.94,0.0908,9.71,69.13,1.71,81.7,21.06
16005,ID,BANNOCK,"Bannock County, Idaho",-1315517.38,691368.16,83815,0.9938,18.9,12.6,0.63,7.97,45216,27.5,0.4526,8.23,3.3704,17.64,54.47,3.98,88.8,37.58
16007,ID,BEAR LAKE,"Bear Lake County, Idaho",-1250531.24,637017.02,5928,0.9859,12.5,20,0.78,4.1,46863,19.5,0.4038,7.56,0.8534,16.05,67.57,2.56,90,10.37
16009,ID,BENEWAH,"Benewah County, Idaho",-1560888.64,1255295.15,9068,1.0391,11.6,21.2,0.23,3.31,42600,13.6,0.421,14.78,1.5056,7.46,59.47,1.64,82.6,19.88
16011,ID,BINGHAM,"Bingham County, Idaho",-1318965.86,754203.41,45261,0.9983,14.4,13,0.31,17.76,49943,18.1,0.3939,10.37,2.1218,16.81,53.78,7.03,86.8,21.14
16013,ID,BLAINE,"Blaine County, Idaho",-1440403.92,798495.92,21427,1.0208,11.4,16,0.12,20.74,58086,41.8,0.4712,3.22,1.1431,9.03,65.25,14.15,83.5,65.76
16015,ID,BOISE,"Boise County, Idaho",-1565761.39,889442.01,6891,1.1041,8.2,22.1,0.45,3.77,44591,27,0.4504,10.15,0.3369,9.54,67.91,2.34,87.6,22.52
16017,ID,BONNER,"Bonner County, Idaho",-1530884.45,1370951.77,41389,1.0058,10.3,21.4,0.1,2.76,43697,22.1,0.4547,13.45,2.2215,8.5,63.57,2.37,85.2,30.37
16019,ID,BONNEVILLE,"Bonneville County, Idaho",-1253340.53,762423.91,108989,0.9913,15,12.1,0.44,12.4,52831,27.8,0.4492,9.71,3.1158,19.43,59.06,5.59,88.1,25.06
16021,ID,BOUNDARY,"Boundary County, Idaho",-1509803.11,1418976.86,11141,1.0275,10.6,20,0.15,4.43,39279,17.5,0.4912,14.24,1.221,8.54,61.06,2.59,78.5,19.76
16023,ID,BUTTE,"Butte County, Idaho",-1370440.32,820691.93,2592,1.1281,12.3,20.3,1.2,3.9,39653,14.9,0.4801,1.04,-0.8041,12.68,60.14,1.85,86.4,14.9
16025,ID,CAMAS,"Camas County, Idaho",-1504841.91,816989.00,968,1.0684,11.7,17.1,0,8.47,42708,20.5,0.4927,5.19,-1.0558,11.86,82.37,4.34,78.1,21.15
16027,ID,CANYON,"Canyon County, Idaho",-1650947.04,866287.76,202782,0.9842,16,12.5,0.42,24.63,44860,18.4,0.4016,10.76,4.8925,11.93,51.28,7.74,83.6,26.34
16029,ID,CARIBOU,"Caribou County, Idaho",-1260486.30,693709.87,6813,1.0362,11.6,16.8,0.19,5.33,57957,18.1,0.3911,14.07,0.3995,16.11,62.57,2.47,91.7,10.64
16031,ID,CASSIA,"Cassia County, Idaho",-1433814.45,669025.87,23441,1.0407,14.6,13.3,0.19,26.65,46215,18.6,0.397,15.46,1.2606,14.59,51.76,11.27,81.7,14.83
16033,ID,CLARK,"Clark County, Idaho",-1294928.46,870888.92,960,1.0339,16.3,11.5,0.1,47.29,32422,15.2,0.3751,0.47,-1.5596,12.72,43.8,27.4,66.6,17.81
16035,ID,CLEARWATER,"Clearwater County, Idaho",-1498682.93,1180367.92,8528,1.2705,11.6,24.8,0.21,3.86,40266,16.8,0.411,13.22,0.2927,6.45,52.56,1.99,86.6,19.8
16037,ID,CUSTER,"Custer County, Idaho",-1446727.99,893955.17,4185,1.0286,7.4,24.7,0,3.15,39497,26.2,0.4334,3.8,-1.114,8.7,70.95,1.7,86.2,19.37
16039,ID,ELMORE,"Elmore County, Idaho",-1559773.21,815639.98,26103,1.0753,21.9,11.8,2.63,16.11,44444,16.6,0.4211,9.9,1.1871,10.47,44.36,9.73,86.9,23.77
16041,ID,FRANKLIN,"Franklin County, Idaho",-1291553.02,632078.37,13013,1.0393,12.7,13.6,0.28,6.69,50500,19.6,0.378,18.91,2.0249,22.06,64.12,3.4,87,8.98
16043,ID,FREMONT,"Fremont County, Idaho",-1227700.34,853222.54,12896,1.0693,13.7,16.2,0.32,12.32,49973,20.9,0.395,9.01,0.9826,17.04,61.64,4.62,85.7,13.73
16045,ID,GEM,"Gem County, Idaho",-1616189.40,908450.84,16853,0.9612,11.2,21.4,0,8.08,40767,15.3,0.4153,6.46,2.4531,9.37,61.45,3.15,81.6,17.05
16047,ID,GOODING,"Gooding County, Idaho",-1516113.75,763194.95,15157,1.08,14,16.5,0.08,28.95,40704,14.3,0.4244,12.63,2.0825,9.98,47.83,15.08,79.2,19.9
16049,ID,IDAHO,"Idaho County, Idaho",-1503348.17,1087171.66,16251,1.0792,11,24.1,0.2,3.12,38597,16.9,0.3819,12.22,-0.3009,7.24,63.49,1.64,86.8,15.66
16051,ID,JEFFERSON,"Jefferson County, Idaho",-1300535.11,819353.62,27096,1.0289,13.9,10.5,0.07,10.37,54646,20.8,0.3989,10.13,2.2581,17.98,65.05,4.13,86.8,10.37
16053,ID,JEROME,"Jerome County, Idaho",-1478532.32,723784.72,22694,1.0257,15.6,12.5,0.1,33.59,44447,14.3,0.4009,13.58,2.686,11.52,43.11,16.9,76.8,22.25
16055,ID,KOOTENAI,"Kootenai County, Idaho",-1553192.14,1305243.22,147716,0.9801,14.4,16.9,0.39,4.21,50924,24,0.4379,7.85,3.8305,8.44,58.76,2.19,86.7,26.79
16057,ID,LATAH,"Latah County, Idaho",-1574432.31,1212783.00,38593,1.0335,33.7,11.7,0.71,4.04,42133,45.9,0.464,6.89,2.6283,15.49,57.85,5.21,91.8,52.7
16059,ID,LEMHI,"Lemhi County, Idaho",-1404725.19,965393.10,7743,1.0371,9.6,27,0.21,2.98,34762,21,0.4226,8.42,-0.4229,8.59,64.28,1.81,84.7,19.58
16061,ID,LEWIS,"Lewis County, Idaho",-1566783.12,1145399.85,3826,0.9927,10.8,24.1,0.08,4.18,38068,16,0.4537,8.06,1.1265,7.42,53.55,2.01,82.5,18.34
16063,ID,LINCOLN,"Lincoln County, Idaho",-1461859.36,756118.82,5292,1.0354,13.5,12.6,0,29.8,44500,11.8,0.387,14.16,0.5311,11.67,48.15,13.62,75.5,23.32
16065,ID,MADISON,"Madison County, Idaho",-1249698.49,806650.74,38114,1.0173,42.1,6.2,0.62,6.92,33856,36.8,0.497,4.62,3.4454,35.35,56.54,4.57,91.7,11.84
16067,ID,MINIDOKA,"Minidoka County, Idaho",-1425084.77,732200.78,20331,1.017,14.9,15.3,0.45,33.79,46147,14.9,0.4387,17.29,2.3386,11.89,47.33,16.05,76.7,19.28
16069,ID,NEZ PERCE,"Nez Perce County, Idaho",-1589098.27,1160452.16,39995,0.9825,16.1,19,0.39,3.57,49541,22.2,0.4112,15.9,2.9016,9.73,54.65,1.48,87.7,31.09
16071,ID,ONEIDA,"Oneida County, Idaho",-1349998.58,643701.86,4269,1.0175,11.6,19.3,0,3.79,40564,16.3,0.3811,17.41,0.3184,17.07,67.09,2.37,87,10.73
16073,ID,OWYHEE,"Owyhee County, Idaho",-1633009.31,742958.02,11356,1.0535,13.8,16.5,0.12,26.43,34785,9.7,0.4543,13.63,-0.5587,7.18,47.22,10.08,73.9,16.22
16075,ID,PAYETTE,"Payette County, Idaho",-1645797.31,908764.23,22773,1.0013,13.5,17,0.38,16.67,45670,15.8,0.4429,15.15,3.0731,8.13,52.29,6.09,83.2,18.85
16077,ID,POWER,"Power County, Idaho",-1364476.53,702856.55,7696,1.0446,15,14.5,0.22,32.32,46318,15.3,0.4053,14.83,0.7498,14.25,52.09,11.93,85.5,29.56
16079,ID,SHOSHONE,"Shoshone County, Idaho",-1500667.35,1257420.90,12551,1.0037,12.2,21.5,0.34,3.28,37449,12.8,0.4164,6.33,0.6083,8.57,50.86,1.94,84.7,29.57
16081,ID,TETON,"Teton County, Idaho",-1214417.90,798060.40,10437,1.0618,12,8.1,0.17,17.38,58173,40,0.4304,5.79,2.194,13.06,66.31,9.61,86,49.91
16083,ID,TWIN FALLS,"Twin Falls County, Idaho",-1518039.34,693453.49,80955,0.9726,15.8,14.8,0.64,15.11,45500,18.1,0.4251,10.16,2.789,12.76,50.97,8.05,85,23.92
16085,ID,VALLEY,"Valley County, Idaho",-1535261.41,971498.96,9897,1.0722,9.8,21.4,0.01,1.12,53630,31,0.4631,2.83,0.0417,9.91,66.15,0.53,83.2,39.7
16087,ID,WASHINGTON,"Washington County, Idaho",-1636856.79,957635.06,10035,0.9832,11.3,23.1,0,17.37,37525,15.4,0.4195,8.88,0.9809,8.89,58.26,6.06,81.8,19.12
17001,IL,ADAMS,"Adams County, Illinois",407061.80,289125.02,66949,0.9527,14.5,18.6,3.8,1.43,48065,22.6,0.4318,15.38,3.4087,4.65,61.74,1.49,93.2,25.2
17003,IL,ALEXANDER,"Alexander County, Illinois",585388.51,-14052.33,7051,0.9646,13.2,18.8,33.87,1.8,29071,9,0.4671,10.73,2.4475,3.09,53.04,0.74,87.7,45.76
17005,IL,BOND,"Bond County, Illinois",563670.73,174910.02,17137,1.0399,16.3,16.8,5.28,3.49,52159,18.3,0.4191,15.45,2.8564,7.62,54.86,2.46,94.5,29.73
17007,IL,BOONE,"Boone County, Illinois",587109.74,562420.36,53656,1.0092,14,13.6,2.14,20.54,60063,21.5,0.4342,22.17,4.3013,7.53,58.32,11.59,91.9,42.25
17009,IL,BROWN,"Brown County, Illinois",444253.30,288183.78,6836,1.8295,21.5,13.1,18.46,3.64,52500,14.3,0.4286,6.55,2.156,4.5,41.09,1.9,95.1,20.95
17011,IL,BUREAU,"Bureau County, Illinois",536491.77,455718.36,33822,0.9704,12.4,20,0.7,8.5,51425,18.8,0.4246,15.8,2.7098,7.61,62.81,3.77,92.4,39.38
17013,IL,CALHOUN,"Calhoun County, Illinois",456257.66,199857.42,4962,1.0122,11.5,22.7,0.14,1.05,52949,15,0.4025,13.85,2.0213,4.32,65.59,0.91,96,30.04
17015,IL,CARROLL,"Carroll County, Illinois",498169.35,527711.34,14793,0.9918,11.8,23,1.29,3.4,50052,16.4,0.4195,21.34,2.552,7.58,62.52,2.99,92.4,35.56
17017,IL,CASS,"Cass County, Illinois",486676.86,291968.00,13068,1.0323,13.8,16.3,4.42,18.45,48887,13.8,0.4237,21.69,2.5972,5.6,51.93,10.65,90,33.51
17019,IL,CHAMPAIGN,"Champaign County, Illinois",658097.44,322885.56,206420,0.9982,31.6,11.1,12.58,5.61,48899,43.9,0.5,7.39,4.382,8.87,54.8,11.52,93.3,60.04
17021,IL,CHRISTIAN,"Christian County, Illinois",572017.90,249521.13,33888,1.0397,13.9,18.5,1.55,1.51,47417,15.1,0.4182,11.78,2.9148,5.98,57.89,0.96,93.3,27.46
17023,IL,CLARK,"Clark County, Illinois",700526.93,235793.95,16089,0.9504,13.2,18.7,0.45,1.41,48693,16.5,0.4302,23.13,2.5168,5.41,63.75,1.13,92,25.03
17025,IL,CLAY,"Clay County, Illinois",645865.66,166095.80,13466,0.9733,13.1,18.9,0.62,1.35,45984,14.8,0.4092,23.11,2.4071,4.87,60.77,1.17,92,16.88
17027,IL,CLINTON,"Clinton County, Illinois",566954.62,143643.16,37858,1.0779,14.8,15.9,3.39,3.05,63929,21.2,0.4105,10.93,3.4286,6.1,58.54,1.72,94.8,24.12
17029,IL,COLES,"Coles County, Illinois",661867.79,253533.18,52802,0.9316,27.4,15.1,3.67,2.32,38800,25.3,0.5001,13.96,3.6916,7.09,50.49,2.33,90.7,35.98
17031,IL,COOK,"Cook County, Illinois",673972.48,515209.27,5227575,0.9416,17.8,13,23.89,24.88,56902,36.5,0.5048,10.09,7.6666,4.33,53.42,21.08,87.4,78.05
17033,IL,CRAWFORD,"Crawford County, Illinois",706131.94,199055.83,19441,1.0693,15.1,18.3,4.21,2.13,47364,17.2,0.4552,22.47,2.8285,5.26,55.77,1.57,91.2,24.09
17035,IL,CUMBERLAND,"Cumberland County, Illinois",662565.73,225823.88,10890,1.0103,12.6,18,0.18,1.42,44281,14.8,0.3989,20.85,2.4974,5.93,66.39,0.78,93.8,19.69
17037,IL,DEKALB,"DeKalb County, Illinois",595092.42,514827.02,104458,0.9825,27.4,11.2,6.88,10.69,56076,30.8,0.4311,12.69,4.157,9.27,53.44,6.59,91.7,51.74
17039,IL,DE WITT,"De Witt County, Illinois",598453.37,322109.98,16322,1.0066,12.2,17.9,0.34,2.41,53510,20.4,0.417,14.28,2.7633,7.37,59.1,1.37,93.1,27.34
17041,IL,DOUGLAS,"Douglas County, Illinois",659960.96,281399.83,19770,0.9717,14.3,16.2,0.29,7.08,52984,19.1,0.4254,23.05,2.908,6.39,55.39,3.78,85,25.49
17043,IL,DUPAGE,"DuPage County, Illinois",651712.58,514709.03,930514,0.9625,15.1,13.4,4.71,13.97,81521,47.3,0.4563,12.41,7.0003,7.87,60.23,18.81,92.5,57.87
17045,IL,EDGAR,"Edgar County, Illinois",700757.12,274609.72,17828,0.9596,12.5,20.2,0.45,1.11,46440,18,0.4399,22.51,2.4017,5.53,56.26,0.86,92.6,24.11
17047,IL,EDWARDS,"Edwards County, Illinois",686511.37,131435.84,6612,0.9785,12.4,19.4,0.38,0.92,47035,12,0.4259,22.05,2.4404,4.03,65.66,0.92,92.8,13.51
17049,IL,EFFINGHAM,"Effingham County, Illinois",634639.46,199575.87,34356,1.0037,14.9,16.7,0.44,1.89,52977,22.5,0.4401,16.39,3.3216,5.06,67.26,1.52,93.4,18.44
17051,IL,FAYETTE,"Fayette County, Illinois",598004.28,190088.38,22025,1.127,15.9,16.8,4.47,2.09,44745,13.6,0.4266,14.18,2.4739,4.11,55.51,0.84,88.3,19.79
17053,IL,FORD,"Ford County, Illinois",651882.88,373740.25,13758,0.9725,12,19.6,0.84,2.86,49257,17.4,0.416,13.47,2.3923,7.85,60.45,1.16,92.6,23.99
17055,IL,FRANKLIN,"Franklin County, Illinois",614962.44,78076.57,39503,0.9684,13.6,19.4,0.61,1.53,39507,15.3,0.4443,13,3.619,4.64,60.88,0.93,90.1,26.49
17057,IL,FULTON,"Fulton County, Illinois",486639.82,347967.62,36047,1.0905,14,18.9,3.58,2.72,46183,16.4,0.416,14.96,2.7775,7.42,54.99,2.12,92,41.94
17059,IL,GALLATIN,"Gallatin County, Illinois",677214.81,57132.95,5325,0.893,11.6,22.6,0.32,0.66,41269,11.5,0.4345,7.06,1.8506,3.99,64.84,0.56,93.1,25.28
17061,IL,GREENE,"Greene County, Illinois",478670.74,222171.44,13390,1.0239,13.2,18.4,1.1,1.11,42880,11.2,0.4228,13.43,2.2535,4.21,53.2,0.56,91.6,22.52
17063,IL,GRUNDY,"Grundy County, Illinois",629418.29,449231.93,50338,1.0003,13.9,12.9,1.61,9.11,67162,21.8,0.4064,11.28,3.8393,7.39,62.3,3.88,94.5,37.48
17065,IL,HAMILTON,"Hamilton County, Illinois",647574.87,90603.21,8251,0.9622,12.2,20.2,0.5,0.27,45076,15.7,0.4368,11.17,1.9919,3.79,65.07,0.24,89.7,20.01
17067,IL,HANCOCK,"Hancock County, Illinois",406688.82,335756.17,18633,0.9894,11.9,22.6,0.49,1.36,50077,19.6,0.4005,15.03,2.2043,6.05,61.81,1.06,93.9,24.96
17069,IL,HARDIN,"Hardin County, Illinois",676282.75,29572.74,4173,1.0386,10,17.8,2.76,1.7,39926,11.3,0.472,3.5,2.2056,3.49,62.7,0.72,89.9,20.26
17071,IL,HENDERSON,"Henderson County, Illinois",424346.53,383138.92,6966,0.9628,11.6,23.3,0.1,1.45,46216,13.3,0.4194,16.81,1.9599,5.91,62.5,1.15,92.7,34.89
17073,IL,HENRY,"Henry County, Illinois",486939.22,446767.28,49681,0.9881,12.7,18.5,1.83,5.45,54757,21.3,0.4205,18.91,3.1488,7.25,64.34,2.73,94.1,38.81
17075,IL,IROQUOIS,"Iroquois County, Illinois",683801.26,393306.88,28814,0.9506,12.4,20.5,1.25,6.34,47823,14.6,0.4301,13.37,2.2983,6.2,58.28,3.17,91.8,20.43
17077,IL,JACKSON,"Jackson County, Illinois",576846.47,52044.94,59188,1.006,31,13.1,14.38,4.16,33845,35.9,0.5375,7.74,3.6668,8.69,50.78,5.97,91.9,51.76
17079,IL,JASPER,"Jasper County, Illinois",672360.01,197012.52,9592,0.9917,12.2,17.9,0.67,1.28,56305,18.3,0.3814,14.5,2.0135,4.61,69.63,0.93,93.3,18.86
17081,IL,JEFFERSON,"Jefferson County, Illinois",612406.29,112525.35,38523,1.0479,14.5,17.8,8.31,2.33,43467,16.4,0.4496,15.07,3.2597,5.17,56.5,1.71,91.7,27.45
17083,IL,JERSEY,"Jersey County, Illinois",483347.64,192081.07,22441,0.9627,15.1,17.6,0.29,1.27,52738,18.4,0.4125,13.74,3.1554,5.13,62.31,1.27,92.1,25.69
17085,IL,JO DAVIESS,"Jo Daviess County, Illinois",473342.74,559447.83,22186,1.0131,11.2,24.4,0.4,2.94,54702,24.1,0.4259,14.72,2.6571,6.63,63.62,2.93,93.5,42.16
17087,IL,JOHNSON,"Johnson County, Illinois",623178.54,18823.14,12866,1.3207,15.9,19,9.68,3.39,44179,16.7,0.4275,6.7,2.6703,4.89,57.71,1.24,92.4,19.72
17089,IL,KANE,"Kane County, Illinois",622752.79,522085.80,526615,0.9893,14.7,11.7,5.61,31.35,71602,32.1,0.4417,17.1,5.9684,6.48,51.92,18.28,88.8,55.61
17091,IL,KANKAKEE,"Kankakee County, Illinois",676923.52,436631.67,111493,0.9648,16.5,15,15.17,9.84,54697,19,0.4194,14.74,4.153,6.78,55.9,5.19,91.5,43.02
17093,IL,KENDALL,"Kendall County, Illinois",625839.25,483249.42,121452,0.9781,13.4,8.8,6.53,16.97,85736,34.3,0.3532,13.26,4.9864,6.74,62.69,8.96,95.1,49.92
17095,IL,KNOX,"Knox County, Illinois",483035.66,399260.10,51752,1.0238,15.9,19.6,8.5,5.37,40605,18.1,0.4467,11.34,3.3283,6.4,53.66,2.84,91.3,48.43
17097,IL,LAKE,"Lake County, Illinois",654018.01,567811.03,702890,0.9968,15.5,12.2,6.84,20.86,79886,43.7,0.4844,16.25,6.4158,7.47,57.96,18.41,91,60.92
17099,IL,LASALLE,"LaSalle County, Illinois",590187.26,452777.91,111935,1.0083,14.2,17.5,2.44,9.05,51684,17,0.4253,14.37,3.6395,7.06,56.97,3.31,92.1,42.27
17101,IL,LAWRENCE,"Lawrence County, Illinois",711690.24,167731.94,16582,1.2724,17,16.7,16.32,4.86,42650,10.1,0.4044,13.63,2.845,4.64,45.37,2.66,91.3,22.2
17103,IL,LEE,"Lee County, Illinois",552692.34,495224.68,34718,1.1203,14.2,17.5,5.09,5.73,55067,17.7,0.4332,17.63,2.9174,8.71,55.91,2.72,92.9,39.09
17105,IL,LIVINGSTON,"Livingston County, Illinois",621344.03,404393.06,37278,1.0335,14.4,17.3,4.4,4.3,54074,15.2,0.4328,18.77,2.6235,6.8,52.38,1.79,93.5,28.27
17107,IL,LOGAN,"Logan County, Illinois",559834.31,313678.20,29820,1.0338,17.9,17,10.25,3.34,52676,18.4,0.4114,12.78,2.9247,7.31,51.15,1.71,94,28.82
17109,IL,MCDONOUGH,"McDonough County, Illinois",447274.23,343818.56,31727,0.9757,32.4,15.1,5.39,2.67,41484,33.5,0.4807,9.84,3.0342,7.71,49.48,3.98,92.9,43.76
17111,IL,MCHENRY,"McHenry County, Illinois",617385.76,564935.57,307083,0.9926,13.7,12.2,1.3,12.29,79836,33.2,0.4004,16.08,5.2809,6.59,61.55,9.25,93,45.92
17113,IL,MCLEAN,"McLean County, Illinois",600565.55,357789.84,173254,0.9484,24.4,11.4,8.22,4.68,63420,44.5,0.4497,6.46,4.0348,8.02,59.08,6.7,94.6,49.29
17115,IL,MACON,"Macon County, Illinois",596222.60,286577.75,108404,0.9204,15.3,17.8,14.13,2.11,47477,22.8,0.466,17.87,4.2778,5.93,57.13,2.27,92.7,40.57
17117,IL,MACOUPIN,"Macoupin County, Illinois",519073.51,213946.52,46482,0.9743,13.4,18.7,0.55,1.05,52337,18.2,0.4158,11.98,3.0348,6.03,61.44,0.62,92.7,31.84
17119,IL,MADISON,"Madison County, Illinois",523820.39,165856.43,266759,0.9567,15.9,15.6,8.25,3.05,54573,25.7,0.4396,13.19,4.9691,6.99,62.73,2.29,93.4,41.78
17121,IL,MARION,"Marion County, Illinois",609926.58,151574.17,38503,0.9566,13.9,18.4,3.52,1.78,43427,15,0.428,18.91,3.257,4.95,57.52,1.35,91.1,26.92
17123,IL,MARSHALL,"Marshall County, Illinois",554632.61,415353.62,12060,0.9927,12.4,22.1,0.36,3.07,54189,16.1,0.4022,21.8,2.4881,6.85,62.26,1.64,94.7,32.1
17125,IL,MASON,"Mason County, Illinois",512692.81,323455.66,13931,0.9873,11.8,20.5,0.75,1,43125,14.3,0.4312,11.63,2.3001,6.38,59.08,1.02,93.1,33.17
17127,IL,MASSAC,"Massac County, Illinois",640392.07,-6911.03,14883,0.9013,12.1,20.5,6.42,2.56,42706,13.3,0.451,7.02,3.1873,4.17,57.57,1.01,92.3,24.33
17129,IL,MENARD,"Menard County, Illinois",523899.93,300348.93,12576,0.9546,12,18.1,0.69,1.38,60420,23.9,0.4349,5.31,2.7371,7.17,67.02,0.69,95.5,30.04
17131,IL,MERCER,"Mercer County, Illinois",437303.97,427301.63,15971,0.983,11.9,20.3,0.54,2.1,55750,17.5,0.3994,16.21,2.3968,7.59,68.35,1.25,96,38.98
17133,IL,MONROE,"Monroe County, Illinois",504236.08,102704.22,33703,0.9631,12,16,0.29,1.47,72956,29.8,0.4133,10.5,3.5204,6.15,74.58,1.54,95.8,30.47
17135,IL,MONTGOMERY,"Montgomery County, Illinois",557316.92,213132.34,29301,1.094,14.5,18.5,8.01,1.7,45173,13.9,0.4421,9.21,2.7774,6.5,55.43,1,94.1,28.88
17137,IL,MORGAN,"Morgan County, Illinois",492343.10,263337.12,34801,1.0128,17.4,18.5,5.94,2.28,47760,20.6,0.4343,10.82,3.1622,6.95,53.03,2.08,93.1,34.1
17139,IL,MOULTRIE,"Moultrie County, Illinois",627069.02,264364.46,14915,0.9448,13.1,18.9,0.36,1.14,51432,17.1,0.4005,25.4,2.8415,5.52,55.87,0.95,87,24.95
17141,IL,OGLE,"Ogle County, Illinois",548702.43,528193.21,52034,0.9936,13.1,17.1,1.04,9.59,55832,19.8,0.4152,18.22,3.2766,7.4,60.46,5.53,93.1,35.93
17143,IL,PEORIA,"Peoria County, Illinois",521870.18,385594.23,186818,0.9411,16.7,15,17.41,4.47,51632,29.8,0.4662,15.63,4.7578,6.13,55.22,5.42,92.5,51.65
17145,IL,PERRY,"Perry County, Illinois",575826.03,85530.81,21595,1.182,16.3,17.2,8.44,2.95,43308,13.4,0.4669,16.42,2.9378,5.44,56.68,1.15,94,26.42
17147,IL,PIATT,"Piatt County, Illinois",626231.26,305747.69,16469,0.9785,12,18.2,0.39,1.26,69160,29.9,0.3966,13.35,2.6727,8.09,70.67,1.09,95.7,31.95
17149,IL,PIKE,"Pike County, Illinois",434808.33,249586.01,16054,0.993,13.8,19.8,1.3,1.26,40157,15.3,0.4184,10.29,2.0089,4.82,60.29,0.65,90.7,19.72
17151,IL,POPE,"Pope County, Illinois",651500.41,15706.08,4255,1.119,11.1,26.2,4.84,1.97,39243,13.7,0.4138,10.67,1.494,4.15,60.95,1.01,93.7,18.27
17153,IL,PULASKI,"Pulaski County, Illinois",603626.27,-9219.40,5792,0.9614,12.7,20.2,31.22,1.95,32538,11,0.4569,7.21,2.4183,3.58,60.93,1.23,92.5,36.48
17155,IL,PUTNAM,"Putnam County, Illinois",558173.03,434820.54,5746,1.0275,12.1,20.1,0.35,4.99,64085,14.4,0.4136,17.4,2.6284,6.33,67.85,2.58,93,39.36
17157,IL,RANDOLPH,"Randolph County, Illinois",536329.18,79306.20,32934,1.2209,13.8,17.2,10.49,2.99,48343,13,0.4205,19.87,3.0954,5.16,53.41,1.28,93.3,25.55
17159,IL,RICHLAND,"Richland County, Illinois",681010.26,164258.70,16072,0.9698,13.2,19.8,0.57,1.52,45597,20.6,0.4289,16.45,2.847,4.7,61.85,1.35,93.3,21.63
17161,IL,ROCK ISLAND,"Rock Island County, Illinois",450033.19,457391.31,146536,0.9694,15.2,17.5,9.6,12.35,50208,22,0.4351,18.55,4.8855,7.34,56.28,7.93,91.9,54.47
17163,IL,ST. CLAIR,"St. Clair County, Illinois",524404.23,125499.41,265569,0.9326,15.6,13.8,29.9,3.77,50006,26.1,0.4782,8.7,5.0491,4.95,59.82,2.65,90.8,53.01
17165,IL,SALINE,"Saline County, Illinois",650314.20,53903.95,24659,0.9563,14.6,19.1,3.37,1.64,40290,16,0.4621,7.74,3.2215,4.71,59.04,1.28,91.5,23.71
17167,IL,SANGAMON,"Sangamon County, Illinois",537995.48,271042.02,198639,0.9246,14.8,15.6,12.66,2.12,56742,34.3,0.4565,5.12,4.4811,7.65,64.23,3.05,94,45.03
17169,IL,SCHUYLER,"Schuyler County, Illinois",454447.25,310779.37,7205,1.1754,11.5,19.6,4.84,0.29,48396,18.9,0.3976,14.02,1.8503,5.98,65.35,0.94,83.2,29.87
17171,IL,SCOTT,"Scott County, Illinois",469625.04,253964.21,5169,0.9535,11.7,19,0,1.16,46210,12.1,0.4508,9.74,2.0737,4.1,65.19,0.5,92.3,21.39
17173,IL,SHELBY,"Shelby County, Illinois",613396.79,235180.81,22011,0.9864,12.6,20.4,0.65,0.96,48572,15.2,0.3889,17.95,2.4163,4.48,63.88,0.42,93.4,21.76
17175,IL,STARK,"Stark County, Illinois",516508.00,419510.95,5840,0.9783,11.5,24.2,0.72,1.27,52058,16.7,0.4421,15.22,2.0576,7.8,59.53,0.58,92.1,29.7
17177,IL,STEPHENSON,"Stephenson County, Illinois",518366.55,560748.43,46283,0.9365,12.9,20.6,9.31,3.43,45624,17.9,0.4265,19.75,3.4548,7.33,56.13,2.02,93.1,41.21
17179,IL,TAZEWELL,"Tazewell County, Illinois",544602.96,355632.95,135400,0.9747,13.2,17,1.2,2.21,60178,25,0.4164,17.54,4.3922,7.78,61.85,1.84,94.6,34.83
17181,IL,UNION,"Union County, Illinois",590391.69,17734.89,17458,1.0171,13.6,19.5,0.71,4.94,45464,21.3,0.445,9.25,2.7913,4.04,61.74,2.64,91.5,29.32
17183,IL,VERMILION,"Vermilion County, Illinois",696923.91,331032.24,79613,0.9863,14.3,17.4,13.75,4.7,43552,14,0.4349,16.52,3.5327,4.72,50.52,2.2,91.4,34.47
17185,IL,WABASH,"Wabash County, Illinois",704214.20,136259.17,11587,0.9513,14.4,18.9,1.01,1.73,46871,17.2,0.4268,20.17,2.9977,4.87,60.38,2.67,92.4,22.14
17187,IL,WARREN,"Warren County, Illinois",450064.89,388007.33,17611,0.9304,17.2,18.3,2.8,9.06,44067,21.9,0.4274,14.95,2.5286,6.98,56.98,6.14,93.9,41.13
17189,IL,WASHINGTON,"Washington County, Illinois",569970.30,115281.28,14369,1.0193,13.2,18.5,0.8,1.45,54936,20.9,0.4241,15.15,2.2887,5.49,65.59,1.04,94.2,20.63
17191,IL,WAYNE,"Wayne County, Illinois",654298.66,130271.94,16517,0.9819,12.7,19.9,0.67,0.76,46903,14,0.4209,22.78,2.1899,2.98,64.62,0.94,91.8,13.08
17193,IL,WHITE,"White County, Illinois",678658.42,93766.80,14410,0.9513,12.4,21.8,0.33,1.3,43678,13.7,0.4502,12.07,2.4199,3.86,65.09,1.17,91.6,20.02
17195,IL,WHITESIDE,"Whiteside County, Illinois",502065.56,492934.83,57155,0.969,13.3,18.9,1.99,11.67,49151,17.3,0.4185,20.52,3.4735,7.55,57.9,2.9,92.8,46.66
17197,IL,WILL,"Will County, Illinois",664361.82,470070.96,685378,0.9869,14.5,11.2,11.16,16.51,77507,33.5,0.4097,11.37,5.7563,5.4,59.9,11.75,92.8,53.37
17199,IL,WILLIAMSON,"Williamson County, Illinois",616644.57,48752.49,67336,0.9933,14.3,17.5,4.33,2.42,45902,22.1,0.4456,9.3,4.1251,5.34,60.57,2.03,91.8,28.46
17201,IL,WINNEBAGO,"Winnebago County, Illinois",559446.68,561863.60,288896,0.9561,14.8,15.6,12.5,11.92,49468,22.4,0.449,22.38,5.3811,5.95,53.84,7.83,91.6,50.04
17203,IL,WOODFORD,"Woodford County, Illinois",567702.71,388774.01,39123,0.9864,13.4,16.3,0.55,1.7,68040,30.4,0.4162,16.65,3.3541,7.88,67.7,1.09,95.6,27.83
18001,IN,ADAMS,"Adams County, Indiana",924399.34,417572.66,34813,0.9846,13.9,14.5,0.71,4.4,47572,15.6,0.4281,30.21,3.68,4.87,54.89,0.9,78.6,22.52
18003,IN,ALLEN,"Allen County, Indiana",909148.84,454728.36,365565,0.9524,16.2,13.1,11.54,7.06,49574,27.4,0.4509,18.48,5.3694,5.32,54.61,6.37,87.8,39.75
18005,IN,BARTHOLOMEW,"Bartholomew County, Indiana",862720.80,237099.99,80203,0.9979,15.5,15,1.9,6.33,55874,29.7,0.4285,33.93,4.3321,6.18,53.44,9.81,89.3,32.29
18007,IN,BENTON,"Benton County, Indiana",728066.48,381413.88,8709,0.9938,13,16.3,0.92,5.16,48069,17.1,0.3792,18.79,2.1131,6.19,56.35,2.01,86.8,25.01
18009,IN,BLACKFORD,"Blackford County, Indiana",895515.16,383601.89,12364,0.9849,13.4,19.8,0.61,1.42,38791,11,0.4147,30.21,3.3645,5.08,50.05,1.21,86.6,27.06
18011,IN,BOONE,"Boone County, Indiana",804641.75,326266.01,61884,0.9778,12.5,12.7,1.3,2.59,72774,44.5,0.4816,14.5,4.0342,7.28,71.23,3.6,92.7,34.12
18013,IN,BROWN,"Brown County, Indiana",834775.88,233069.06,14965,0.9967,10.6,21,0.27,1.54,56323,23.5,0.4503,18.5,2.9189,5.17,66.12,1.28,88.3,33.42
18015,IN,CARROLL,"Carroll County, Indiana",790762.69,384772.58,20007,0.9911,12.5,17.8,0.45,3.94,54140,17.4,0.391,27.14,3.0327,5.53,56.32,2.75,88.2,23.17
18017,IN,CASS,"Cass County, Indiana",806901.99,406512.02,38324,1.0068,14,16.2,1.47,14.07,43918,13.9,0.4249,28.79,3.5808,5.27,48.78,8.76,87.6,27.93
18019,IN,CLARK,"Clark County, Indiana",887732.78,157656.68,113993,0.9486,15,14.2,6.95,5.12,51844,20.2,0.4108,16.36,4.7711,4.5,58.35,3.2,88.2,38.51
18021,IN,CLAY,"Clay County, Indiana",757063.13,247539.23,26568,0.9557,14.2,16.4,0.24,1.29,49735,16.9,0.406,20.34,3.3565,3.94,55.44,0.32,90,21.28
18023,IN,CLINTON,"Clinton County, Indiana",801288.89,354180.08,32692,0.9761,13.9,15.7,1.09,14.72,50096,14.9,0.3974,30.21,3.4392,4.91,49.47,6.91,87.8,24.84
18025,IN,CRAWFORD,"Crawford County, Indiana",825841.57,130329.68,10582,1.0257,12.8,17.3,0.18,1.46,41173,9.8,0.3955,23.9,2.5929,5.55,56.01,0.25,91.7,30.5
18027,IN,DAVIESS,"Daviess County, Indiana",768037.07,170861.76,32583,1.0163,15.5,14.5,1.79,4.63,47939,14,0.4202,21.73,3.3773,3.93,46.68,2.34,77.4,17.4
18029,IN,DEARBORN,"Dearborn County, Indiana",942098.32,239107.12,49552,0.9995,13.4,15.1,0.84,1.18,60834,20,0.4059,17.05,4.1387,4.13,63.03,1.19,91.6,21.23
18031,IN,DECATUR,"Decatur County, Indiana",895192.73,252024.78,26340,0.9794,13.8,15.7,0.57,1.85,51185,18.2,0.3806,32.95,3.3068,4.64,56.25,1.5,88.8,19.99
18033,IN,DEKALB,"DeKalb County, Indiana",910771.89,489483.89,42489,0.9904,14.3,14.7,0.36,2.69,50398,17.4,0.4212,33.49,3.8114,5.36,53.11,1.31,88.6,24.64
18035,IN,DELAWARE,"Delaware County, Indiana",892564.39,355522.72,116463,0.9263,25.7,16,6.12,2.13,39537,23.3,0.4583,11.66,4.7421,6,47.89,2.02,88.8,42.8
18037,IN,DUBOIS,"Dubois County, Indiana",788154.62,134710.19,42345,1.001,13.3,16,0.42,6.69,55154,19.7,0.4174,34.3,3.6445,6.15,62.51,4.53,93.3,28.74
18039,IN,ELKHART,"Elkhart County, Indiana",837499.60,503797.68,201640,0.9788,15.2,13.3,5.6,15,49692,18.3,0.416,36.25,5.1245,4.61,45.21,8.34,81.6,33.13
18041,IN,FAYETTE,"Fayette County, Indiana",918330.45,292190.69,23608,0.9733,13.1,18.5,2.45,0.98,40851,10.7,0.4405,23.13,3.747,4.61,52.09,0.67,85.4,24.77
18043,IN,FLOYD,"Floyd County, Indiana",872471.12,138169.19,76290,0.9376,14.6,14.5,5.16,2.98,57494,26.9,0.4495,16.61,5.2935,5.47,63.88,2.51,91,39.42
18045,IN,FOUNTAIN,"Fountain County, Indiana",738827.42,327791.85,16741,1.0092,13.1,18.9,0.4,2.36,45924,14.5,0.438,31.29,2.7934,4.73,57.97,1.55,90.6,20.68
18047,IN,FRANKLIN,"Franklin County, Indiana",931246.84,268283.75,22887,1.0022,12.6,15.8,0.33,1.09,52128,19.1,0.4067,21.84,3.1349,3.41,63.65,1.11,91.6,18.51
18049,IN,FULTON,"Fulton County, Indiana",810488.40,439018.24,20412,0.9773,12.8,17.7,0.9,4.87,46310,13.7,0.43,33.42,3.0631,4.82,54.05,2.88,87.8,24.59
18051,IN,GIBSON,"Gibson County, Indiana",727932.20,123247.96,33684,1.0005,14.3,16.4,1.82,1.43,49669,15.6,0.4213,26.26,3.2838,4.4,60.09,0.85,90,25.14
18053,IN,GRANT,"Grant County, Indiana",867439.63,385234.32,68269,0.9207,18.7,17.7,7.06,4.06,40272,16.7,0.4149,16.41,4.1535,5.11,46.87,1.55,88.3,29.19
18055,IN,GREENE,"Greene County, Indiana",773917.61,209030.84,32633,0.9879,12.9,18.1,0.32,1.24,45153,14.3,0.4282,13.61,3.1452,4.31,54.64,0.53,87.8,22.18
18057,IN,HAMILTON,"Hamilton County, Indiana",839438.97,332282.14,303042,0.9553,12.3,10.5,3.56,3.75,87782,56.3,0.4353,11.98,5.6929,6.22,71.29,7.49,94,39.58
18059,IN,HANCOCK,"Hancock County, Indiana",865866.61,307051.27,71955,0.9556,13.4,14.8,2.03,2.08,68449,29,0.3842,13.36,4.5085,6.09,66.51,1.83,91.4,26.21
18061,IN,HARRISON,"Harrison County, Indiana",856300.63,122499.66,39370,0.9993,13,16.1,0.09,1.67,52926,16.9,0.4011,18.34,3.446,4.48,61.06,1.16,91.4,26.98
18063,IN,HENDRICKS,"Hendricks County, Indiana",804312.04,294550.02,155817,0.9968,13.5,12.4,6.15,3.53,73042,34.7,0.3723,12.84,4.9962,6.12,65.53,4.66,92.5,31.86
18065,IN,HENRY,"Henry County, Indiana",896301.85,322516.76,48953,1.0861,14,18,2.03,1.6,44509,15.7,0.4402,21.6,3.876,5.64,52.12,0.75,87.8,26.94
18067,IN,HOWARD,"Howard County, Indiana",829196.97,377532.15,82728,0.9362,13.8,17.9,7.08,3.05,45928,19.5,0.4446,24.84,4.6915,5.3,57.76,2.08,89.3,32.14
18069,IN,HUNTINGTON,"Huntington County, Indiana",877477.00,421646.14,36696,0.9669,16.2,15.9,0.86,2.05,47042,18.9,0.3912,27.08,3.6117,5.54,56.19,1.58,89.5,23.13
18071,IN,JACKSON,"Jackson County, Indiana",854334.04,202455.36,43637,0.9868,13.7,15.3,0.55,6.13,48546,16.2,0.4097,31.87,3.4989,4.96,53.27,5.05,89,23.01
18073,IN,JASPER,"Jasper County, Indiana",739983.29,429361.10,33461,0.9794,14.5,15.6,0.91,5.91,55485,16.5,0.3755,18.12,3.1392,4.99,52.88,2.46,91.3,26.19
18075,IN,JAY,"Jay County, Indiana",922627.78,382682.52,21196,0.9637,13.8,16.6,0.37,2.97,42322,10.9,0.4074,35.22,3.0595,5.01,50.91,1.23,87.9,24.9
18077,IN,JEFFERSON,"Jefferson County, Indiana",906986.16,194560.17,32482,0.9063,16.3,16,1.93,2.46,47065,17,0.4002,29.79,3.5489,4.96,53.12,1.51,89.2,33.61
18079,IN,JENNINGS,"Jennings County, Indiana",888199.09,216288.00,28023,1.0165,14.2,14.8,1.33,2.26,47236,9.6,0.3929,29.47,3.358,5.04,52.56,0.91,88.6,22.33
18081,IN,JOHNSON,"Johnson County, Indiana",842057.03,266921.41,147567,0.9665,14.8,13.7,2.12,3.33,63023,29.5,0.4149,15.57,5.1807,5.6,60.41,4.32,90.7,27.59
18083,IN,KNOX,"Knox County, Indiana",738469.70,166615.88,37956,1.0339,19.2,16.6,3.01,1.74,44624,15.2,0.4242,14.7,3.3464,4.3,51.88,1.33,88.9,25.4
18085,IN,KOSCIUSKO,"Kosciusko County, Indiana",841547.20,464451.44,78461,0.9829,15.9,14.9,0.93,7.73,54482,21.2,0.4231,39.53,4.0431,5.72,54.16,4.25,87.6,20.87
18087,IN,LAGRANGE,"LaGrange County, Indiana",872488.88,512727.92,38395,1.0276,15.1,12.6,0.22,3.9,53947,11.2,0.4165,48.26,3.6648,4.82,37.52,1.62,59.7,22.84
18089,IN,LAKE,"Lake County, Indiana",713902.63,471258.95,489698,0.9372,14.9,14.6,24.65,18.04,50905,20.9,0.4483,15.22,5.9375,4.3,54.42,6.72,88.2,60.73
18091,IN,LAPORTE,"LaPorte County, Indiana",765515.60,490628.40,110993,1.0703,14.9,15.7,10.96,6.08,48165,17.6,0.4392,22.26,4.2714,6.01,52.28,3.11,89.5,46.6
18093,IN,LAWRENCE,"Lawrence County, Indiana",816953.40,191253.48,45696,0.9806,13.1,18,0.35,1.52,46044,14.3,0.4116,17.5,3.6707,4.74,54.01,1.51,87.9,23.07
18095,IN,MADISON,"Madison County, Indiana",866326.22,345181.97,129862,1.0014,15,16.9,7.85,3.71,44795,17.4,0.4258,14.57,4.7091,5.45,53.29,1.84,88.3,36.48
18097,IN,MARION,"Marion County, Indiana",835545.29,299116.25,932142,0.929,18.5,11.3,27.34,9.83,43369,29,0.4826,10.62,6.8112,5.27,51.76,8.68,86.1,62.02
18099,IN,MARSHALL,"Marshall County, Indiana",807455.84,469973.23,46833,0.9869,13.7,16.2,0.6,9.31,49725,18.5,0.42,31.58,3.7077,5.51,51.82,4.49,84.9,28.08
18101,IN,MARTIN,"Martin County, Indiana",791045.53,173686.50,10218,1.002,12.7,17.1,0.41,0.22,47457,11.4,0.4168,14.6,2.4639,4.8,60.88,0.53,88.9,19.24
18103,IN,MIAMI,"Miami County, Indiana",831868.97,409972.66,36093,1.1353,15.9,15.9,5,2.78,45646,11.9,0.4252,23.84,3.6184,5.5,47.83,1.04,90,21.71
18105,IN,MONROE,"Monroe County, Indiana",809993.91,226568.36,143292,0.99,36,11.3,3.09,3.26,43389,45.1,0.5117,9.43,4.9433,6.24,48.56,8.08,90.2,62.43
18107,IN,MONTGOMERY,"Montgomery County, Indiana",769021.46,321580.41,38108,1.0234,15.3,16.8,0.89,4.59,50253,16.8,0.3926,28.61,3.3727,4.85,51.72,2.88,88.3,23.31
18109,IN,MORGAN,"Morgan County, Indiana",812934.20,262989.32,69504,0.9797,13.5,15,0.37,1.41,57521,15.5,0.3996,15.09,4.1961,5.01,58.91,1.22,90,20.33
18111,IN,NEWTON,"Newton County, Indiana",717287.91,419721.19,14022,1.0184,13.5,17.5,0.34,5.91,50058,10.5,0.3942,20.93,2.6009,5.42,53.05,2.8,87.2,25.62
18113,IN,NOBLE,"Noble County, Indiana",876264.24,485667.60,47587,1.0038,14.2,14.4,0.36,9.99,49657,14.1,0.4087,38.41,3.8005,4.67,47.77,4.43,88.2,24.25
18115,IN,OHIO,"Ohio County, Indiana",945334.68,217471.56,6003,1.001,11.7,19.4,2.32,0.62,54653,13.8,0.3554,19.67,3.2924,4.01,61.21,0.33,91.5,24.47
18117,IN,ORANGE,"Orange County, Indiana",819312.46,157765.96,19579,0.9811,13.3,17.4,1.28,1.33,41438,11.9,0.4264,21.95,2.9431,4.16,55.05,1.26,89,26.09
18119,IN,OWEN,"Owen County, Indiana",781548.39,240882.32,21038,1.0282,12.8,17.3,0.64,1.17,45388,12,0.4009,22.99,3.0484,5.35,51.81,1.27,87.3,24.03
18121,IN,PARKE,"Parke County, Indiana",745425.31,289328.36,17033,0.9044,14.7,17.1,1.91,1.43,42664,11.8,0.4579,20.93,2.6939,4.22,49.1,0.99,85.2,22.86
18123,IN,PERRY,"Perry County, Indiana",812122.87,104988.67,19301,1.1481,14.9,16.7,3.09,1.23,47396,13.4,0.4044,34.57,2.9716,5.43,52.83,0.91,90.9,40.19
18125,IN,PIKE,"Pike County, Indiana",757445.86,135696.79,12554,1,12.1,18.7,0.8,0.45,48076,12.6,0.3853,22.66,2.6743,4.72,61.59,1.38,91.6,22.77
18127,IN,PORTER,"Porter County, Indiana",739447.85,478520.16,167016,0.9742,15.3,14.4,3.54,9.38,64874,26.1,0.4214,18.25,5.0386,6.07,60.02,3.96,91.3,46.44
18129,IN,POSEY,"Posey County, Indiana",706217.57,88704.61,25527,1.0016,13.5,16.4,1.35,1.07,59918,20.6,0.4335,21.38,3.1807,4.35,63.18,0.56,94.5,29.53
18131,IN,PULASKI,"Pulaski County, Indiana",774433.73,434818.12,12910,1.028,12.8,18.1,0.35,2.79,44884,10.7,0.4321,28.47,2.4419,5.09,55.06,0.81,89.1,25.61
18133,IN,PUTNAM,"Putnam County, Indiana",777122.09,280241.15,37626,1.1106,20.6,15.1,3.56,2.62,52465,15,0.4039,17.52,3.4089,4.91,48.46,1.69,89.7,23.98
18135,IN,RANDOLPH,"Randolph County, Indiana",925773.42,351424.25,25403,0.9455,12.9,18.6,0.93,3.22,42418,13.1,0.4328,25.03,3.0764,4.73,54.03,1.52,86.1,24.55
18137,IN,RIPLEY,"Ripley County, Indiana",918035.46,231626.28,28633,0.9754,13.4,17.1,0.39,1.75,52372,17.4,0.3773,23.43,3.2094,4.16,58.87,1.67,91.9,20.13
18139,IN,RUSH,"Rush County, Indiana",894323.52,287213.44,16873,0.9617,13.6,17.4,1.23,1.43,46380,14,0.4395,25.76,2.7702,5.5,55.6,1.06,85.5,22.37
18141,IN,ST. JOSEPH,"St. Joseph County, Indiana",801800.52,502228.63,267696,0.942,17.7,14.3,12.94,8.14,46174,28.2,0.4645,17.43,5.4193,5.26,54.17,6.31,88.8,50.11
18143,IN,SCOTT,"Scott County, Indiana",881780.34,180434.14,23734,0.9677,14.2,15.9,0.25,1.85,46368,13,0.4075,29.66,3.8739,4.23,49.74,1.37,90.7,30.31
18145,IN,SHELBY,"Shelby County, Indiana",867918.73,273467.92,44404,0.9742,13.8,15.5,1.29,3.93,52651,16.6,0.4005,25.93,3.7304,5.72,52.83,2.16,87.7,25.03
18147,IN,SPENCER,"Spencer County, Indiana",780825.61,94589.02,20777,1.0276,12.5,17.8,0.64,2.77,54870,15.3,0.3933,23.64,3.0065,5.47,62.13,1.23,91.6,30.33
18149,IN,STARKE,"Starke County, Indiana",776040.26,461871.49,23069,0.9704,13.7,16.8,0.42,3.45,43401,11.6,0.4139,28.67,3.3608,4.01,52.01,1.65,90.5,28.11
18151,IN,STEUBEN,"Steuben County, Indiana",907440.58,516852.85,34279,1.031,16.1,17.2,0.25,3.36,50418,19.9,0.4094,27.4,3.758,4.73,53.92,2.17,88.6,26.98
18153,IN,SULLIVAN,"Sullivan County, Indiana",734730.96,211277.93,21026,1.1672,14.9,16.3,4.53,1.66,43786,12.7,0.4223,17.15,2.899,3.6,51.33,0.8,86.2,25.61
18155,IN,SWITZERLAND,"Switzerland County, Indiana",940801.23,202969.19,10484,1.076,12.6,16.9,0.61,1.79,43456,8.3,0.404,15.87,2.9093,5.7,46.98,1.22,85.8,26.66
18157,IN,TIPPECANOE,"Tippecanoe County, Indiana",765225.73,360409.18,183397,1.0463,32.2,10.2,4.68,7.98,47406,35.3,0.4711,16.84,4.9535,7.14,42.99,11.01,89.2,47
18159,IN,TIPTON,"Tipton County, Indiana",836656.83,358905.35,15447,0.9713,12.4,19.3,0.17,2.48,54023,21.1,0.3913,24.4,3.1308,4.45,62.09,1.42,90.4,22.12
18161,IN,UNION,"Union County, Indiana",939942.81,293064.73,7251,1.0147,13.1,17.3,0.17,0.01,45104,18.6,0.3894,12.97,2.8544,3.98,59.1,0.33,88.3,22.63
18163,IN,VANDERBURGH,"Vanderburgh County, Indiana",730667.74,91227.63,181692,0.9374,18.2,15.3,9,2.48,43311,24.9,0.4675,16.33,5.7045,4.8,51.1,2.65,89.3,41.33
18165,IN,VERMILLION,"Vermillion County, Indiana",722845.24,296259.73,15752,0.9665,12.7,18.7,0.37,1.1,44409,13,0.4077,22.91,3.1645,4.97,56.69,0.65,89.6,31.56
18167,IN,VIGO,"Vigo County, Indiana",733379.28,249622.79,108099,1.0337,21.6,14.7,5.86,2.51,41221,23.2,0.4624,15.59,4.639,4.9,46.51,3.4,88.3,42.07
18169,IN,WABASH,"Wabash County, Indiana",851849.30,420688.81,32177,0.9618,15.3,19.4,0.84,2.42,47473,18.3,0.4003,24.52,3.4053,4.67,53.39,1.2,90.1,23.51
18171,IN,WARREN,"Warren County, Indiana",727155.91,352157.59,8309,0.9831,12,19.3,0.69,1.36,58623,19.6,0.3748,26.45,2.1744,4.91,60.33,0.42,93.8,22.45
18173,IN,WARRICK,"Warrick County, Indiana",757142.69,101165.04,61427,0.9766,12.3,16.1,1.53,1.71,61542,28,0.4303,16.38,4.1212,4.7,63.89,2.72,92.6,32.22
18175,IN,WASHINGTON,"Washington County, Indiana",852108.99,167680.55,27792,0.9839,13.5,15.5,0.05,1.28,44883,12.7,0.4211,25.14,3.0392,4.72,53.68,0.47,88.3,24.31
18177,IN,WAYNE,"Wayne County, Indiana",929698.65,318808.07,67423,0.9351,14.8,17.9,5,2.77,39691,17.1,0.4684,20.09,4.1713,4.8,48.76,2.23,85.1,34.18
18179,IN,WELLS,"Wells County, Indiana",900928.04,413010.33,27836,0.9776,13.6,17.4,0.72,2.59,51568,17.4,0.3879,24.04,3.3741,4.51,62.82,1.6,91.1,20.54
18181,IN,WHITE,"White County, Indiana",763724.49,400905.90,24265,0.9883,12.8,18.6,0.46,7.55,51547,15.7,0.4104,25.29,2.9203,5.67,54.09,4.31,90.2,27.31
18183,IN,WHITLEY,"Whitley County, Indiana",872235.14,456015.69,33354,0.998,13.5,16.2,0.39,1.84,54837,18.3,0.3888,28.46,3.6475,5.67,61.15,0.93,91.6,22.93
19001,IA,ADAIR,"Adair County, Iowa",126987.16,430246.03,7330,0.9715,11.4,22.7,0.29,1.6,48765,16.6,0.418,13.75,1.6037,5.69,66.23,1.24,93.7,31.52
19003,IA,ADAMS,"Adams County, Iowa",108498.66,396190.01,3822,0.9783,12.2,22.2,0.5,0.81,48598,16.7,0.4116,14.1,1.2485,6.93,69.66,0.94,92.3,28.83
19005,IA,ALLAMAKEE,"Allamakee County, Iowa",373107.16,656723.31,14001,1.0306,11.8,21.2,0.84,5.66,48089,17,0.4337,15.33,2.1352,5.91,63.72,4.56,91.6,37.17
19007,IA,APPANOOSE,"Appanoose County, Iowa",262194.38,367758.08,12602,0.9886,12.4,21.6,0.48,1.72,40817,18.1,0.4613,22.09,2.2808,4.71,62.5,0.83,90.6,31.02
19009,IA,AUDUBON,"Audubon County, Iowa",90422.85,469345.10,5793,0.9637,11.4,24.1,0.38,0.6,47048,13.1,0.4666,9.35,1.6193,5.74,74.09,0.35,93.6,33.58
19011,IA,BENTON,"Benton County, Iowa",323196.52,519767.26,25720,0.9989,12,16.8,0.54,1.38,61222,21.8,0.4281,17.81,2.6293,6.75,71.39,0.65,96.7,36.24
19013,IA,BLACK HAWK,"Black Hawk County, Iowa",301543.79,562543.43,132821,0.9598,22.4,14.8,8.87,4.14,50348,27,0.4472,18.03,4.5069,7.29,61.85,5.43,93.4,53.98
19015,IA,BOONE,"Boone County, Iowa",170050.16,510058.48,26411,1.0136,13.7,17,1.23,2.37,54513,22.4,0.4066,11.02,2.8815,8.25,69.18,1.06,93.8,42.54
19017,IA,BREMER,"Bremer County, Iowa",299470.16,596529.56,24663,0.9743,17.6,18.5,1.07,1.37,64264,27.9,0.4174,20.17,3.085,7.19,70.37,1.49,96.6,42.63
19019,IA,BUCHANAN,"Buchanan County, Iowa",339992.79,564210.66,21031,0.9882,12.4,16.7,0.34,1.43,55881,18,0.4697,21.05,2.6547,7.53,66.5,1.2,92.1,41.88
19021,IA,BUENA VISTA,"Buena Vista County, Iowa",69097.42,586660.46,20445,1.0279,18.7,14.5,2.94,24.68,49942,18.7,0.4423,28.43,2.6196,6.27,54.27,17.73,88,36.81
19023,IA,BUTLER,"Butler County, Iowa",261247.73,590324.84,14933,1.0007,11.3,21.2,0.3,1.19,52204,15.7,0.4064,19.37,2.2964,5.79,65.42,0.76,95,30.47
19025,IA,CALHOUN,"Calhoun County, Iowa",111233.19,547989.06,9876,1.0683,13.2,22.5,1.66,1.82,44635,18.4,0.4588,9.79,1.9008,5.68,65.87,0.84,94.9,28.73
19027,IA,CARROLL,"Carroll County, Iowa",93686.35,508728.01,20555,0.9491,12.4,19.2,1.42,2.26,53785,21.4,0.433,13.07,2.6346,5.66,67.67,0.92,96.7,33.27
19029,IA,CASS,"Cass County, Iowa",89045.84,429812.66,13433,0.9754,11.7,21.4,0.26,2.35,45469,19.8,0.4216,15.74,2.2183,5.8,68.26,1.27,94.7,29.07
19031,IA,CEDAR,"Cedar County, Iowa",401566.51,488929.23,18389,0.9665,11.3,18.2,0.59,1.82,60435,22,0.3739,15.53,2.5058,6.78,67.56,1.17,96.4,40.47
19033,IA,CERRO GORDO,"Cerro Gordo County, Iowa",221826.85,628213.57,43303,0.9544,13.4,19.7,1.57,4.4,47788,21.9,0.4496,16.77,3.3817,6.45,66.96,2.3,93.3,45.91
19035,IA,CHEROKEE,"Cherokee County, Iowa",30621.78,586426.29,11752,0.9963,12.2,22.7,0.71,3.11,51590,19.2,0.4352,14.24,2.0624,6.18,67.41,1.27,91.8,28.6
19037,IA,CHICKASAW,"Chickasaw County, Iowa",298265.00,628395.96,12164,1.0139,12.1,19.1,0.74,2.21,48013,14.5,0.4182,26.68,2.2313,6.64,69.33,1.47,94.2,37.72
19039,IA,CLARKE,"Clarke County, Iowa",184722.42,397604.86,9273,0.978,15.4,17.6,0.29,12.07,46510,15.4,0.399,18,2.1167,6.2,63.28,5.15,88.6,35.06
19041,IA,CLAY,"Clay County, Iowa",68767.31,625436.19,16478,0.9652,13,19.3,0.44,3.2,48888,20.9,0.4362,13.83,2.4173,5.7,67.74,1.71,94.3,27.68
19043,IA,CLAYTON,"Clayton County, Iowa",378474.92,607827.73,17735,1.0017,11.6,21,0.62,1.87,48482,15.3,0.4315,19.6,2.1743,6.3,66.08,1.93,92.4,37.84
19045,IA,CLINTON,"Clinton County, Iowa",450239.59,505683.03,47972,0.9609,13.4,18.3,2.68,2.95,50067,19.4,0.4341,20.72,3.2829,7.35,62.45,1.8,94.9,47.24
19047,IA,CRAWFORD,"Crawford County, Iowa",50814.21,508447.72,17147,1.0348,14.9,16.6,1.67,27.28,49699,11.7,0.4957,25.25,2.2268,4.72,54.58,13.33,89.4,30.13
19049,IA,DALLAS,"Dallas County, Iowa",161981.32,470531.15,78074,0.9732,13.2,11.3,1.17,6.12,78918,47.4,0.4425,7.76,3.9363,8.4,68.52,7.5,95.8,44.81
19051,IA,DAVIS,"Davis County, Iowa",300583.24,369623.89,8768,0.9734,12.5,17.3,0.18,1.25,49696,16.6,0.4496,18.74,1.9082,4.69,62.62,0.47,75.5,26.41
19053,IA,DECATUR,"Decatur County, Iowa",185388.49,364983.26,8210,1.0015,22.2,18.6,1.99,2.68,38467,20.1,0.4465,10.1,1.785,6.35,57.86,1.72,87.2,34.34
19055,IA,DELAWARE,"Delaware County, Iowa",378393.47,566034.68,17445,0.9971,11.8,18,0.19,1.2,59452,15.1,0.4243,21.98,2.456,6.38,69.7,1.01,96.1,34.18
19057,IA,DES MOINES,"Des Moines County, Iowa",402337.23,393795.23,40114,0.9698,13.2,18.8,5.58,2.86,44516,19.6,0.4412,19.6,3.6169,7.13,61.77,1.57,93.2,46.29
19059,IA,DICKINSON,"Dickinson County, Iowa",68477.09,658424.25,17046,1.0031,11.1,24,0.36,1.73,57914,29,0.4455,18.15,2.8503,5.26,75.36,1.01,95.2,31.16
19061,IA,DUBUQUE,"Dubuque County, Iowa",417978.01,567802.89,96359,0.9776,16.8,16.2,2.67,2.21,56154,29.2,0.4346,16.49,4.1135,6.86,67.1,2.45,95.2,49.34
19063,IA,EMMET,"Emmet County, Iowa",106575.74,658863.43,9820,0.9671,15.4,19.7,1.44,9.06,45536,17.5,0.4649,21.93,2.2594,5.72,61.74,3.83,91.5,30.28
19065,IA,FAYETTE,"Fayette County, Iowa",337545.05,607926.16,20391,1.0145,15.8,20.5,1.32,2.23,47711,19.6,0.4404,13.29,2.377,6.68,62.24,1.22,92.4,39.63
19067,IA,FLOYD,"Floyd County, Iowa",260103.70,626999.06,16004,0.9666,12.5,21.2,1.7,2.36,46406,19.7,0.4449,20.51,2.5131,6.28,65.15,2.59,92.9,42.08
19069,IA,FRANKLIN,"Franklin County, Iowa",222816.42,589231.07,10393,1.0271,12.2,19.8,1.34,11.86,47524,16.7,0.4305,18.77,1.9308,6.28,62.24,3.18,94.1,32.07
19071,IA,FREMONT,"Fremont County, Iowa",33109.03,363775.17,7019,0.9991,10.8,21.5,0.58,2.51,52922,21.4,0.4423,14.11,1.6681,6.26,65.66,1.44,92.8,28.58
19073,IA,GREENE,"Greene County, Iowa",131810.62,509281.84,9083,0.9571,11.8,21.1,0.15,2.55,47264,18,0.4182,15.3,1.8176,6.43,68.84,1.33,94.6,37.49
19075,IA,GRUNDY,"Grundy County, Iowa",262385.86,553490.77,12373,0.9649,11.4,19.7,0.34,1.22,61606,25.1,0.4321,15.02,2.2533,7.12,72.7,0.6,96.4,29.08
19077,IA,GUTHRIE,"Guthrie County, Iowa",123868.70,469708.86,10691,1.0032,10.8,21.3,0.24,2.38,52702,20.5,0.4517,6.94,1.9443,6.78,69.4,1.09,93.5,32.31
19079,IA,HAMILTON,"Hamilton County, Iowa",187603.68,549298.04,15227,0.9796,11.2,19.4,0.64,5.63,53970,22,0.4384,14.45,2.3218,6.56,65.79,4.52,93.4,37.92
19081,IA,HANCOCK,"Hancock County, Iowa",183492.19,627242.97,11006,1.0191,11,20.3,0.78,3.73,54813,19.9,0.411,24.91,2.0071,5.23,69.1,1.76,95.1,28.52
19083,IA,HARDIN,"Hardin County, Iowa",225746.46,550324.15,17324,0.9968,12.9,21,1.24,4.03,51821,20.4,0.4078,11.99,2.4638,5.77,63.23,2.55,95,34.66
19085,IA,HARRISON,"Harrison County, Iowa",15140.12,468650.97,14335,0.9816,12.2,19,0.05,1.59,55845,17.4,0.4033,11.86,2.0722,5.79,67.37,1,92.2,30.3
19087,IA,HENRY,"Henry County, Iowa",371708.79,399559.32,19941,1.036,14.9,17.7,2.1,4.48,49606,18.8,0.424,20.75,2.8751,7.67,60.77,3.3,94.5,33.44
19089,IA,HOWARD,"Howard County, Iowa",297019.33,661509.09,9430,0.989,11.9,20.1,0.33,1.53,49199,13.2,0.4172,24.91,2.0404,5.94,64.46,0.55,92.4,39.11
19091,IA,HUMBOLDT,"Humboldt County, Iowa",145842.92,592313.65,9607,0.9467,12.2,20.6,0.16,3.68,47478,19.9,0.4476,18.23,2.1447,5.25,69.13,1.99,96,25.98
19093,IA,IDA,"Ida County, Iowa",39806.64,547482.90,7041,1.0009,11.4,21.7,0.09,2.1,49957,19,0.4623,22.39,1.8406,4.57,66.97,0.99,94.3,22.98
19095,IA,IOWA,"Iowa County, Iowa",325037.23,475750.41,16326,0.9849,11.9,18,0.64,2.35,55099,18.6,0.3964,19.6,2.3748,6.91,71.11,1.16,94.2,37.21
19097,IA,JACKSON,"Jackson County, Iowa",445024.37,536043.76,19529,0.9891,11.9,19.7,0.36,1.35,49115,16.5,0.422,17.4,2.4727,6.29,67.95,0.89,93.2,39.72
19099,IA,JASPER,"Jasper County, Iowa",243427.33,472766.66,36715,1.0507,13.1,18,1.5,1.85,55503,17.9,0.4019,17.29,2.9657,7.17,66.64,1.09,93.8,40.23
19101,IA,JEFFERSON,"Jefferson County, Iowa",337786.04,402960.36,17662,1.1364,17.7,18.1,5.72,2.95,45257,33.1,0.4661,17.2,2.751,8.56,57.36,12.09,92.4,49.75
19103,IA,JOHNSON,"Johnson County, Iowa",364533.41,475827.49,142006,0.9834,30,9.8,6.1,5.32,56808,52.4,0.4904,8.05,4.4919,7.4,67.81,10.39,93.3,70.46
19105,IA,JONES,"Jones County, Iowa",399650.29,527915.38,20481,1.0686,12.2,18.6,2.1,1.66,55507,16.7,0.4366,17.18,2.6201,6.18,63.19,1.8,95,39.83
19107,IA,KEOKUK,"Keokuk County, Iowa",317269.60,436243.79,10234,1.0193,12,20.3,0.01,1.44,45227,17,0.4175,15.1,1.9202,5.08,63.26,0.78,94.6,28.36
19109,IA,KOSSUTH,"Kossuth County, Iowa",144979.21,640044.19,15226,0.9992,11.8,22.1,0.45,2.04,54231,19.5,0.4184,17.5,1.799,4.78,72.66,1.26,95.5,31.03
19111,IA,LEE,"Lee County, Iowa",378993.81,361117.08,35172,1.0262,13.6,18.8,2.58,3.4,44568,14.6,0.4118,22.62,3.2673,7.02,58.57,1.23,93.2,41.38
19113,IA,LINN,"Linn County, Iowa",361520.04,521307.56,218076,0.9762,16.3,14.3,4.67,2.99,60989,32.2,0.4294,16.72,4.766,8.35,70.56,3.52,94.9,54.91
19115,IA,LOUISA,"Louisa County, Iowa",394187.81,426499.31,11251,1.046,12.9,16.3,1.26,15.93,51615,13.3,0.419,32.35,2.3807,5.81,58.34,9.4,94.3,34.94
19117,IA,LUCAS,"Lucas County, Iowa",222863.94,398628.90,8700,1.0092,11.6,21.6,0.13,0.43,48768,16.5,0.4319,9.4,2.0542,5.47,64.66,2.72,93,30.1
19119,IA,LYON,"Lyon County, Iowa",-16952.09,658439.58,11730,1.0507,11.7,17,0.05,2.44,59888,21.3,0.4047,16.8,2.0421,4.16,75.72,1.11,92.4,15.05
19121,IA,MADISON,"Madison County, Iowa",164805.02,430941.77,15661,0.9999,10.6,16,0.55,1.6,60326,22.5,0.4028,8.77,2.3775,6.92,74.52,1.74,94.4,33.32
19123,IA,MAHASKA,"Mahaska County, Iowa",278911.54,434654.86,22324,1.0293,15.1,17.1,1.5,1.9,49599,23.9,0.4459,25.01,2.7146,5.46,62.34,1.89,94.7,26.06
19125,IA,MARION,"Marion County, Iowa",240853.72,433314.67,33197,0.9831,15.9,16.6,0.63,1.81,57412,25.4,0.3989,24.29,3.1405,7.7,70.71,2.33,96.7,33.34
19127,IA,MARSHALL,"Marshall County, Iowa",246731.05,512020.85,40735,1.0272,14.3,17.3,1.25,19.8,54193,19.5,0.3904,27.53,3.3132,6.57,58.85,12.97,92.3,45.55
19129,IA,MILLS,"Mills County, Iowa",31585.25,396009.66,14841,1.0311,11.8,15.6,0.75,2.75,66203,23.9,0.391,9.66,2.5726,7.03,68.16,0.8,94.3,29.2
19131,IA,MITCHELL,"Mitchell County, Iowa",258984.75,660085.09,10757,0.9898,12,21.6,0.08,1.3,52564,15.7,0.3938,20.35,2.1808,6.26,66.52,0.74,90.6,37.18
19133,IA,MONONA,"Monona County, Iowa",3306.29,509899.00,9013,0.9757,12,24.5,0.55,1.66,41455,16.6,0.4543,9.21,1.6122,4.48,63.33,1.1,93.1,28.56
19135,IA,MONROE,"Monroe County, Iowa",261107.96,399840.78,7964,1.0244,13,19,0.08,2.5,47515,15.4,0.4117,18.4,1.9586,4.42,63.86,1.39,91.7,28.59
19137,IA,MONTGOMERY,"Montgomery County, Iowa",70366.61,395891.66,10380,0.9169,11.1,20.9,0,3.39,42641,15.5,0.4278,17.25,2.246,5.83,62.54,1.65,91.9,27.66
19139,IA,MUSCATINE,"Muscatine County, Iowa",404843.24,456794.53,42949,0.9865,14.5,15.2,1.73,17.14,55971,20.5,0.4202,28.41,3.6352,7.63,60.66,6.3,93.4,46.61
19141,IA,O'BRIEN,"O'Brien County, Iowa",30378.51,625322.21,14055,1.0047,11.9,20.6,0.48,4.28,52474,20,0.4665,19.92,2.2481,4.58,68.7,2.56,94.5,18.61
19143,IA,OSCEOLA,"Osceola County, Iowa",30349.39,658253.74,6154,1.0184,11.4,20.2,0.41,6.92,48457,16.6,0.4065,18.57,1.785,4.05,67.72,4.19,92.1,17.9
19145,IA,PAGE,"Page County, Iowa",71174.61,363303.25,15552,1.0692,12.6,20.3,2.44,2.98,46128,21.9,0.447,19.8,2.4181,4.88,57.41,2.56,91.7,26.97
19147,IA,PALO ALTO,"Palo Alto County, Iowa",107059.48,625819.85,9155,0.9954,14,21.1,1.81,2.16,49109,22.1,0.411,14.32,1.8356,4.76,66.37,2.25,95.1,31.21
19149,IA,PLYMOUTH,"Plymouth County, Iowa",-17428.29,586641.54,24972,0.971,11.8,17.7,0.49,4.03,60339,19.5,0.3939,19.15,2.4136,4.74,70.52,2.53,94.4,22.96
19151,IA,POCAHONTAS,"Pocahontas County, Iowa",107550.05,586950.58,7061,0.9851,11.7,22.4,1.46,3.5,46250,16.9,0.4378,15.24,1.5524,5.17,70.54,2.35,93.4,26.28
19153,IA,POLK,"Polk County, Iowa",200496.36,471487.95,459159,0.9687,16.7,11.7,6.4,7.99,61684,35.6,0.4481,8.94,5.7334,7.89,67.51,8.72,93.7,56.17
19155,IA,POTTAWATTAMIE,"Pottawattamie County, Iowa",38015.11,429988.34,93198,0.9752,15.1,15.7,1.45,7.24,53260,20.7,0.432,10.85,3.6338,6.74,60.02,3.67,91.8,38.58
19157,IA,POWESHIEK,"Poweshiek County, Iowa",286561.90,474264.40,18622,0.9154,19.8,19.3,1.79,3.04,50725,22.9,0.4239,17.95,2.509,5.93,66.17,3.48,92.9,46.53
19159,IA,RINGGOLD,"Ringgold County, Iowa",147068.62,363899.00,5054,0.9506,11,24.9,0.22,2.14,46927,19.3,0.4635,12.26,1.2931,4.8,70.57,0.69,90.1,29.22
19161,IA,SAC,"Sac County, Iowa",73196.99,547656.46,10034,0.964,11.4,22.5,0.6,2.6,49570,19.3,0.4037,14.35,1.9077,4.59,66.85,1.43,93.6,25.54
19163,IA,SCOTT,"Scott County, Iowa",444385.33,476095.50,171116,0.9669,15.4,14.4,7.75,6.28,56454,31.9,0.4471,17.51,4.9714,7.69,66.39,3.84,93.6,50.81
19165,IA,SHELBY,"Shelby County, Iowa",57009.21,469089.77,11944,0.9606,11,22.3,0.41,2.91,52757,21.1,0.419,7.99,2.0549,5.43,68.9,2.25,92.9,27.59
19167,IA,SIOUX,"Sioux County, Iowa",-14405.50,625155.05,34621,1.0155,19.1,14.5,0.42,9.85,63466,26.9,0.3943,16.52,2.8569,6.1,71.99,6.12,93.6,13.46
19169,IA,STORY,"Story County, Iowa",208408.40,510949.70,94834,1.085,38.9,10.8,2.25,3.15,51201,50.3,0.4661,10.3,4.1579,10.86,64.45,9.24,95.7,56.92
19171,IA,TAMA,"Tama County, Iowa",284865.73,518230.77,17423,0.977,12.4,19.3,0.51,8.22,53833,16.3,0.4005,16.37,2.2332,6.68,66.27,3.5,92.4,39.13
19173,IA,TAYLOR,"Taylor County, Iowa",109178.58,363537.79,6209,1.0159,11.1,20.8,0.19,7.41,46510,13.6,0.4434,23.69,1.5056,5.28,63.69,3.49,88.9,26.42
19175,IA,UNION,"Union County, Iowa",146598.67,396664.16,12539,0.93,13.8,19,0.99,2.7,45934,16.4,0.4137,25.87,2.436,6.6,60.56,1.83,91.8,35.29
19177,IA,VAN BUREN,"Van Buren County, Iowa",339024.81,371789.07,7380,1.0494,10.9,20.6,0.58,1.33,46769,12.7,0.4017,21.42,1.7712,5.31,62.99,1.02,84.8,25.06
19179,IA,WAPELLO,"Wapello County, Iowa",299407.98,401283.75,35242,0.97,15.8,16.7,2.36,10.24,42494,17.6,0.4445,24.38,3.4503,5.54,55.39,7.88,92.3,39.09
19181,IA,WARREN,"Warren County, Iowa",202508.45,432228.78,48170,0.9551,14.5,14.9,0.4,2.42,67090,28.8,0.398,5.92,3.4855,7.6,75.77,1.04,96,41.27
19183,IA,WASHINGTON,"Washington County, Iowa",355506.36,437779.19,22115,0.9847,12.6,18.5,0.88,5.63,56864,20.9,0.398,12.5,2.7087,7.44,65.72,2.98,91.4,38.98
19185,IA,WAYNE,"Wayne County, Iowa",223806.55,366173.64,6403,0.9438,12.4,22.4,0.64,1.2,42088,13.1,0.4149,17.48,1.5486,5.17,60.58,0.86,87.2,25.79
19187,IA,WEBSTER,"Webster County, Iowa",148657.60,553390.56,37050,1.0628,17.6,17,4.51,4.36,42196,20.6,0.4434,12.6,2.9952,6.13,59.93,2.89,93,38.54
19189,IA,WINNEBAGO,"Winnebago County, Iowa",182717.14,660253.58,10580,0.9509,13.9,20.3,0.75,3.9,49278,21.6,0.4153,28.9,2.3224,7.07,69.68,2.02,95.7,35.91
19191,IA,WINNESHIEK,"Winneshiek County, Iowa",335510.83,655692.56,20789,0.9997,20.4,18.1,0.86,2.1,57009,27.6,0.3927,11.84,2.454,6.72,67.31,2.02,96.1,49.58
19193,IA,WOODBURY,"Woodbury County, Iowa",-3655.38,547711.43,102426,0.9765,16.7,13.7,3.07,15.26,49010,21.7,0.4369,18.24,3.8134,6.36,57.91,8.71,90.9,39.6
19195,IA,WORTH,"Worth County, Iowa",220872.62,661243.04,7562,0.9843,12.8,19.8,0.9,2.71,49472,15.3,0.4091,17.03,1.9875,6.44,71.71,0.83,94.1,38.41
19197,IA,WRIGHT,"Wright County, Iowa",184350.49,588278.70,12891,0.9946,11.7,21.1,0.49,10.54,46071,17,0.4527,18.91,2.1489,5.48,60.95,5.32,92.2,33.29
20001,KS,ALLEN,"Allen County, Kansas",60860.34,43448.58,12951,0.983,14.1,19.7,1.89,3.26,40911,18.3,0.4153,22.34,2.3021,6.78,54.76,0.49,89.7,28.19
20003,KS,ANDERSON,"Anderson County, Kansas",61286.06,80265.06,7858,0.9848,11.1,20.7,0.13,0.46,42146,19.2,0.3953,6.85,1.6552,7.25,56.92,0.5,87.7,21.63
20005,KS,ATCHISON,"Atchison County, Kansas",58475.48,227934.01,16557,0.9454,19.8,16.1,3.94,2.81,46103,19.9,0.4512,21.08,2.6964,8.17,51.84,1.17,90.1,32.94
20007,KS,BARBER,"Barber County, Kansas",-235935.05,-27061.72,4831,1.0479,13,21.1,0.72,3.15,49455,18.7,0.4371,4.87,0.4976,5.15,60.46,1.59,89.4,13.39
20009,KS,BARTON,"Barton County, Kansas",-238169.84,113166.16,27214,0.9921,14.8,17.5,1.31,14.17,44449,16.7,0.4486,9.2,2.4626,5.28,49.91,5.36,86.3,18.91
20011,KS,BOURBON,"Bourbon County, Kansas",100280.00,40413.60,14751,0.9734,15.9,18.1,3.5,2.37,41529,21.7,0.4374,12.89,2.193,5.47,55.22,1.78,91,23.19
20013,KS,BROWN,"Brown County, Kansas",36966.81,260825.02,9810,0.9307,12,19,1.55,3.87,44672,20.1,0.4208,16.22,1.8923,6.62,54.93,1.01,89.4,22.9
20015,KS,BUTLER,"Butler County, Kansas",-73197.43,31812.81,66264,1.0083,14.5,13.9,2.23,4.41,60338,28.6,0.4176,16.53,2.8844,7.27,56.4,2.35,90.8,25.63
20017,KS,CHASE,"Chase County, Kansas",-51451.88,90038.80,2694,1.015,10.5,23.8,1.19,4.05,41889,24.3,0.4281,14.02,0.2968,6.14,65.57,1.78,93.6,24.59
20019,KS,CHAUTAUQUA,"Chautauqua County, Kansas",-21589.20,-39190.39,3470,1.0233,12,25.6,0.26,1.67,37927,18.3,0.4511,7.96,0.7405,3.24,53.62,0.35,87.5,13.75
20021,KS,CHEROKEE,"Cherokee County, Kansas",101479.08,-36446.13,20737,0.965,12.3,17.6,0.61,2.28,41240,18.5,0.4067,16.87,2.612,5.02,54.84,0.88,85.7,24.49
20023,KS,CHEYENNE,"Cheyenne County, Kansas",-486149.93,270851.83,2679,1.0022,10.9,26.6,0,6.31,46058,24.6,0.3993,3.69,0.0141,3.77,67.33,2.8,92.2,13.37
20025,KS,CLARK,"Clark County, Kansas",-335646.93,-22907.47,2131,1.0237,10.9,21.4,0.94,11.87,42976,28.8,0.4123,9.42,-0.1694,5.97,62.71,4.65,89.1,12.7
20027,KS,CLAY,"Clay County, Kansas",-99492.80,207912.14,8346,0.961,11.1,21.7,0.72,2.4,53041,25,0.4521,6.07,1.6082,6.6,60.7,1.73,93.5,18.97
20029,KS,CLOUD,"Cloud County, Kansas",-140568.17,223169.73,9302,0.9923,16.5,20.8,0.76,3.19,40947,20.2,0.4215,10.98,1.6136,6.36,54.3,2.39,89,20.68
20031,KS,COFFEY,"Coffey County, Kansas",23052.68,82607.70,8433,0.9993,11.8,19.7,0.92,2.47,57442,21.1,0.4152,5.52,1.6475,7.15,62.16,1.06,90.4,19.25
20033,KS,COMANCHE,"Comanche County, Kansas",-287653.07,-29652.08,1898,0.9249,9.8,24.1,0,6.27,43542,20.1,0.4197,5.41,-0.073,5.77,59.56,3.21,86.7,12.48
20035,KS,COWLEY,"Cowley County, Kansas",-73601.06,-29080.99,35977,1.0108,16.8,17.1,3.22,10.25,44960,19.4,0.4285,22.63,2.5128,6.34,46.22,3.8,88.6,30.04
20037,KS,CRAWFORD,"Crawford County, Kansas",100537.62,1425.50,39281,0.9934,24.6,14.8,2.31,5.11,37607,28.4,0.4586,14.62,3.2471,7.17,48.48,3.86,87.1,37.61
20039,KS,DECATUR,"Decatur County, Kansas",-378405.39,264937.96,2886,0.9835,10.9,27.6,0.42,2.84,41362,26.2,0.4947,3.61,0.2208,4.41,62.42,1.14,88.8,12.82
20041,KS,DICKINSON,"Dickinson County, Kansas",-99080.75,153733.79,19384,1.0027,12.7,18.4,0.89,4.43,48093,19.5,0.4172,13.98,2.1788,6.97,55.8,1.87,92.6,21.07
20043,KS,DONIPHAN,"Doniphan County, Kansas",72416.54,256764.45,7793,1.0215,19,17.4,3.76,2.66,49375,16.9,0.407,16.98,2.0345,5.48,54.46,0.8,87.3,18.38
20045,KS,DOUGLAS,"Douglas County, Kansas",60794.73,155417.36,116352,0.9921,32.5,10.4,3.85,5.77,52698,49.7,0.4763,6.99,4.5905,8.39,53.08,6.6,89.6,67.99
20047,KS,EDWARDS,"Edwards County, Kansas",-288470.06,48468.59,2975,1.0717,10.4,20.8,1.34,19.87,48684,18.2,0.4226,16.34,0.6136,5.31,57.5,12,87.4,16.97
20049,KS,ELK,"Elk County, Kansas",-21394.84,-5161.90,2635,0.9962,8.7,27.8,0.11,4.02,37393,16.8,0.3898,7.72,0.4569,4.05,59.95,1.63,88.4,13.25
20051,KS,ELLIS,"Ellis County, Kansas",-284903.32,163527.83,29032,1.0018,25.6,14.1,1.08,5.48,50140,34.1,0.4539,8.04,2.5222,6.19,52.36,3.45,91.7,24.46
20053,KS,ELLSWORTH,"Ellsworth County, Kansas",-189943.35,136322.26,6375,1.3173,15,20.3,4.55,6.02,49134,19.7,0.414,8.2,1.235,7.05,51.88,1.3,94,20.92
20055,KS,FINNEY,"Finney County, Kansas",-411642.42,71259.84,36983,1.0379,17.7,9.5,2.4,48.42,50712,18.5,0.4149,18.81,2.3949,6.04,39.98,21.28,86.3,33.47
20057,KS,FORD,"Ford County, Kansas",-339497.27,28424.67,34492,1.0718,17.8,10.5,2.3,53.09,49688,17.8,0.4162,27.14,2.4953,5.9,32.29,27.15,83.4,29.59
20059,KS,FRANKLIN,"Franklin County, Kansas",61632.92,119537.83,25663,0.9516,14.5,15.7,1.62,3.95,51465,19.9,0.4094,12.17,2.8524,8.1,56.89,1.17,91.8,28.7
20061,KS,GEARY,"Geary County, Kansas",-64556.42,168641.95,36818,1.1217,27.8,7.6,16.95,15.01,45243,20.4,0.3955,7.72,3.6098,6.77,29.54,8.08,89.3,38.91
20063,KS,GOVE,"Gove County, Kansas",-384948.60,167793.01,2682,1.0196,10,24.4,0.97,3.36,46681,22.4,0.4348,9.78,-0.0343,4.02,64.45,1.79,88.6,11.56
20065,KS,GRAHAM,"Graham County, Kansas",-331495.20,214081.19,2577,0.9838,10.9,25.7,3.03,3.14,45982,25.5,0.4342,3.89,0.102,5.53,61.74,1.86,91.8,15.5
20067,KS,GRANT,"Grant County, Kansas",-464198.77,19940.55,7748,1.0817,14.7,10.8,0,46.19,54919,15.2,0.414,8.66,1.6495,6.03,45.34,18.02,79.4,19.64
20069,KS,GRAY,"Gray County, Kansas",-387242.02,35711.50,6037,0.9891,13,14.6,0.61,14.71,59629,19.2,0.3823,4.2,0.9868,5.08,48.54,9.57,88.6,13.41
20071,KS,GREELEY,"Greeley County, Kansas",-501415.16,125211.92,1235,0.951,11.8,22.5,0.65,20.81,47000,29.6,0.4047,1.54,-0.4901,5.08,67.48,6.96,92.4,13.45
20073,KS,GREENWOOD,"Greenwood County, Kansas",-20272.01,42344.62,6304,0.9682,10.3,24,0.16,3.79,39671,17.7,0.443,9.51,0.7556,6.87,57.54,0.48,87.8,18.34
20075,KS,HAMILTON,"Hamilton County, Kansas",-503424.92,71261.86,2567,1.141,15,11.8,2.38,35.92,48523,16.3,0.4127,2.95,-0.0054,5.71,48.61,19.75,74.8,14.65
20077,KS,HARPER,"Harper County, Kansas",-182491.67,-32572.70,5798,1.028,11.5,21.5,0.12,6.31,46886,19.7,0.4469,12.97,1.0274,7.33,58.5,1.76,87.7,16.45
20079,KS,HARVEY,"Harvey County, Kansas",-124065.18,61817.47,34814,0.9573,14.7,18.1,1.77,11.38,52463,27.7,0.4044,20.86,3.215,7.91,57.2,4.5,91.2,36.9
20081,KS,HASKELL,"Haskell County, Kansas",-426031.15,17888.54,4087,1.0223,14.5,13.6,0,28.9,55453,17.7,0.3977,3.18,1.0052,5.1,46.66,18.79,81.6,19.07
20083,KS,HODGEMAN,"Hodgeman County, Kansas",-338549.54,72790.00,1919,1.0158,11.4,23.5,0,7.03,56250,25.7,0.4573,4.3,-0.149,3.74,67.77,4.22,91.3,12.67
20085,KS,JACKSON,"Jackson County, Kansas",17594.71,214845.49,13365,0.9963,12.5,17.4,0.58,4.21,54700,20.4,0.3996,10.22,2.0622,6.31,58.35,0.83,94.1,27.74
20087,KS,JEFFERSON,"Jefferson County, Kansas",52731.05,194707.47,18880,1.0329,11.4,17.5,0.59,2.38,56777,20.6,0.3572,10.07,2.6165,7.27,57.72,0.58,90.2,32.57
20089,KS,JEWELL,"Jewell County, Kansas",-188267.30,258255.07,3003,0.9993,10.7,27.7,0.13,2.36,37750,15.3,0.4407,7.37,0.2425,6.09,61.8,1.4,92.2,12.83
20091,KS,JOHNSON,"Johnson County, Kansas",101203.39,155718.83,572428,0.9572,14.3,12.7,4.45,7.33,78186,53.6,0.45,8.46,6.1459,7.84,67.93,8.27,93.3,48.57
20093,KS,KEARNY,"Kearny County, Kansas",-462487.64,68991.19,3943,1.0951,15.6,14,0.86,30.51,49396,14.3,0.4443,12.74,0.5589,5.09,47.27,10.83,88.7,13.93
20095,KS,KINGMAN,"Kingman County, Kansas",-186917.59,8702.77,7697,1.0293,11.3,21.4,0.43,3.05,56142,23.5,0.4239,16.3,1.2361,6.15,55.89,0.91,91.8,19.14
20097,KS,KIOWA,"Kiowa County, Kansas",-287481.57,11492.85,2520,0.9626,17.9,19.2,1.39,6.03,44896,27.3,0.4416,1.73,0.2975,6.02,55.04,4.76,91.1,11.24
20099,KS,LABETTE,"Labette County, Kansas",61767.18,-34375.01,20833,0.9762,14.2,17.9,3.32,4.32,41851,18,0.4172,19.93,2.5229,5.93,51,0.81,87.9,30.04
20101,KS,LANE,"Lane County, Kansas",-385817.98,119040.27,1687,0.9662,12.1,21.1,0.53,5.28,58077,21.3,0.4254,1.46,-0.0966,5.4,67.4,1.84,91.1,12.86
20103,KS,LEAVENWORTH,"Leavenworth County, Kansas",82313.34,190858.30,78785,1.1557,14.5,12.6,8.74,6.7,66046,30.1,0.4085,7.67,4.1848,8.1,50.74,3.04,93.5,36.66
20105,KS,LINCOLN,"Lincoln County, Kansas",-189289.07,175397.46,3134,1.0077,10.4,21.3,0.96,2.68,49583,19.2,0.4192,7.58,0.52,4.78,60.9,1.12,88.5,15.42
20107,KS,LINN,"Linn County, Kansas",100345.56,80434.76,9524,0.9723,10.6,20.4,0.65,2.43,45790,16,0.49,9.28,1.8229,4.68,60.84,0.39,91.2,17.44
20109,KS,LOGAN,"Logan County, Kansas",-442029.27,170824.54,2800,0.9774,13.8,20.3,0,5.04,48205,18.3,0.4596,5.26,0.0075,5.6,63.35,1.89,93.9,11.63
20111,KS,LYON,"Lyon County, Kansas",-13195.74,107148.28,33401,0.9475,23.9,13.4,2.46,20.64,40611,26.7,0.4719,17.27,2.7224,8.85,47.53,9.17,86.3,41.51
20113,KS,MCPHERSON,"McPherson County, Kansas",-142579.27,101161.33,29164,0.9825,14,19.2,1.03,3.91,56783,28.3,0.3965,21.3,2.5286,7.59,56.74,1.42,94,27.4
20115,KS,MARION,"Marion County, Kansas",-94933.83,96790.40,12213,0.9933,13.7,22.5,0.69,3.12,47926,22.8,0.4127,17.38,1.6082,7.41,58.74,1.42,92.3,23.12
20117,KS,MARSHALL,"Marshall County, Kansas",-44385.91,256048.25,9963,0.9958,11.2,21.4,0.4,2.31,47532,17.9,0.4463,18.35,1.4524,6.29,61.07,1.22,92.2,24.48
20119,KS,MEADE,"Meade County, Kansas",-383568.95,-20547.76,4310,1.0206,13.6,17.9,0.9,15.17,52960,22,0.4006,5.43,0.5314,5.52,54.07,8.79,89,12.92
20121,KS,MIAMI,"Miami County, Kansas",100289.03,119807.62,32787,0.9711,11.7,15.5,1.38,2.92,63353,24.7,0.4135,9.06,3.0906,6.84,61.66,0.92,93.1,28.52
20123,KS,MITCHELL,"Mitchell County, Kansas",-188526.48,214387.93,6299,1.0518,14.1,22.6,0.35,2.05,49755,25.7,0.4365,9.82,1.2429,5.34,60.11,1.68,93.4,17.13
20125,KS,MONTGOMERY,"Montgomery County, Kansas",22609.53,-34436.99,33765,0.9759,15,18.4,5.22,6.07,42646,17.6,0.4421,22.76,3.0086,5.73,46.53,2.87,87.7,23.3
20127,KS,MORRIS,"Morris County, Kansas",-55997.89,133277.73,5694,0.9916,11.2,23.6,0.09,4.3,48551,16.8,0.4017,10.2,1.1512,7.74,58.19,1.35,90.7,24.82
20129,KS,MORTON,"Morton County, Kansas",-509640.57,-19038.09,3033,1.1106,17.3,17.3,0.63,21.43,44100,14.3,0.4218,3.75,0.473,4.19,50.19,12.3,89.1,12.87
20131,KS,NEMAHA,"Nemaha County, Kansas",-1195.24,255903.94,10177,1.0014,12.3,20.1,0.63,1.6,50400,21.8,0.4154,18.21,1.7006,5.33,68.01,1.12,94.4,14.95
20133,KS,NEOSHO,"Neosho County, Kansas",60657.43,6768.30,16358,0.9492,14.5,18.2,0.92,4.96,43867,18.9,0.4512,17.6,2.4026,6.05,51.53,1.31,89.9,25.3
20135,KS,NESS,"Ness County, Kansas",-338321.47,116739.22,3047,1.0532,12.7,24,0.49,10.4,47298,20.1,0.4406,4.16,0.0904,4.4,61.41,4.99,93.1,11.65
20137,KS,NORTON,"Norton County, Kansas",-331223.47,262820.79,5558,1.3611,15.3,19.4,2.7,4.98,47651,13.8,0.3752,7.11,0.8936,5.06,49.44,2.91,94.3,13.25
20139,KS,OSAGE,"Osage County, Kansas",23541.65,129169.94,16001,1.0044,11.4,18.3,0.26,2.79,52171,19.9,0.4203,8.26,2.1698,6.63,58.09,0.73,90.4,26.65
20141,KS,OSBORNE,"Osborne County, Kansas",-236318.27,210816.59,3746,0.9947,12.3,24.8,0.8,1.84,41432,21,0.4755,11.1,0.4828,5.31,60.65,1.17,89,13.76
20143,KS,OTTAWA,"Ottawa County, Kansas",-141325.82,184201.28,6004,1.1067,11.6,18.3,0.08,2.73,52241,21.5,0.3966,12.61,1.1683,6.75,63.79,0.67,92.2,15.66
20145,KS,PAWNEE,"Pawnee County, Kansas",-280774.94,81145.37,6840,1.3226,13.4,18.6,4.66,7.53,46227,22.4,0.4072,1.76,1.2531,6.69,48.21,3.14,92.1,23.32
20147,KS,PHILLIPS,"Phillips County, Kansas",-284024.81,261039.63,5484,0.9502,11.5,21.3,0.35,3.05,45940,22.3,0.3924,7.98,0.8714,4.92,63.5,1.5,94.1,11.84
20149,KS,POTTAWATOMIE,"Pottawatomie County, Kansas",-29225.53,210651.79,22920,0.9769,13.1,13.2,1.28,5.24,62500,32,0.3954,11.49,2.3535,8.01,66.27,2.71,92.7,22.62
20151,KS,PRATT,"Pratt County, Kansas",-239401.07,20004.33,9729,0.9973,16.2,17.7,0.43,6.85,48995,25.5,0.453,4.52,1.6313,6.06,52.03,3.38,89.8,21.36
20153,KS,RAWLINS,"Rawlins County, Kansas",-430613.05,267615.11,2557,1.0229,10.2,26.6,0.23,5.32,49327,23.9,0.3948,6.56,-0.0799,6.05,71.6,2.54,94,11.79
20155,KS,RENO,"Reno County, Kansas",-181542.61,52756.66,63803,1.0158,14.9,18,2.97,8.88,46000,19.2,0.4304,14.11,2.9767,7.68,49.41,2.88,89.2,30.59
20157,KS,REPUBLIC,"Republic County, Kansas",-140007.89,262104.03,4768,0.9613,9.7,27.3,0.13,1.51,41489,21,0.42,11.4,0.9424,5.14,66.14,1.24,93,15.63
20159,KS,RICE,"Rice County, Kansas",-190526.49,97153.46,9949,1.0185,18,17.6,2.01,11.1,46335,22.4,0.3961,12.51,1.6657,7.15,49.59,3.7,87.7,19.68
20161,KS,RILEY,"Riley County, Kansas",-62793.98,201568.59,75026,1.1308,44,8,6.46,7.78,46609,46,0.4762,5.61,3.8608,9.68,34.83,8.4,93.7,48.03
20163,KS,ROOKS,"Rooks County, Kansas",-283862.32,212329.94,5160,0.9398,12.6,20.4,0.48,2.44,46750,24.3,0.4228,8.8,0.8052,4.67,60.57,1.8,90.8,11.93
20165,KS,RUSH,"Rush County, Kansas",-285735.13,119645.41,3144,0.9811,10.4,24.5,0.03,3.15,40395,23.7,0.416,7.79,0.5255,4.86,60.13,1.49,91.9,16.29
20167,KS,RUSSELL,"Russell County, Kansas",-237262.83,162010.78,6988,1.0098,12,23.1,1.14,2.85,42656,24.2,0.4034,12.04,1.1133,4.95,58.28,0.87,91.2,15.19
20169,KS,SALINE,"Saline County, Kansas",-141982.64,145121.45,55547,0.9758,15.8,15.6,3.29,10.68,48497,23.8,0.4481,19.29,3.3938,8.7,52.47,5.37,88,31.36
20171,KS,SCOTT,"Scott County, Kansas",-423826.77,121012.02,4958,0.9269,13.1,17.6,0,15.05,61886,26.3,0.3417,5.65,0.9812,4.59,58.44,6.92,95.9,11.23
20173,KS,SEDGWICK,"Sedgwick County, Kansas",-127623.19,21680.87,508221,0.9772,16.8,12.8,9.09,13.89,51157,30,0.4549,18.49,5.2818,7.84,50.54,8.56,87.5,40.02
20175,KS,SEWARD,"Seward County, Kansas",-426406.43,-23491.16,23185,1.0406,19.9,8.9,4.28,58.98,47507,11.6,0.4216,25.33,2.6392,4.98,31.77,30.49,80.8,34.01
20177,KS,SHAWNEE,"Shawnee County, Kansas",20887.63,172794.72,178567,0.9394,14.9,16,7.64,11.71,52088,29.3,0.4404,9.15,4.8421,7.35,55.78,4.41,90.1,48.56
20179,KS,SHERIDAN,"Sheridan County, Kansas",-379145.44,216239.35,2522,1.0689,10.4,23,0.16,4.04,50822,22.9,0.4049,1.97,0.0833,3.64,71.03,2.85,89.8,9.59
20181,KS,SHERMAN,"Sherman County, Kansas",-488120.39,222200.12,6038,1.0194,13.9,19.2,1.09,11.86,47036,19,0.393,3.34,0.7919,6.74,56.77,2.57,93.1,14.24
20183,KS,SMITH,"Smith County, Kansas",-236385.21,259569.03,3701,0.9676,9.6,26.8,0.19,1.89,43913,22,0.478,6.26,0.4674,4.11,68.28,0.32,93.3,15.17
20185,KS,STAFFORD,"Stafford County, Kansas",-236241.51,62875.70,4284,1.0265,11.8,20.5,0.82,13.28,46830,21.7,0.4159,4.18,0.7364,5.38,58.23,6.05,88.9,16.95
20187,KS,STANTON,"Stanton County, Kansas",-505787.14,22454.57,2115,0.8867,10.9,17.6,0.85,32.86,44567,24.8,0.3636,1.26,0.1825,4.71,42.06,12.29,86,18.95
20189,KS,STEVENS,"Stevens County, Kansas",-466866.60,-21434.92,5738,1.024,13.4,12.6,0.12,34.66,54333,16.5,0.436,12.08,1.1139,3.81,47.69,16.71,83.7,12.09
20191,KS,SUMNER,"Sumner County, Kansas",-129754.29,-28440.88,23509,0.9819,13.5,17.2,0.99,5.24,50950,19.4,0.426,20.35,2.0388,6.81,55.21,0.84,90.2,22.91
20193,KS,THOMAS,"Thomas County, Kansas",-431481.01,218925.97,7909,0.9733,20.7,15.7,1.3,5.16,52074,28.4,0.4597,4.21,1.0443,5.45,58.34,2.43,93,13.99
20195,KS,TREGO,"Trego County, Kansas",-332595.80,165284.29,2927,0.9566,9.7,24.2,0.14,0.82,54630,25.8,0.3658,6.33,0.2394,3.85,62.35,0.51,92.6,13.89
20197,KS,WABAUNSEE,"Wabaunsee County, Kansas",-17597.01,162891.56,6960,1.0174,11.2,17.8,0.3,3.39,57791,23.7,0.359,14.07,1.2188,6.86,64.84,0.76,92,24.65
20199,KS,WALLACE,"Wallace County, Kansas",-494792.76,173782.63,1584,1.0178,10.5,20.7,0,4.8,45804,24.9,0.4885,2.01,-0.4014,3.88,69.01,2.59,92.4,6
20201,KS,WASHINGTON,"Washington County, Kansas",-92305.02,256522.86,5613,1.0411,10.8,23.6,0.48,3.28,47045,18.4,0.3971,11.13,0.8846,6.65,63.89,2.67,93,14.99
20203,KS,WICHITA,"Wichita County, Kansas",-461838.82,123053.12,2168,0.962,9.8,19.7,0.37,33.07,57596,18.3,0.3945,11.17,0.1526,4.92,62.19,14.76,92.2,15.4
20205,KS,WILSON,"Wilson County, Kansas",22451.35,6664.87,8956,0.9533,11.4,20.4,0.48,2.79,43594,15.3,0.439,16.93,1.8021,5.82,52.62,1.72,85.2,17.56
20207,KS,WOODSON,"Woodson County, Kansas",22637.78,43366.42,3186,1.0101,10.4,22.4,0.63,2.73,35321,13.7,0.4285,10.14,0.9046,6.1,57.55,0.85,84.7,20.15
20209,KS,WYANDOTTE,"Wyandotte County, Kansas",105834.77,181658.59,161777,0.9713,16.5,11.2,23.83,27.6,40757,16.3,0.4276,11.87,6.0211,5.8,42,15.68,79,65.6
21001,KY,ADAIR,"Adair County, Kentucky",941697.29,8801.84,19156,0.9806,18.5,16.7,3.1,1.84,33873,16.5,0.4495,19.58,2.9041,3.32,53.99,1.05,87.9,16.62
21003,KY,ALLEN,"Allen County, Kentucky",866156.63,-39158.86,20421,0.9874,14.4,15.9,1.52,1.85,41166,13.6,0.4333,21.88,3.131,3.47,52.17,1.02,85.2,17.26
21005,KY,ANDERSON,"Anderson County, Kentucky",955382.82,111875.23,21867,0.9451,12.8,14.2,2.55,1.56,53513,18.9,0.3906,18.62,3.7336,4.78,68.91,1.01,92.9,24.22
21007,KY,BALLARD,"Ballard County, Kentucky",616150.07,-26777.13,8216,0.9869,12.6,19.3,3.63,1.17,43923,15.3,0.4353,14.94,2.5542,3.02,64.16,1.72,89.8,20.52
21009,KY,BARREN,"Barren County, Kentucky",886202.60,-12917.95,43287,0.9496,14.1,16.7,4.09,2.96,39034,15.5,0.439,23.15,3.5346,3.95,55.98,1.75,89.6,24.07
21011,KY,BATH,"Bath County, Kentucky",1061124.25,140810.26,12113,0.9864,12.9,15.9,1.56,1.51,34986,12.1,0.4977,21.47,2.8199,3.14,50.49,1.05,88.3,30.63
21013,KY,BELL,"Bell County, Kentucky",1087506.08,-15589.69,27676,0.9527,14.6,17.3,3.37,0.43,22603,9.5,0.4854,11.6,3.3933,2.41,44.79,0.46,88.9,18.14
21015,KY,BOONE,"Boone County, Kentucky",965295.40,222061.88,125656,0.9773,13.9,11.1,2.76,3.97,69165,31.1,0.4111,14.63,5.2834,6.09,62.99,4.38,93.3,27.77
21017,KY,BOURBON,"Bourbon County, Kentucky",1019398.07,142485.90,20004,0.955,13.5,17.4,7.17,6.63,44232,17.8,0.4553,15.26,3.2831,5.03,57.15,4.93,88.1,33.39
21019,KY,BOYD,"Boyd County, Kentucky",1148504.06,176907.83,48716,0.9842,13.2,17.8,2.63,1.61,44140,19.1,0.5091,9.86,4.7678,4.12,53.28,0.91,90.1,30.7
21021,KY,BOYLE,"Boyle County, Kentucky",971081.09,70882.32,29650,0.9931,18,17.6,7.04,3.12,40758,23,0.4819,15.24,4.1503,4.83,54.78,2.04,90.9,34.75
21023,KY,BRACKEN,"Bracken County, Kentucky",1023574.06,197462.68,8404,0.9934,13.5,15.4,0.02,1.55,35887,14.6,0.4612,14.13,2.7588,3.15,55.51,0.88,92.3,20.64
21025,KY,BREATHITT,"Breathitt County, Kentucky",1106428.29,76321.44,13476,1.0012,14.4,15.3,0.6,0.85,25484,12.2,0.5063,5.07,2.3577,3.66,54.24,0.45,89.5,27.8
21027,KY,BRECKINRIDGE,"Breckinridge County, Kentucky",833619.32,72638.46,20000,1.0052,12.6,17.8,1.77,1.22,43390,10.5,0.4111,19.85,2.6111,3.76,57.12,0.52,88.6,23.21
21029,KY,BULLITT,"Bullitt County, Kentucky",894872.74,101243.66,77727,0.9894,14.4,13.6,0.63,1.7,58702,14.2,0.3813,16.85,4.6155,4.45,60.42,0.87,93.8,23.95
21031,KY,BUTLER,"Butler County, Kentucky",817913.38,7325.11,12828,1.0081,13.4,17.2,1.14,3.42,38427,10.4,0.4326,27.09,2.4531,3.6,56.23,1.13,89.4,17.62
21033,KY,CALDWELL,"Caldwell County, Kentucky",714672.51,-9145.66,12758,0.9228,12,18.6,6.11,1.54,43491,15.2,0.4764,19.6,2.6593,3.48,60.66,0.12,90.3,21.85
21035,KY,CALLOWAY,"Calloway County, Kentucky",683983.20,-70663.84,38302,0.9203,27,15.9,3.62,2.54,36692,28.6,0.4985,11.59,3.6483,5.81,51.35,5.19,89.9,31.42
21037,KY,CAMPBELL,"Campbell County, Kentucky",995313.34,223050.60,91456,0.9572,18,13.9,3.34,1.83,56772,30.6,0.4468,10.92,5.4526,6.59,59.44,2.3,91.3,36.91
21039,KY,CARLISLE,"Carlisle County, Kentucky",620330.97,-49524.90,4954,0.9458,12.6,19.9,1.86,2.24,40913,15.7,0.4369,13.89,2.3123,2.88,67.31,0.85,87.2,17.1
21041,KY,CARROLL,"Carroll County, Kentucky",935435.93,184484.94,10776,1.0502,14.6,15.1,2.53,6.72,42882,12.5,0.4594,27.51,3.477,4.18,47.83,3.22,88.1,29.94
21043,KY,CARTER,"Carter County, Kentucky",1118123.89,168006.43,27292,0.975,15.9,16.2,0.89,1.2,37367,13.1,0.4312,11.4,3.2478,4.04,48.66,0.55,87.4,23.08
21045,KY,CASEY,"Casey County, Kentucky",969684.64,36625.36,15928,0.9728,13.4,19,0.67,2.7,32315,12.4,0.4673,19.94,2.6278,2.95,52.23,1.22,85.4,12.27
21047,KY,CHRISTIAN,"Christian County, Kentucky",750264.16,-34297.17,73936,1.1259,24.9,11,20.49,7.31,40253,16.7,0.4498,19.57,3.6835,3.56,41.43,2.79,88,33.75
21049,KY,CLARK,"Clark County, Kentucky",1028691.11,116998.42,35706,0.9574,13.5,16.4,5.21,2.75,49069,20.5,0.4416,15.99,4.0002,4.87,58.64,1.65,91,30.53
21051,KY,CLAY,"Clay County, Kentucky",1077768.33,31619.09,21160,1.1389,15.7,13.5,4.01,2.15,22174,10.6,0.5069,10.99,2.8571,2.28,40.58,1,89.8,11.37
21053,KY,CLINTON,"Clinton County, Kentucky",959159.91,-31688.04,10172,1.0004,12.9,17.8,0.71,2.74,29872,11,0.4894,25.05,2.9913,2.38,57.72,1.36,87.9,12.56
21055,KY,CRITTENDEN,"Crittenden County, Kentucky",692625.34,12306.51,9211,1.0204,12,19.4,1.27,0.86,38739,12.8,0.4577,14.98,2.2905,3.22,56.85,0.89,85.1,15.79
21057,KY,CUMBERLAND,"Cumberland County, Kentucky",936237.08,-27620.38,6780,0.9842,12.8,20.1,3.29,0.21,33268,14.2,0.4785,24.83,2.1492,3.42,57.75,0.75,84.9,15.5
21059,KY,DAVIESS,"Daviess County, Kentucky",776919.93,62442.71,98724,0.9462,14.6,16.1,4.65,2.74,46675,21.2,0.4491,16.11,4.4208,5.98,61.37,2.47,92.2,32.88
21061,KY,EDMONSON,"Edmonson County, Kentucky",856681.41,11402.40,12086,0.9829,14.5,19.1,1.69,1.25,41689,11.9,0.438,15.94,2.7348,2.48,54.03,0.62,93.6,19.14
21063,KY,ELLIOTT,"Elliott County, Kentucky",1117034.26,145196.32,7661,1.2937,14.7,18.4,2.34,0.22,27969,8.8,0.4756,6.73,2.5356,4.03,45.78,0.05,89.9,27.01
21065,KY,ESTILL,"Estill County, Kentucky",1048438.60,88044.31,14406,0.9616,12.8,17.1,0.12,0.28,29694,9.2,0.4551,27.94,3.09,3.62,49.35,0.19,88.7,20.73
21067,KY,FAYETTE,"Fayette County, Kentucky",1000838.70,121624.38,311529,0.9645,22.4,11.7,14.55,6.84,50661,41.4,0.4962,9.22,6.0499,7.07,55.53,8.91,90.3,55.09
21069,KY,FLEMING,"Fleming County, Kentucky",1061825.39,166351.68,14543,0.9751,13.5,16.2,1.34,1.18,36063,12.7,0.5094,20.22,2.7795,3.04,57.01,0.36,83.3,22.21
21071,KY,FLOYD,"Floyd County, Kentucky",1156049.59,87135.42,38144,0.9612,14.2,15.8,0.73,0.72,30540,11.8,0.5087,4.22,3.6228,3.22,55.59,0.38,87.6,25.08
21073,KY,FRANKLIN,"Franklin County, Kentucky",962148.44,139212.05,49982,0.9527,15.5,16.1,10.3,2.91,50999,28.3,0.4087,10.78,4.5314,5.57,60.44,3.35,90.1,47.56
21075,KY,FULTON,"Fulton County, Kentucky",603669.56,-84332.70,6323,0.9871,14.7,18.7,26.14,0.59,26841,13.4,0.479,16.77,2.4728,2.48,47.63,0.79,88.9,33.32
21077,KY,GALLATIN,"Gallatin County, Kentucky",956889.09,197022.36,8543,1.0078,14.8,12.1,0.41,5.12,51180,10,0.3838,23.83,3.5128,4.37,52.66,3.39,88.8,23.46
21079,KY,GARRARD,"Garrard County, Kentucky",999467.30,75988.49,17051,0.9617,12,16.5,1.21,2.26,46373,15.5,0.4319,12.81,3.3539,3.49,57.46,1.4,89.4,19.75
21081,KY,GRANT,"Grant County, Kentucky",978408.35,187382.01,24705,0.9856,14.2,12.7,0.59,2.55,44191,12.4,0.4062,23.73,3.6103,3.99,53.52,1.28,90.2,20.81
21083,KY,GRAVES,"Graves County, Kentucky",649626.69,-61942.44,37379,0.9601,13.6,17.2,4.52,5.93,40268,16.8,0.4633,16.08,3.2641,3.78,58.69,3.02,89.3,20.7
21085,KY,GRAYSON,"Grayson County, Kentucky",844588.91,38558.70,26092,0.9974,13.9,16.1,1.39,1.22,36129,10.2,0.4797,23.45,3.0059,3.76,53.33,0.69,87.7,19.25
21087,KY,GREEN,"Green County, Kentucky",915908.11,23942.76,11123,0.9597,12.3,19.3,2.24,0.91,36681,10.3,0.4774,22.06,2.709,2.42,61.08,1.17,90.4,15.99
21089,KY,GREENUP,"Greenup County, Kentucky",1125539.81,194761.86,36255,0.9476,12.3,19,0.78,1.03,46771,16.8,0.4544,9.96,3.7047,3.59,57.49,0.79,90.4,26.42
21091,KY,HANCOCK,"Hancock County, Kentucky",802621.64,77240.18,8716,1.0674,12.9,16.2,1.15,1.34,49375,11.8,0.4076,35.82,2.8867,6.12,65.53,0.48,93.4,30.85
21093,KY,HARDIN,"Hardin County, Kentucky",874931.59,68415.09,107573,0.9955,17,12.3,11.6,5.47,51541,23.6,0.4207,12.45,4.1992,5.19,53.56,4.08,91.6,34.08
21095,KY,HARLAN,"Harlan County, Kentucky",1125604.81,3755.19,28031,0.9488,14.3,16.4,2.44,0.82,25350,12.1,0.4863,4.37,3.1456,2.38,49.64,0.63,87.9,13.07
21097,KY,HARRISON,"Harrison County, Kentucky",1006338.73,167416.08,18629,0.9618,13.2,17,2.01,2.24,40164,15.4,0.4679,27.8,3.156,4.05,54.31,1.72,86.8,27.2
21099,KY,HART,"Hart County, Kentucky",886518.27,24801.51,18510,0.9767,13.8,16,4.76,1.71,35738,11.4,0.4726,23.36,2.8522,2.95,51.84,0.89,85.6,24.54
21101,KY,HENDERSON,"Henderson County, Kentucky",734054.28,65737.96,46362,0.9413,14,15.7,7.22,2.24,41630,17.4,0.4594,17.71,3.7138,4.28,55.43,1.33,91.8,35.55
21103,KY,HENRY,"Henry County, Kentucky",938643.26,160099.73,15528,0.9834,12.9,15.8,3.47,3.27,50412,11.3,0.4018,18.49,3.0418,5.27,60.26,1.26,90.4,26.99
21105,KY,HICKMAN,"Hickman County, Kentucky",621331.83,-69120.32,4691,0.8794,12.2,23.4,9.17,0.87,39756,8.8,0.3768,19.18,2.0117,2.36,57.26,0.81,87.8,21.32
21107,KY,HOPKINS,"Hopkins County, Kentucky",741699.32,11601.90,46359,0.9447,13.6,17,6.32,1.84,43169,15.1,0.4365,14.76,3.4973,3.73,57.07,1.01,89.3,22
21109,KY,JACKSON,"Jackson County, Kentucky",1048699.48,57269.51,13357,0.9903,13.5,15.4,0.14,0,30884,11.2,0.4572,20.15,2.704,2.36,53.28,0.48,86,8.97
21111,KY,JEFFERSON,"Jefferson County, Kentucky",895374.84,125774.03,759724,0.9345,16.3,14.5,20.96,4.81,50099,31.8,0.4829,11.54,6.6476,5.24,60.13,6.9,91.3,57.03
21113,KY,JESSAMINE,"Jessamine County, Kentucky",992577.37,101398.17,51015,0.9603,16.5,13.5,3.75,3.01,52748,28.7,0.4902,10.34,4.74,7.32,60.88,4.47,90.5,28.42
21115,KY,JOHNSON,"Johnson County, Kentucky",1144127.95,118244.12,23280,0.9649,13.5,16.3,0.44,0.73,35060,11.7,0.4518,3.84,3.5355,2.91,53.19,0.58,90.1,13.45
21117,KY,KENTON,"Kenton County, Kentucky",982376.97,219988.26,163393,0.9768,15.8,12.7,4.37,2.94,56568,29.1,0.4422,12.18,5.9755,6.7,58.21,2.71,91.5,36.05
21119,KY,KNOTT,"Knott County, Kentucky",1141095.10,62085.47,15884,0.9862,15.4,15.5,0.96,0.35,28165,12.9,0.484,2.7,2.8592,2.79,45.87,0.33,89.1,22.22
21121,KY,KNOX,"Knox County, Kentucky",1069440.94,149.48,31740,0.9496,15.4,16.9,1.45,1.05,26553,10.9,0.4815,12.37,3.4571,3.05,49.54,1.4,87.2,15.12
21123,KY,LARUE,"Larue County, Kentucky",899839.23,53950.43,14127,0.9594,13.4,17.1,3.52,3.14,41050,10.7,0.4273,24.2,3.0376,4.55,57.86,2.02,91.1,21.03
21125,KY,LAUREL,"Laurel County, Kentucky",1043265.12,21669.72,59950,0.9479,14.1,14.9,0.62,1.44,36139,12.5,0.4614,14.45,3.9767,3.23,54.36,0.95,88.8,14.31
21127,KY,LAWRENCE,"Lawrence County, Kentucky",1149031.86,143964.38,15870,0.9972,13.6,15.7,0.45,0.81,35016,11.5,0.4752,7.93,2.6908,3,49.7,1.12,89.2,17.83
21129,KY,LEE,"Lee County, Kentucky",1071339.84,79960.85,6896,1.0548,13.8,16.2,0.68,0.22,21185,7.6,0.4976,11.68,2.5454,2.7,48.71,0.19,89.7,17.11
21131,KY,LESLIE,"Leslie County, Kentucky",1107826.07,28158.50,10869,0.9798,13.8,16.2,0.4,0.52,25282,9.7,0.5006,4.43,2.3484,1.71,52.99,0.34,89.4,9.06
21133,KY,LETCHER,"Letcher County, Kentucky",1153267.96,37431.41,23382,0.9586,13.1,16.7,0.31,0.66,29181,11.2,0.4581,3.76,3.2853,3.27,49.95,0.35,89.1,17.45
21135,KY,LEWIS,"Lewis County, Kentucky",1086759.09,187895.23,13646,0.9878,13.8,16.8,0.4,0.7,29088,11.6,0.4864,17.64,2.3899,2.83,49.9,0.31,87.9,15.25
21137,KY,LINCOLN,"Lincoln County, Kentucky",991228.30,54198.42,24424,0.9544,13.2,16.9,2.28,1.55,35185,9.9,0.4632,15.24,3.3443,3.74,51.31,0.39,85.7,20.27
21139,KY,LIVINGSTON,"Livingston County, Kentucky",671490.96,-5525.45,9353,0.9832,11.7,20,0.24,1.51,43333,10,0.4546,8.81,2.4452,4.05,62.39,0.4,93.5,19.9
21141,KY,LOGAN,"Logan County, Kentucky",804391.04,-33132.93,26757,0.9666,13.4,17.2,6.32,2.63,39027,13.4,0.4387,26.37,2.9291,3.36,53.6,0.96,88.3,26.16
21143,KY,LYON,"Lyon County, Kentucky",696970.14,-24846.32,8325,1.261,11.8,23.1,5.59,1.37,47861,17.5,0.4549,17.96,2.7101,3.23,55.6,1.71,91,27.26
21145,KY,MCCRACKEN,"McCracken County, Kentucky",641374.34,-25381.98,65292,0.9064,13.3,18.1,11.14,2.31,42303,22.9,0.52,9.74,4.6185,4.47,61.39,2.34,91.2,30.54
21147,KY,MCCREARY,"McCreary County, Kentucky",1016308.54,-23838.19,17850,1.2171,15,13.8,5.93,3.02,18972,7.7,0.4938,13.22,2.7818,1.73,41.7,0.4,89.8,11.7
21149,KY,MCLEAN,"McLean County, Kentucky",763685.13,38396.37,9492,0.9779,11.9,18.9,0.21,1.31,43005,9.2,0.4025,17.68,2.6752,4.31,63.05,0.95,90.2,22.61
21151,KY,MADISON,"Madison County, Kentucky",1020873.37,87708.80,87324,0.9478,24.1,12.7,4.46,2.23,43707,29.1,0.4516,13.76,4.3451,5.75,54.24,2.4,91.3,33.48
21153,KY,MAGOFFIN,"Magoffin County, Kentucky",1126112.98,99888.93,12887,1.0161,13.7,14.8,0.03,0.97,29463,10.1,0.457,8.6,2.7808,2.35,51.76,0.5,89.3,23.46
21155,KY,MARION,"Marion County, Kentucky",937015.28,58846.56,19497,1.0278,13.9,15.2,8.06,2.46,40392,13,0.4565,28.91,3.0886,3.82,54.88,1.72,91.2,34.34
21157,KY,MARSHALL,"Marshall County, Kentucky",676570.88,-41776.18,31213,0.9755,12.2,21,0.58,1.34,45670,15.9,0.4307,15.97,3.6889,4.22,67.29,0.97,92.8,22.96
21159,KY,MARTIN,"Martin County, Kentucky",1172315.39,117123.48,12478,1.2459,16,13.5,5.07,1.76,29052,6.3,0.4735,4.78,3.0437,2.2,40,0.47,87.8,9.39
21161,KY,MASON,"Mason County, Kentucky",1047660.69,189953.82,17229,0.9817,14,16.4,5.52,1.57,38613,15.8,0.5196,16.26,3.3215,4.22,54.56,1.78,88.3,28.49
21163,KY,MEADE,"Meade County, Kentucky",849803.56,96413.96,28751,1.0251,15.2,12.4,3.52,3.85,50034,15.3,0.423,12.44,3.5931,4.46,56.57,1.55,89.1,25.89
21165,KY,MENIFEE,"Menifee County, Kentucky",1076461.79,119802.70,6345,1.1073,14.2,18,0.06,0.84,35280,12.3,0.4224,23.04,2.4877,2.48,55.72,0.74,92.3,25.83
21167,KY,MERCER,"Mercer County, Kentucky",967979.33,91580.49,21411,0.9803,12.5,17.8,3.71,2.49,46130,18.5,0.4371,23.4,3.5032,4.25,63.71,2.13,90.8,23.63
21169,KY,METCALFE,"Metcalfe County, Kentucky",912599.99,-7253.92,9983,0.9571,12.5,18.6,1.6,1.6,33788,11.4,0.4449,23.55,2.5883,3.31,60.02,0.99,85,21.85
21171,KY,MONROE,"Monroe County, Kentucky",908316.53,-39085.09,10692,0.9922,13,18.2,2.57,2.85,34120,15.4,0.4879,18.68,2.5284,2.24,60.31,2.01,88.7,12.32
21173,KY,MONTGOMERY,"Montgomery County, Kentucky",1048027.39,126529.61,27391,0.9686,14.5,14.8,2.98,2.57,39750,16.6,0.4532,27.16,3.9813,3.82,55.16,0.95,87.3,28.67
21175,KY,MORGAN,"Morgan County, Kentucky",1106085.26,121584.04,13379,1.2474,14.7,14.8,3.19,1.36,32517,11.9,0.4553,11.96,2.6067,2.95,44.12,0.78,91,21.71
21177,KY,MUHLENBERG,"Muhlenberg County, Kentucky",777548.52,4408.18,31216,1.0024,15.2,17.6,5.3,0.56,40445,12.1,0.4185,16.2,3.2505,3.02,53.03,0.55,90.2,25.83
21179,KY,NELSON,"Nelson County, Kentucky",916790.60,85054.32,44875,0.9757,14.6,13.3,5.38,2.02,51408,17.2,0.4542,22.68,3.7257,4.5,61.81,1.11,91.7,32.39
21181,KY,NICHOLAS,"Nicholas County, Kentucky",1034956.81,158992.73,7062,0.9396,13.1,17.1,0.99,1.8,37993,10.5,0.4719,21.76,2.637,3.41,51.98,1.3,85,28.68
21183,KY,OHIO,"Ohio County, Kentucky",800361.85,36108.27,24152,0.9756,13.4,17.2,2.22,2.83,39479,9.9,0.461,25.16,2.765,3.62,56.65,2.23,91.2,20.75
21185,KY,OLDHAM,"Oldham County, Kentucky",910934.10,151434.71,63876,1.1166,12.3,11.6,4.11,3.74,86324,39.8,0.4299,13.21,4.8807,6.44,69.5,3.06,95.8,33.41
21187,KY,OWEN,"Owen County, Kentucky",962686.16,170929.76,10673,0.9645,12.7,16.7,1.79,2.55,41597,11.3,0.4904,21.06,2.4627,3.88,61.82,0.27,91.3,22.09
21189,KY,OWSLEY,"Owsley County, Kentucky",1076759.79,60820.21,4552,0.8099,13.5,16.3,2.7,0.4,22106,17.4,0.5285,2.38,2.1864,1.65,49.16,0.26,90.2,14.8
21191,KY,PENDLETON,"Pendleton County, Kentucky",1000384.00,195344.23,14509,0.9988,14.5,14.7,0.78,1.17,49766,10.3,0.4238,17.36,3.0063,3.98,53.49,0.3,91.6,20.18
21193,KY,PERRY,"Perry County, Kentucky",1119517.57,46718.46,27818,0.9598,14.1,15,1.38,0.93,31578,14,0.5076,2.79,3.4538,2.63,48.72,1.33,89.1,20.75
21195,KY,PIKE,"Pike County, Kentucky",1187753.56,81684.66,62791,0.9625,14.5,16,0.87,0.79,32816,12.9,0.4932,6.96,3.4279,2.59,49.85,0.8,91,17.81
21197,KY,POWELL,"Powell County, Kentucky",1058634.62,105024.71,12387,0.9618,14.2,14.2,0.52,1.43,34048,14.1,0.4574,24.32,3.2855,3.47,52.93,1.13,91.1,26.58
21199,KY,PULASKI,"Pulaski County, Kentucky",1003216.70,15968.87,63772,0.9558,13.5,17.7,1.1,2.32,34673,14.7,0.5063,12.86,3.6216,3.32,56.74,1.88,90.8,15.52
21201,KY,ROBERTSON,"Robertson County, Kentucky",1029222.73,178973.78,2191,1.0381,13.4,25.7,1.51,1.51,30964,17,0.5087,26.13,2.1362,3.16,56.25,0.09,93.9,22.63
21203,KY,ROCKCASTLE,"Rockcastle County, Kentucky",1022457.57,47804.48,16893,0.9561,13.5,16.7,0.21,0.49,33500,9.7,0.4578,21.14,3.0255,2.5,50.84,0.2,91.4,14.03
21205,KY,ROWAN,"Rowan County, Kentucky",1088035.44,150142.17,24302,0.9386,29.8,13,1.32,2.23,36216,26.6,0.4802,15.14,3.5125,4.28,44.89,3.09,88.2,38.91
21207,KY,RUSSELL,"Russell County, Kentucky",962574.50,-1560.17,17684,0.9579,12.6,18.6,0.25,3.53,31539,12.7,0.4607,21.67,3.2928,2.67,59.64,2.26,85.9,13.74
21209,KY,SCOTT,"Scott County, Kentucky",986683.60,148045.64,51348,0.9824,15.8,10.7,5.22,4.29,64329,28.4,0.4121,25.2,4.2536,5.92,63.52,3.39,91.7,33.89
21211,KY,SHELBY,"Shelby County, Kentucky",935090.07,133401.60,44967,0.9346,14.5,13.7,7.25,8.85,61737,23.8,0.437,15.21,3.8228,5.38,60.3,6.61,89,32.23
21213,KY,SIMPSON,"Simpson County, Kentucky",831777.48,-43694.76,17856,0.9717,13.7,15.5,10.2,2.11,42288,14.2,0.4317,25.91,3.3823,4.12,55.86,1.67,88.5,29.69
21215,KY,SPENCER,"Spencer County, Kentucky",925921.72,111730.09,17798,1.012,12.6,12.3,1.7,1.89,65700,18.7,0.368,20.1,3.6058,4.18,70.25,1.21,93.6,21.07
21217,KY,TAYLOR,"Taylor County, Kentucky",934280.21,37549.66,25315,0.9586,19.1,17.1,4.5,2.12,32977,17.3,0.4517,17.16,3.6027,3.83,57.33,1.51,87.6,23.48
21219,KY,TODD,"Todd County, Kentucky",778231.99,-38315.24,12465,0.9992,14.2,15.9,7.99,3.91,41306,11.7,0.4266,19.93,2.5534,2.62,52.45,2.34,80.9,22.39
21221,KY,TRIGG,"Trigg County, Kentucky",717428.12,-47035.36,14267,0.9614,10.4,21.3,8.78,1.86,45032,18,0.4441,15.95,2.524,3.45,60.9,0.88,86.8,24.35
21223,KY,TRIMBLE,"Trimble County, Kentucky",917805.13,176288.45,8751,0.983,12.7,16,0,2.88,45935,11.6,0.4322,20.75,3.1037,3.9,56.81,0.53,86.8,24.08
21225,KY,UNION,"Union County, Kentucky",703003.88,47564.25,15065,1.0665,21.2,15,12.78,1.88,41255,12.2,0.424,13.7,2.8312,2.88,51.66,1.12,89.9,22.07
21227,KY,WARREN,"Warren County, Kentucky",842889.85,-14249.69,121066,0.958,23.7,11.9,9.2,4.96,46929,29.1,0.4582,16.75,4.4579,5.81,51.64,9.26,90.4,37.17
21229,KY,WASHINGTON,"Washington County, Kentucky",942696.15,82143.01,12017,0.9762,15.1,17.1,5.88,3.98,43719,14.8,0.4139,27.86,2.7478,3.6,60.99,2.29,89.6,26.14
21231,KY,WAYNE,"Wayne County, Kentucky",985214.80,-20328.70,20557,0.99,13.5,18.1,2.39,2.92,30260,9.3,0.4477,23.13,2.852,2.38,49.53,1.28,88.5,18.34
21233,KY,WEBSTER,"Webster County, Kentucky",727192.59,33908.29,13331,0.9797,14.9,16.1,4.46,4.95,38374,8.9,0.4439,20.53,2.7412,2.89,56.33,2.79,90.2,22
21235,KY,WHITLEY,"Whitley County, Kentucky",1045801.00,-17828.47,35842,0.9688,17.9,14.8,0.98,1.11,32397,17.9,0.4891,15.04,3.4534,2.87,50.7,0.54,89.3,15.45
21237,KY,WOLFE,"Wolfe County, Kentucky",1088558.11,98556.14,7221,0.949,11.9,17.7,0.33,0.28,21797,11.8,0.5215,13.66,2.5296,2.96,47.83,0,89,29.45
21239,KY,WOODFORD,"Woodford County, Kentucky",976249.55,118663.96,25591,0.925,12.6,15.8,4.7,6.59,59471,31.9,0.452,12.94,3.9575,6.69,68.74,4.76,92,39.18
22001,LA,ACADIA,"Acadia Parish, Louisiana",344520.09,-798659.47,62372,0.9446,15.7,13.5,17.91,2.18,39837,11.1,0.4644,8.42,3.6044,2.15,59.99,1.46,84.4,21.04
22003,LA,ALLEN,"Allen Parish, Louisiana",303243.56,-759849.18,25619,1.3697,15.7,13.6,19.71,4.26,41801,11.9,0.4771,7.64,2.5637,2.94,45.85,3.35,87,23.47
22005,LA,ASCENSION,"Ascension Parish, Louisiana",489016.60,-801721.91,117009,0.9857,14.8,10.3,21.84,5.08,71752,26.6,0.4086,13.74,5.0486,3.77,64.63,2.58,89.7,31.31
22007,LA,ASSUMPTION,"Assumption Parish, Louisiana",476242.82,-836052.86,22973,0.9654,15.1,15.4,29.95,2.56,47822,11.4,0.4732,14.02,3.2654,2.38,61.56,1.31,86.2,36.93
22009,LA,AVOYELLES,"Avoyelles Parish, Louisiana",380254.31,-709846.54,41252,1.0103,15.2,15.5,30.53,1.71,34985,10.1,0.492,5.73,2.9515,2.33,52.83,0.89,83.5,31.08
22011,LA,BEAUREGARD,"Beauregard Parish, Louisiana",253990.70,-761848.55,36435,1.0429,15.1,14.4,13.12,3.57,46599,16.3,0.4457,10.36,2.4978,2.96,55.25,2.77,83.4,16.36
22013,LA,BIENVILLE,"Bienville Parish, Louisiana",275619.07,-572043.11,13924,0.9307,14.2,19,41.4,1.77,35722,13,0.4985,14.53,1.8911,1.71,65.25,0.37,84.6,45.45
22015,LA,BOSSIER,"Bossier Parish, Louisiana",223318.09,-536543.07,124720,0.9793,17.4,12.7,21.48,6.36,51894,26,0.4443,6.17,4.0485,3.48,53.5,4.46,88.4,26.27
22017,LA,CADDO,"Caddo Parish, Louisiana",197712.61,-548189.30,253125,0.9059,16.6,14.8,48.64,2.7,40815,23.8,0.5147,5.84,4.7117,3.13,55.29,2.28,85.5,52.18
22019,LA,CALCASIEU,"Calcasieu Parish, Louisiana",253909.91,-808420.43,197233,0.9523,16.9,13.7,24.84,3.03,46457,20.6,0.4653,11.21,4.2704,3.94,56.56,2.42,85.5,32.67
22021,LA,CALDWELL,"Caldwell Parish, Louisiana",364689.55,-597270.40,9997,1.1225,15,16.4,16.41,2.76,29832,11.8,0.5299,4.63,1.9866,1.75,61.11,1.74,78.8,17.09
22023,LA,CAMERON,"Cameron Parish, Louisiana",270847.55,-847171.29,6739,0.9539,13.7,15.3,1.59,5.07,65679,16.9,0.4074,9.1,0.7056,3.06,71.43,3.38,90.3,9.02
22025,LA,CATAHOULA,"Catahoula Parish, Louisiana",392033.47,-643651.45,10145,1.1448,16.6,15.8,32.76,1.28,34736,13.1,0.5207,2.81,1.7106,1.13,61.37,1.46,75.8,27.54
22027,LA,CLAIBORNE,"Claiborne Parish, Louisiana",279576.47,-518871.34,16452,1.3356,16.8,17.7,50.5,1.39,28927,13,0.5033,13.42,2.13,1.85,48.06,0.74,84.4,43.11
22029,LA,CONCORDIA,"Concordia Parish, Louisiana",412691.53,-667279.22,20288,1.0302,15.7,15.5,41.1,1.29,28405,11.3,0.5043,4.33,2.4194,1.39,57.77,0.5,73.6,37.4
22031,LA,DE SOTO,"De Soto Parish, Louisiana",212636.59,-606300.84,27047,0.9328,14.4,16,37.38,2.76,42368,13.5,0.4885,10.9,2.4778,1.98,65.68,1.11,86.8,39.03
22033,LA,EAST BATON ROUGE,"East Baton Rouge Parish, Louisiana",469407.60,-765538.93,445337,0.9198,22.3,12.4,45.76,3.87,49942,34.2,0.5004,7.38,5.9339,4.58,57.15,5.17,88.2,54.85
22035,LA,EAST CARROLL,"East Carroll Parish, Louisiana",443821.27,-522220.93,7419,1.3456,22.9,12.9,71.13,0.78,22093,11.3,0.5026,6.13,1.9182,1.43,52.06,0.75,80.2,63.44
22037,LA,EAST FELICIANA,"East Feliciana Parish, Louisiana",472413.24,-731225.77,19756,1.1927,15.2,16.1,44.95,1.48,48997,12.9,0.4327,11.09,2.8228,2.37,62.99,0.78,88.8,43.2
22039,LA,EVANGELINE,"Evangeline Parish, Louisiana",343261.46,-749972.39,33765,1.0486,16.7,14.1,27.42,3.17,30724,11.9,0.496,8.73,2.9797,2.11,59.4,3.03,85.7,28.89
22041,LA,FRANKLIN,"Franklin Parish, Louisiana",406024.24,-590931.36,20464,0.9488,14.5,17,33.12,0.31,32440,11.9,0.4871,5.71,2.5377,1.55,60.18,0.21,80.3,27.78
22043,LA,GRANT,"Grant Parish, Louisiana",325100.08,-653703.11,22372,1.2761,15.3,13.9,14.33,5.96,40389,9.3,0.4449,10.74,2.5977,2.63,50.55,3.23,87.8,13.75
22045,LA,IBERIA,"Iberia Parish, Louisiana",411903.04,-839646.89,73799,0.954,15.7,13.6,31.23,3.86,44573,13.7,0.4924,9.67,3.9046,2.63,59.91,3.9,84.7,33.85
22047,LA,IBERVILLE,"Iberville Parish, Louisiana",446684.93,-797785.57,33159,1.0284,17,13.7,49.15,2.48,46480,13.4,0.4813,13.7,3.0299,2.49,61.71,0.64,87.8,53.21
22049,LA,JACKSON,"Jackson Parish, Louisiana",322424.29,-575500.85,15999,1.0423,14.9,18.2,30.23,1.53,38310,13.6,0.4573,16.33,2.3844,2.09,59.89,1.3,86.7,29.27
22051,LA,JEFFERSON,"Jefferson Parish, Louisiana",567145.58,-843542.18,435204,0.9457,15.9,15.1,26.52,13.85,49457,24.8,0.4722,6.08,6.3428,4.17,53.51,12.37,85,42.32
22053,LA,JEFFERSON DAVIS,"Jefferson Davis Parish, Louisiana",306011.86,-802570.95,31399,0.9566,14.7,15.3,16.49,2.16,39202,14.5,0.4875,6.94,2.9238,2.96,61.03,0.84,88.1,22.23
22055,LA,LAFAYETTE,"Lafayette Parish, Louisiana",378317.03,-806629.70,234963,0.9564,19.4,11.3,25.53,4.4,52435,30.9,0.4892,6.51,5.8218,4.43,59.06,4.2,86.6,32.43
22057,LA,LAFOURCHE,"Lafourche Parish, Louisiana",539851.50,-869695.83,97688,0.9639,17.1,13.7,13.28,4.29,52071,16.2,0.4414,11.58,3.564,3.03,55.8,3.22,86,20.86
22059,LA,LA SALLE,"LaSalle Parish, Louisiana",362449.56,-643711.14,14927,1.0848,16.1,15.8,12.35,2.54,35339,11,0.4879,3.34,2.222,1.95,57,2.34,85.7,9.39
22061,LA,LINCOLN,"Lincoln Parish, Louisiana",311229.04,-542476.22,47480,0.9502,32.9,12.3,40.81,2.79,34527,35.4,0.5392,6.3,3.66,4.29,49.27,3.95,84.8,39.78
22063,LA,LIVINGSTON,"Livingston Parish, Louisiana",505181.20,-774533.32,135925,0.9595,15.5,11.7,5.98,3.36,57334,17.4,0.429,11.68,4.3941,3.39,57.71,2.19,86.5,12.46
22065,LA,MADISON,"Madison Parish, Louisiana",445177.15,-563243.39,11803,0.9941,18.2,12.8,63.08,1.93,25404,12,0.5008,5.39,1.9876,1.29,53.1,0.45,70.9,58.75
22067,LA,MOREHOUSE,"Morehouse Parish, Louisiana",390638.38,-514930.72,26739,0.9147,14.7,16.9,48.17,1.2,30279,13.7,0.5043,13.65,2.564,1.65,58.79,0.66,84.1,44.22
22069,LA,NATCHITOCHES,"Natchitoches Parish, Louisiana",273985.95,-641648.60,39258,0.9054,22.5,15.2,40.44,2.1,30697,18.7,0.5513,15.49,2.4936,3.06,55.63,1.56,84,44.34
22071,LA,ORLEANS,"Orleans Parish, Louisiana",584262.36,-811116.99,382922,0.915,20,12.2,59.84,5.47,37488,36.2,0.5702,3.94,6.7715,4.54,54.54,5.89,85.8,84.65
22073,LA,OUACHITA,"Ouachita Parish, Louisiana",359343.05,-554423.25,156398,0.9206,17.8,13.4,37.52,2.1,38974,24.2,0.4989,7.53,4.5944,2.73,58.53,1.63,83.4,36.92
22075,LA,PLAQUEMINES,"Plaquemines Parish, Louisiana",619734.76,-878617.42,23584,0.9655,15.3,12,20.72,6.21,50251,15.8,0.4625,8.21,2.4569,3.08,61.16,5.93,87.7,32.66
22077,LA,POINTE COUPEE,"Pointe Coupee Parish, Louisiana",420226.97,-748912.19,22366,0.9323,13.5,18.2,35.21,2.33,44275,13.9,0.4932,10.21,2.7405,1.77,68.38,1.36,84.5,41.24
22079,LA,RAPIDES,"Rapides Parish, Louisiana",329202.07,-698227.05,132373,0.9349,15.6,14.9,31.99,2.92,42132,19.9,0.4747,7.51,3.6578,3,57.49,2.93,86.4,33.23
22081,LA,RED RIVER,"Red River Parish, Louisiana",249849.02,-601132.96,8757,0.9344,14.4,16.4,37.35,1.91,36831,13.5,0.5482,8.94,2.1621,2.1,66.97,0.78,84,44.77
22083,LA,RICHLAND,"Richland Parish, Louisiana",396181.53,-559609.89,20692,0.9484,15.3,15.3,36.37,2.02,35684,13.7,0.4767,7.3,2.6592,1.59,61.84,0.27,75.2,33.43
22085,LA,SABINE,"Sabine Parish, Louisiana",231212.64,-660605.45,24144,0.9911,13.5,18.5,16.75,3.65,39372,13.9,0.4876,9.7,2.3755,2.09,53.48,1.46,84,17.77
22087,LA,ST. BERNARD,"St. Bernard Parish, Louisiana",621670.11,-830816.10,44091,0.9781,17.7,9.9,21.95,9.68,43565,13.2,0.4377,9.14,3.8088,3.91,49.07,5.43,87.4,32.64
22089,LA,ST. CHARLES,"St. Charles Parish, Louisiana",544081.52,-831752.75,52708,0.9576,15.1,11.4,26.36,5.69,61691,20.7,0.428,12.4,4.2942,3.86,66.61,4.03,87.2,33.99
22091,LA,ST. HELENA,"St. Helena Parish, Louisiana",504489.08,-732075.12,10714,0.9448,15.9,17.4,53.17,0.12,36418,10.6,0.4904,11.75,2.3154,1.91,71.83,0.88,79.4,57.32
22093,LA,ST. JAMES,"St. James Parish, Louisiana",501132.92,-820770.01,21581,0.9307,15.6,15.1,49.99,1.49,51386,14.4,0.4521,21.86,3.5409,1.75,73.3,0.63,87,54.05
22095,LA,ST. JOHN THE BAPTIST,"St. John the Baptist Parish, Louisiana",531773.64,-807903.71,43888,0.9579,16.2,12.4,55.12,5.5,51406,16.9,0.4243,12.52,4.3703,2.47,63.27,3.22,86.9,62.59
22097,LA,ST. LANDRY,"St. Landry Parish, Louisiana",382053.33,-762888.50,83699,0.9214,15,14.8,41.19,1.92,31424,13.2,0.5131,4.06,3.5547,1.99,65.43,1.07,85.9,43.92
22099,LA,ST. MARTIN,"St. Martin Parish, Louisiana",422552.47,-813325.29,53385,0.9777,15.7,13.2,29.32,2.68,46450,13.8,0.4584,9.26,3.3301,2.37,64.31,2.05,86.4,32.88
22101,LA,ST. MARY,"St. Mary Parish, Louisiana",440623.67,-859609.97,53053,0.976,15.8,14.5,31.39,6.47,40771,11,0.4641,14.02,3.6075,2.05,57.27,4.05,83.6,35.92
22103,LA,ST. TAMMANY,"St. Tammany Parish, Louisiana",579048.96,-773459.47,246269,0.9462,13.1,14.9,11.59,5.24,63686,31.3,0.459,5.87,4.7224,4.63,66.99,3.49,88.4,23.36
22105,LA,TANGIPAHOA,"Tangipahoa Parish, Louisiana",534806.14,-752115.13,127115,0.9427,19,12.9,29.35,3.91,43690,19.8,0.4707,8.43,4.1275,3.01,54.76,1.91,84.7,33.2
22107,LA,TENSAS,"Tensas Parish, Louisiana",438029.58,-604083.23,4793,0.95,11.1,20.1,55.69,1.73,22385,9.1,0.4999,2.68,1.1217,1.33,71.07,0.19,71.9,52.98
22109,LA,TERREBONNE,"Terrebonne Parish, Louisiana",498064.25,-888855.47,113099,0.9766,16.6,12.6,19.08,4.84,48166,14.3,0.4568,7.99,3.5682,3.03,52.24,3.73,83.4,25.05
22111,LA,UNION,"Union Parish, Louisiana",337312.16,-515819.57,22460,0.9771,14.1,18.6,25.58,4.55,37049,12.1,0.4738,11.08,2.2914,2.12,62.67,1.98,86,25.24
22113,LA,VERMILION,"Vermilion Parish, Louisiana",354884.92,-847581.32,59524,0.9346,14.7,13.8,14.15,3.16,47083,12.3,0.4513,6.9,2.975,2.78,58.43,2.59,86.8,19.49
22115,LA,VERNON,"Vernon Parish, Louisiana",267704.42,-710305.66,52101,1.1117,23.1,10.5,14.35,9.15,46561,17.8,0.422,4.39,2.7179,2.99,43.49,3.97,88.4,16.52
22117,LA,WASHINGTON,"Washington Parish, Louisiana",568082.48,-724806.50,46367,0.9734,14.2,16.1,29.81,2.03,31013,11.9,0.49,6.51,3.2861,2.04,53.07,1.57,83.9,31.19
22119,LA,WEBSTER,"Webster Parish, Louisiana",248372.63,-532012.36,40335,0.9413,15,18.1,34.45,1.74,31920,13.9,0.4804,10.31,3.2679,1.89,58.42,0.76,83.3,35.16
22121,LA,WEST BATON ROUGE,"West Baton Rouge Parish, Louisiana",449054.88,-774884.80,25017,0.9885,16.7,12.2,38.05,2.85,53882,19.7,0.4448,14.37,3.9161,3.16,67.3,1.37,89.4,43.73
22123,LA,WEST CARROLL,"West Carroll Parish, Louisiana",422881.30,-516994.72,11370,1.0231,14.1,18,15.98,3.02,36670,12.4,0.5012,6.91,2.502,1.55,54.86,0.99,70.8,15.26
22125,LA,WEST FELICIANA,"West Feliciana Parish, Louisiana",436557.30,-729161.96,15384,1.539,20.5,14,45.53,1.57,53364,22.5,0.4712,7.36,2.6899,2.78,45.42,0.58,88.7,39.87
22127,LA,WINN,"Winn Parish, Louisiana",316438.32,-615614.13,14695,1.1114,14.9,16.1,31.34,1.86,32063,12.6,0.5011,11.09,1.7871,1.88,55.31,0.54,82.8,26.3
23001,ME,ANDROSCOGGIN,"Androscoggin County, Maine",2031135.33,1023331.92,107376,0.9591,15,15.8,1.75,1.73,48728,20.7,0.4338,11.93,4.4841,7.85,66.39,2.99,91.4,44.91
23003,ME,AROOSTOOK,"Aroostook County, Maine",2075841.91,1324260.56,69405,0.9745,12.8,21.3,0.86,1.06,38087,18.1,0.4454,10.25,1.3905,6.53,62.35,4.36,90.5,40.8
23005,ME,CUMBERLAND,"Cumberland County, Maine",2025859.72,984932.48,288204,0.9468,15.5,16.3,2.72,1.92,61902,44.1,0.4638,6.99,4.8915,6.48,74.15,6.3,92.5,64.09
23007,ME,FRANKLIN,"Franklin County, Maine",1989081.35,1105001.88,30270,0.9619,16.2,19.5,0.43,1.27,43007,25.8,0.4346,10.07,1.9296,9.43,66.67,2.26,89.1,46.98
23009,ME,HANCOCK,"Hancock County, Maine",2156702.60,1117300.27,54483,0.9491,12.7,21.4,0.59,1.3,50037,32.5,0.4702,5.56,2.5844,7.18,71.66,3.23,87.1,54.04
23011,ME,KENNEBEC,"Kennebec County, Maine",2057425.78,1058889.99,120953,0.9466,14.2,17.5,0.94,1.43,48570,25.3,0.4335,7.59,3.9859,7.9,68.34,2.41,91.5,48.05
23013,ME,KNOX,"Knox County, Maine",2111506.07,1043326.16,39717,0.9744,11.4,22.1,0.62,1.24,52239,30.2,0.413,8.01,3.7376,6.72,71.51,2.78,87.6,57.63
23015,ME,LINCOLN,"Lincoln County, Maine",2085040.96,1027030.86,34165,0.9642,11.4,25.1,0.15,1.03,53515,32.4,0.4315,9.05,3.3652,7.14,76.1,3.19,88.6,51.29
23017,ME,OXFORD,"Oxford County, Maine",1979186.04,1047442.49,57299,0.9821,12,19.2,0.34,1.2,42197,18.2,0.4219,12.2,2.3658,9.03,67.98,1.87,89,42.89
23019,ME,PENOBSCOT,"Penobscot County, Maine",2111424.21,1189024.99,152978,0.975,18.7,16.5,0.77,1.24,45302,24.7,0.4484,5.62,2.8557,7.55,64.76,2.71,89.5,44.1
23021,ME,PISCATAQUIS,"Piscataquis County, Maine",2050322.60,1221761.37,17044,0.9879,10.3,23.5,0.52,1.23,36938,16.3,0.4283,17.88,0.5077,7.38,65.46,1.71,87.2,36.43
23023,ME,SAGADAHOC,"Sagadahoc County, Maine",2064397.11,1008809.11,35134,0.943,12.6,19.4,0.73,1.47,55766,33.5,0.4193,14.57,3.978,7.62,76.24,2.54,92.2,53.41
23025,ME,SOMERSET,"Somerset County, Maine",2009774.19,1172660.19,51363,0.9753,12.1,19,0.53,0.99,40484,15.8,0.4305,13.42,1.6201,7.56,63.43,1.73,88.7,37.74
23027,ME,WALDO,"Waldo County, Maine",2102028.16,1082543.78,39071,0.9773,12.4,19.4,0.59,1.14,45480,29.2,0.4372,8.76,3.0285,8.32,72.29,2.58,88.1,50.15
23029,ME,WASHINGTON,"Washington County, Maine",2200077.15,1173054.34,31925,0.9773,12.3,21.9,0.43,1.82,39469,20.1,0.454,8.84,1.5707,7.31,63.36,3.97,87.3,40.05
23031,ME,YORK,"York County, Maine",2012281.62,938564.58,200536,0.9541,13.3,17.9,0.87,1.56,59132,30.1,0.4322,12.36,4.3586,7.02,71.14,3.07,91.3,52.56
24001,MD,ALLEGANY,"Allegany County, Maryland",1463650.93,371382.66,73060,1.0884,19.2,19,8.24,1.69,41559,18,0.4542,7.06,4.1973,4.92,50.92,2.26,93.2,27.02
24003,MD,ANNE ARUNDEL,"Anne Arundel County, Maryland",1652454.10,338036.32,559737,0.9786,16,13.4,15.9,7.04,91918,39.4,0.4159,4.99,6.2556,7.13,62.42,8.27,94,51.2
24005,MD,BALTIMORE,"Baltimore County, Maryland",1639241.52,387524.91,825666,0.9,16.5,15.8,27.48,4.95,68989,37.2,0.4454,5.44,6.2781,5.83,60.35,11.88,92.6,59.37
24009,MD,CALVERT,"Calvert County, Maryland",1666060.15,287850.05,90527,0.9869,14,13,12.29,3.42,96808,29.3,0.3794,3.79,5.0995,6.34,69.09,2.98,94,41.05
24011,MD,CAROLINE,"Caroline County, Maryland",1720559.52,336984.88,32653,0.9401,14.4,15.2,13.51,6.43,50830,15.3,0.4206,8.55,3.6755,5.22,56.8,3.99,89.9,29.97
24013,MD,CARROLL,"Carroll County, Maryland",1604990.74,391984.82,167535,0.9793,14.2,15.3,3.31,3.04,87060,33.7,0.4035,6.71,4.9734,7.69,70.74,3.61,95.6,31.34
24015,MD,CECIL,"Cecil County, Maryland",1694969.99,411686.17,102175,0.9812,14.6,13.7,6.7,4,67938,22.5,0.4069,9.26,4.7356,6.08,57.92,3.26,93,32.1
24017,MD,CHARLES,"Charles County, Maryland",1631026.81,276554.86,154357,0.9327,15.4,11,42.63,5.14,91373,27.4,0.3891,2.61,4.869,4.28,67.55,6,95.6,65.83
24019,MD,DORCHESTER,"Dorchester County, Maryland",1714433.38,291114.05,32451,0.9165,13.7,19.6,28.05,4.67,47907,20.8,0.4682,10.89,3.1429,3.72,59.54,3.97,93.5,42.6
24021,MD,FREDERICK,"Frederick County, Maryland",1575617.61,375735.15,243465,0.9731,14.8,12.9,9.12,8.41,85715,39.7,0.4002,5.82,4.9582,7.66,67.92,9.9,93.9,48.71
24023,MD,GARRETT,"Garrett County, Maryland",1417351.94,352400.57,29677,0.9816,13.6,20,0.63,1.01,46277,19.2,0.4423,7.76,2.8739,4.77,58.94,1.28,91.1,19.24
24025,MD,HARFORD,"Harford County, Maryland",1663866.14,403927.58,249776,0.956,14.5,14.5,13.51,4.09,81052,34.5,0.4065,6.78,5.3965,6.53,69.5,5.43,95.4,37.68
24027,MD,HOWARD,"Howard County, Maryland",1619591.02,359260.66,308447,0.9603,13.9,12.2,18.32,6.35,113800,61,0.3966,4.79,6.1624,7.47,69.83,19.86,94.9,68.36
24029,MD,KENT,"Kent County, Maryland",1694083.50,375212.74,19819,0.9279,18.3,24.3,14.88,4.39,55028,30.5,0.4547,8.78,3.3186,5.69,60.63,4.33,93.4,48.41
24031,MD,MONTGOMERY,"Montgomery County, Maryland",1599228.05,342069.33,1026371,0.9301,14.3,13.7,17.81,18.57,100352,58.1,0.4603,3.02,6.6894,5.92,60.99,32.61,90.7,79.42
24033,MD,PRINCE GEORGE'S,"Prince George's County, Maryland",1636067.83,314417.36,897693,0.9266,18.3,11.3,63.51,16.74,75925,31.5,0.3951,2.1,6.5765,3.46,56.26,21.39,87.1,91.29
24035,MD,QUEEN ANNE'S,"Queen Anne's County, Maryland",1700082.78,355110.78,48712,0.9833,12.5,17.3,7.23,3.42,85891,35,0.4091,5.64,3.924,5.87,70.08,3.88,95,31.94
24037,MD,ST. MARY'S,"St. Mary's County, Maryland",1668398.44,260763.28,110675,0.9942,16.6,11.8,14.07,4.64,86810,29.9,0.3967,4.9,4.7838,7.31,59.97,4.36,94,37.95
24039,MD,SOMERSET,"Somerset County, Maryland",1745173.17,255632.28,25899,1.1649,24.7,15.4,41.84,3.62,35886,14,0.4695,3.06,3.4428,3.67,46,5.1,90.9,44
24041,MD,TALBOT,"Talbot County, Maryland",1700577.68,321219.73,37668,0.8895,11.1,26.4,11.08,6.1,61395,35.8,0.5073,5.16,3.9919,5.72,67.11,5.89,93.1,44.66
24043,MD,WASHINGTON,"Washington County, Maryland",1538040.61,383391.06,149571,1.0342,14.9,15.8,10.3,4.2,56316,20.1,0.4354,8.6,4.8375,5.86,56.78,5.22,92.1,34.01
24045,MD,WICOMICO,"Wicomico County, Maryland",1750150.41,286260.59,101527,0.9097,21.7,14.3,24.62,4.89,53508,27.4,0.4416,9.78,4.6511,5.4,53.73,8.35,90.9,44.85
24047,MD,WORCESTER,"Worcester County, Maryland",1778256.70,273987.65,51441,0.9454,12.3,25.5,13.72,3.36,57227,29.9,0.4552,4.22,3.7475,4.63,66.78,4.59,92.2,36.17
24510,MD,BALTIMORE CITY,"Baltimore city, Maryland",1644880.47,370666.89,621000,0.8885,20.9,12.3,62.99,4.76,44262,29.7,0.5156,4.63,7.9937,4.81,48.86,7.81,91,88.94
25001,MA,BARNSTABLE,"Barnstable County, Massachusetts",2097455.20,758708.06,214703,0.9142,11.5,27.8,2.61,2.64,65382,41.1,0.4604,3.55,5.3485,5.48,74.13,6.95,96.5,57.24
25003,MA,BERKSHIRE,"Berkshire County, Massachusetts",1847364.61,768129.98,128563,0.9351,14.9,20.9,2.65,4.06,52253,32.6,0.4656,8.22,3.9807,6.56,61.47,5.75,97,72.19
25005,MA,BRISTOL,"Bristol County, Massachusetts",2029834.04,748704.14,554868,0.9392,15.8,15.7,3.77,7.01,59343,26.5,0.4539,11.49,5.9593,5.61,56.94,12.27,96.6,55.13
25007,MA,DUKES,"Dukes County, Massachusetts",2078611.62,715437.89,17137,0.9242,13,20.4,3.7,1.67,63534,39.8,0.5239,4.3,4.16,5.43,82.05,9.32,92.6,77.23
25009,MA,ESSEX,"Essex County, Massachusetts",2017231.82,846770.06,769362,0.9291,15.4,15.6,4.05,18.83,70886,38,0.4783,10.68,6.4023,5.59,63.3,15.83,96.5,61.99
25011,MA,FRANKLIN,"Franklin County, Massachusetts",1890401.17,803333.50,70916,0.9593,13.6,18.2,1.25,3.66,56347,35.9,0.4438,10.33,3.6676,8.74,65.89,5.2,97.2,70.25
25013,MA,HAMPDEN,"Hampden County, Massachusetts",1899442.95,753978.01,468072,0.9329,17.4,15.3,8.61,23.31,51005,26.2,0.4655,11.55,5.6798,5.83,55.99,8.97,96.5,58.86
25015,MA,HAMPSHIRE,"Hampshire County, Massachusetts",1891314.09,775568.72,161035,0.8786,28.8,14.8,2.82,5.25,62608,44.7,0.464,6.74,4.7701,6.99,60.96,7.85,97.1,71.76
25017,MA,MIDDLESEX,"Middlesex County, Massachusetts",1987990.62,817243.77,1567610,0.9536,17.5,14,5.02,7.47,89019,53,0.471,9.84,6.6069,5.6,62.99,19.96,97.1,70.3
25019,MA,NANTUCKET,"Nantucket County, Massachusetts",2128475.21,716109.66,10694,1.1534,13.6,14,6.79,11.86,89428,42,0.46,2.56,4.4947,5.74,74.78,17.64,94.3,68.67
25021,MA,NORFOLK,"Norfolk County, Massachusetts",2011593.24,785951.65,691218,0.9201,14.8,15.7,6.38,3.99,90226,51.2,0.4806,6.89,6.5129,5.54,66.8,16.74,97.9,64.95
25023,MA,PLYMOUTH,"Plymouth County, Massachusetts",2049443.72,771836.46,506657,0.9475,13.7,16.2,9.09,3.56,77627,35,0.4445,6.81,5.6935,5.99,67.96,8.62,97.1,54.01
25025,MA,SUFFOLK,"Suffolk County, Massachusetts",2017707.13,807600.97,767719,0.9367,27.6,11,22.55,21.81,57439,42.7,0.5327,4.79,8.5348,4.07,48.57,28.8,95.6,82.98
25027,MA,WORCESTER,"Worcester County, Massachusetts",1950999.04,792021.06,813589,0.9734,16.2,14.1,4.8,10.48,67005,34.8,0.4516,12.73,5.3373,7.1,60.46,11.57,97,55.76
26001,MI,ALCONA,"Alcona County, Michigan",978697.39,867882.30,10461,1.0179,8.1,34.5,0.25,1.39,38160,14.5,0.4202,16.63,1.7897,4.28,68.26,1.72,91.2,29.19
26003,MI,ALGER,"Alger County, Michigan",723122.35,1031188.02,9396,1.2218,13,23.4,7.32,1.35,41270,18.1,0.422,12.75,1.3774,5.98,56.9,0.93,89.9,39.15
26005,MI,ALLEGAN,"Allegan County, Michigan",823247.75,614079.56,113666,0.9928,13.4,15.1,1.43,7.08,55630,21.4,0.4129,25.97,3.9737,6.37,65.35,2.83,92.3,34.56
26007,MI,ALPENA,"Alpena County, Michigan",971126.81,906117.16,28929,0.9718,12.2,21.6,0.59,1.3,39832,16.8,0.4314,10.28,2.972,4.97,63.11,1.16,90.1,34.92
26009,MI,ANTRIM,"Antrim County, Michigan",853289.25,887633.81,23215,0.9891,10.4,25.4,0.34,1.96,48825,26.7,0.4583,17.62,2.9361,4.9,72.32,2.02,90.7,34.44
26011,MI,ARENAC,"Arenac County, Michigan",963921.78,796223.99,15327,1.0231,11.7,22.7,0.5,1.9,39240,11.4,0.4252,15.49,2.7908,4.7,61.53,1.02,90.6,32.51
26013,MI,BARAGA,"Baraga County, Michigan",585718.27,1047068.25,8612,1.5707,16.9,18.7,18.2,1.42,42810,15.6,0.4305,14.01,1.3088,5.04,48.83,1.95,92.4,34.88
26015,MI,BARRY,"Barry County, Michigan",870189.51,619652.01,59316,1.0126,12.8,16.9,0.62,2.58,56883,18.9,0.3846,23.19,3.7235,6.64,66.32,1.46,93.5,32.19
26017,MI,BAY,"Bay County, Michigan",961241.44,755745.51,106107,0.9703,14.3,18.3,1.49,5.04,45851,18.1,0.4371,15.73,4.5286,5.68,63.2,1.45,92.6,43.31
26019,MI,BENZIE,"Benzie County, Michigan",788977.65,840195.02,17462,0.995,10.9,24,0.43,2.27,48694,25.6,0.4007,10.51,3.0487,5.68,72.4,1.49,89.2,42.58
26021,MI,BERRIEN,"Berrien County, Michigan",787903.89,538809.18,155134,0.9579,14.3,17.7,14.82,5.05,45980,26.8,0.472,19.82,4.6587,5.4,59.91,6.07,89.9,43.28
26023,MI,BRANCH,"Branch County, Michigan",899165.76,546553.79,43603,1.0701,13.4,16.7,2.3,4.33,46428,13.6,0.4089,24.21,3.5039,4.62,53.09,3.19,88.1,30.04
26025,MI,CALHOUN,"Calhoun County, Michigan",899270.50,583770.55,134691,0.956,15,16.3,10.81,4.83,44681,20.8,0.4402,24.16,4.2991,5.52,57.02,3.58,91.7,43.41
26027,MI,CASS,"Cass County, Michigan",822673.32,538003.29,51795,1.0128,12.7,19.2,4.8,3.48,47991,17.4,0.4503,27.75,3.7088,4.79,55.5,1.43,90,33.79
26029,MI,CHARLEVOIX,"Charlevoix County, Michigan",850616.48,921221.98,26172,0.9727,11.7,21.4,0.35,1.72,48603,28.5,0.4687,18.37,3.1893,5.33,69.94,1.87,91.3,37.19
26031,MI,CHEBOYGAN,"Cheboygan County, Michigan",897362.01,942923.20,25579,0.989,11.1,24.7,0.73,1.27,41023,18.3,0.4549,9.15,2.6252,5.02,65.1,1.32,88.1,33.13
26033,MI,CHIPPEWA,"Chippewa County, Michigan",880023.98,1036911.80,38330,1.2388,18.4,16.2,6.69,1.67,42287,19.7,0.4312,7.27,2.2509,6.18,49.84,2.78,89.8,37.09
26035,MI,CLARE,"Clare County, Michigan",889347.88,778412.21,30608,0.977,12.5,21.9,0.51,1.86,34911,11.4,0.4471,14.73,3.0417,4.74,54.75,1.21,86.8,33.32
26037,MI,CLINTON,"Clinton County, Michigan",922842.13,665021.80,77245,0.9773,14.9,15.4,1.52,4.35,62646,30.7,0.4311,11.23,3.9638,6.22,68.53,2.7,94.6,43.25
26039,MI,CRAWFORD,"Crawford County, Michigan",898931.42,857640.06,13840,1.0184,10.8,23.7,0.51,1.76,41034,16.7,0.4028,9.87,2.2624,5.55,60.75,1.88,92,32.64
26041,MI,DELTA,"Delta County, Michigan",703808.57,974703.06,36570,0.9787,11.8,21.2,0.25,1.14,42353,20.6,0.4387,14.48,2.4896,5.06,63.53,1.12,90.5,36.66
26043,MI,DICKINSON,"Dickinson County, Michigan",629802.18,978029.98,25889,0.9835,12.2,20.7,0.54,1.34,43373,23.4,0.4532,16,2.5748,5.03,63.64,1.2,92.2,31.38
26045,MI,EATON,"Eaton County, Michigan",908312.22,624172.02,108544,0.9534,15.2,16.3,6.19,5.16,56472,25.2,0.4065,15.86,4.2886,6.53,66.32,3.39,93.1,47.46
26047,MI,EMMET,"Emmet County, Michigan",866027.85,947514.21,33091,0.9783,13.1,19.7,0.66,1.53,51096,32.9,0.47,8.39,3.3079,6.46,71.56,2.01,90.5,39.64
26049,MI,GENESEE,"Genesee County, Michigan",993767.30,682689.08,413090,0.9311,15,15.6,20.24,3.25,43246,19.9,0.4581,16.09,5.5231,4.77,62.12,2.42,92.5,54.97
26051,MI,GLADWIN,"Gladwin County, Michigan",925776.28,783106.94,25367,1.0091,11,24.8,0.35,1.4,39629,13.4,0.4386,18.6,2.9714,4.44,61.15,0.89,87.5,31.83
26053,MI,GOGEBIC,"Gogebic County, Michigan",485871.80,1011562.95,15650,1.1661,14,23.3,4.52,1.2,35833,17.5,0.4559,14.84,1.7018,5.27,55.49,1.3,88.6,42.13
26055,MI,GRAND TRAVERSE,"Grand Traverse County, Michigan",824426.92,847375.36,90715,0.9673,14.1,17,1.28,2.62,55597,31.7,0.4477,10.77,4.3232,6.22,71.9,2.42,91.5,43.34
26057,MI,GRATIOT,"Gratiot County, Michigan",917904.24,703696.45,41676,1.131,18.4,16.3,5.68,5.63,42145,14.3,0.4532,17.35,3.3431,5.58,49.63,1.12,91.8,36.45
26059,MI,HILLSDALE,"Hillsdale County, Michigan",937668.87,547902.92,46024,0.9958,14.9,17.6,0.62,2.12,44458,16.7,0.4363,24.68,3.3914,5.25,55.83,0.94,89.3,25.4
26061,MI,HOUGHTON,"Houghton County, Michigan",558988.61,1070986.98,36565,1.1832,26.6,16.1,0.77,1.45,39080,31,0.4589,9.04,2.6384,7.24,53.61,4.75,91.1,41.52
26063,MI,HURON,"Huron County, Michigan",1036301.20,779798.00,32021,0.9897,11.4,23.4,0.39,2.18,43082,14.9,0.4295,21.11,2.6938,4.06,61.83,1.51,91.4,29.98
26065,MI,INGHAM,"Ingham County, Michigan",945933.91,628818.63,284559,0.945,27.3,11.9,11.18,7.55,46842,37.7,0.4794,9.62,5.2861,6.22,57.82,8.83,92.2,64.33
26067,MI,IONIA,"Ionia County, Michigan",884694.21,660681.80,64126,1.1129,15.4,13.2,3.73,4.64,50037,15.6,0.3949,19.78,3.769,6.95,54.6,1.5,92,33.43
26069,MI,IOSCO,"Iosco County, Michigan",980145.45,831042.33,25373,0.9904,10.5,28,0.7,1.96,38900,16.3,0.4383,16.56,2.8815,5.02,63.29,2.14,89.6,34.24
26071,MI,IRON,"Iron County, Michigan",577036.86,995914.70,11393,0.9732,9.1,28.4,0.55,1.67,33137,18.1,0.4428,10.92,1.3277,3.91,61.98,1.23,90.8,35.29
26073,MI,ISABELLA,"Isabella County, Michigan",893964.17,739948.60,70574,0.9447,36.6,11,2.49,3.7,40706,28.2,0.4904,9.04,3.8624,6.5,43.56,3.43,89.5,48.03
26075,MI,JACKSON,"Jackson County, Michigan",946631.00,589640.92,159483,1.0486,15.3,15.9,8.56,3.33,47709,20.6,0.4415,19.36,4.4746,5.87,56.16,1.56,91.5,39.33
26077,MI,KALAMAZOO,"Kalamazoo County, Michigan",856472.58,578791.52,258605,0.9562,22.7,13.5,10.85,4.59,49693,36.1,0.467,17.64,5.1796,6.43,62.69,4.48,92.3,56.82
26079,MI,KALKASKA,"Kalkaska County, Michigan",861210.69,853305.67,17259,1.0488,12.3,18.9,0.68,1.7,42612,13.6,0.4309,10.17,2.4767,4.95,65.28,1.45,88.8,27.16
26081,MI,KENT,"Kent County, Michigan",845350.24,666000.44,629352,0.9673,17.9,12.2,9.65,10.16,54673,33.7,0.4596,18.61,5.6583,6.92,65.47,7.82,91.5,48.34
26083,MI,KEWEENAW,"Keweenaw County, Michigan",572204.25,1152945.06,2195,1.0766,8.6,31.1,0.91,1.09,41472,24.9,0.4564,4.78,0.4505,6.49,78.33,1.23,89.3,39.3
26085,MI,LAKE,"Lake County, Michigan",813559.25,770105.52,11415,1.0479,10.2,26.3,7.24,2.56,30824,9,0.4429,16.6,2.0498,4.32,56.24,1.32,88.6,38.03
26087,MI,LAPEER,"Lapeer County, Michigan",1031716.12,695433.25,88310,1.0254,13.1,15.9,1.24,4.51,54174,17.8,0.3992,24.25,3.969,5.34,65.68,2.78,91.7,29.77
26089,MI,LEELANAU,"Leelanau County, Michigan",801439.84,875076.27,21764,0.9646,10.6,27.9,0.5,4.01,59018,41.1,0.4767,8.76,3.1865,5.04,81.69,3.43,92.1,48.34
26091,MI,LENAWEE,"Lenawee County, Michigan",980624.61,554037.98,98673,1.027,15.2,16.7,2.93,7.67,49300,19.9,0.4204,20.59,3.9284,6.01,59.61,1.82,91.5,38.79
26093,MI,LIVINGSTON,"Livingston County, Michigan",983242.98,634153.34,185841,1.0029,13,14.7,0.5,2.2,76764,34,0.3952,18.1,4.8439,5.48,74.08,2.87,94.6,34.36
26095,MI,LUCE,"Luce County, Michigan",803713.67,1046512.98,6451,1.4188,13.4,20.4,7.47,2.82,38167,13.8,0.406,8.79,1.019,5.51,48.05,1.53,90.2,27.94
26097,MI,MACKINAC,"Mackinac County, Michigan",843753.44,1007555.52,10998,1.0303,11.3,25.6,2.19,1.52,40747,19.1,0.4314,5.7,1.4244,4.4,66.47,2.48,86,35.77
26099,MI,MACOMB,"Macomb County, Michigan",1060988.05,654934.65,859703,0.949,14.9,15.6,10.65,2.45,55951,23.8,0.4253,20.69,6.5407,4.37,62.45,10.58,92,43.97
26101,MI,MANISTEE,"Manistee County, Michigan",789286.14,805977.23,24465,1.0779,12.3,23.3,2.85,2.78,42530,19.9,0.4252,11.83,2.8578,5.6,62.96,1.22,90.5,41.86
26103,MI,MARQUETTE,"Marquette County, Michigan",643436.98,1026173.41,67418,1.0199,21.7,16.6,1.64,1.4,46822,30.1,0.4416,5.03,2.6668,6.94,59.72,1.79,91.9,52.27
26105,MI,MASON,"Mason County, Michigan",777868.42,766928.98,28755,0.9886,12.7,21.1,0.87,4.37,43497,20.8,0.4469,16.38,3.1102,6.12,64.48,2.01,90.1,38.31
26107,MI,MECOSTA,"Mecosta County, Michigan",855831.47,735572.20,43259,1.0174,25.8,16.7,2.64,2.07,41827,21.2,0.4476,16.99,3.4042,6.03,49,2.09,91.2,36.12
26109,MI,MENOMINEE,"Menominee County, Michigan",658250.09,932611.73,23568,1.0228,11.6,21.6,0.28,1.63,41235,15.9,0.4408,27.97,2.1651,4.89,56.69,0.91,91.6,34.56
26111,MI,MIDLAND,"Midland County, Michigan",930462.37,745041.06,83559,0.968,15.2,16.3,1.46,2.5,54852,32.9,0.4654,22.51,4.1351,7.12,65.22,3.54,92.7,39.6
26113,MI,MISSAUKEE,"Missaukee County, Michigan",865289.50,814828.90,15032,1.046,12.9,19.2,0.57,2.53,42077,13.4,0.4036,19.95,2.3299,5,63.38,1.79,89.3,22.51
26115,MI,MONROE,"Monroe County, Michigan",1023344.01,563337.71,149945,0.9729,13.9,15.7,2.33,3.37,56968,18.8,0.414,21.41,4.6575,5.52,63.95,2.1,93.2,38.31
26117,MI,MONTCALM,"Montcalm County, Michigan",873768.01,700566.52,62922,1.0642,14.2,16,2,3.33,43126,12.6,0.4095,21.63,3.5392,6.87,54.92,1.23,89.7,31.77
26119,MI,MONTMORENCY,"Montmorency County, Michigan",932086.63,900295.12,9317,1.0347,8.7,29.4,0.25,1.25,37145,11.8,0.4083,14.05,1.8841,4.47,63.32,1.08,89.2,26.9
26121,MI,MUSKEGON,"Muskegon County, Michigan",793793.02,689602.01,172148,0.9872,15.2,15.1,13.71,5.33,43920,18,0.4321,25.1,4.8898,5.96,59.53,1.54,92.2,50.8
26123,MI,NEWAYGO,"Newaygo County, Michigan",818832.74,721743.66,47957,1.0138,13.5,17.7,1.36,5.73,44049,14.3,0.4315,21.85,3.1224,5.54,61.47,1.98,90.8,29.05
26125,MI,OAKLAND,"Oakland County, Michigan",1024908.47,646072.80,1235215,0.9464,14.4,15.1,13.82,3.76,69850,45,0.4683,18.28,6.3095,4.87,69.07,12.17,93,54.26
26127,MI,OCEANA,"Oceana County, Michigan",780506.68,727468.37,26152,1.0245,13.2,19.1,1.17,14.42,41952,17.1,0.4186,23.76,2.9814,6.11,59.63,5.58,88.5,35.47
26129,MI,OGEMAW,"Ogemaw County, Michigan",941760.85,823772.92,21103,1.002,11.3,24.2,0.3,1.87,36941,11.4,0.4347,10.5,2.6714,5.1,60.69,1.49,90.1,30.74
26131,MI,ONTONAGON,"Ontonagon County, Michigan",512973.93,1041764.76,6165,1.0516,7.8,31.7,0.28,1.2,35038,17.4,0.4135,7.91,0.5962,5.37,64.02,1.77,87.3,36.27
26133,MI,OSCEOLA,"Osceola County, Michigan",851412.14,774258.05,23172,1.0185,12.6,18.8,0.94,1.67,39247,13,0.4308,24.41,2.7597,5.35,59.85,0.91,87.6,26.94
26135,MI,OSCODA,"Oscoda County, Michigan",936687.97,862070.26,8374,1.0615,10.8,26.2,0.59,1.31,35175,10.2,0.4307,19.89,1.7431,4.57,60.12,1.28,83.9,26.86
26137,MI,OTSEGO,"Otsego County, Michigan",895314.18,895071.94,24198,0.9715,13.3,19.3,0.47,1.57,50793,20.5,0.4226,9.4,2.8982,5.71,66.17,1.72,91.3,30.08
26139,MI,OTTAWA,"Ottawa County, Michigan",810188.35,654097.19,276583,0.9714,19.5,13.2,1.45,9.28,61367,31.6,0.4156,24.88,5.2443,6.51,68.72,5.74,94.5,33.7
26141,MI,PRESQUE ISLE,"Presque Isle County, Michigan",944070.75,936873.80,12955,0.9943,8.9,29,0.52,1.12,41570,16.7,0.3994,12.32,2.0273,4.57,66.73,1.16,89.7,34.84
26143,MI,ROSCOMMON,"Roscommon County, Michigan",903465.41,819127.88,23900,0.9847,9.5,29.7,0.2,1.52,35959,13.9,0.4218,8.91,2.8769,4.7,64.42,1.48,89,34.49
26145,MI,SAGINAW,"Saginaw County, Michigan",961519.43,713842.67,195201,0.942,16.5,17.2,18.52,8.2,43712,20.7,0.4563,15.66,4.5449,4.72,62.03,2.38,92.3,49.4
26147,MI,ST. CLAIR,"St. Clair County, Michigan",1077593.59,684155.83,160069,0.9843,13.4,16.7,2.13,3.16,50930,17.6,0.431,23.05,4.4508,5.64,62.48,2.74,91.9,33.36
26149,MI,ST. JOSEPH,"St. Joseph County, Michigan",860822.01,542026.47,60923,0.9879,14.1,16.4,2.52,7.31,45410,15.3,0.4138,36.9,3.8499,5.67,52.06,3.31,89.9,33.58
26151,MI,SANILAC,"Sanilac County, Michigan",1058806.34,736729.69,41761,0.9863,12.5,19.5,0.56,3.64,42037,13.1,0.4246,23.55,2.8185,4.83,59.32,1.42,88.2,26.6
26153,MI,SCHOOLCRAFT,"Schoolcraft County, Michigan",756647.56,1010889.12,8186,0.9778,10.1,24,0.59,0.88,36649,15.7,0.4433,9.02,0.9926,5.51,62.42,1.95,90.4,34.88
26155,MI,SHIAWASSEE,"Shiawassee County, Michigan",959334.96,670641.03,68800,0.9726,14.2,16.4,0.43,2.76,48470,15.8,0.4079,17.36,3.913,6.85,63.81,0.97,91.1,39.48
26157,MI,TUSCOLA,"Tuscola County, Michigan",1010514.79,734783.66,54014,1.0086,13.3,18.3,1.23,3.17,44193,13.8,0.4036,17.86,3.2565,4.9,60.84,0.97,91.4,30.28
26159,MI,VAN BUREN,"Van Buren County, Michigan",816653.42,575150.78,75216,0.987,13.3,16,3.39,11.01,47141,20.3,0.4432,18.07,3.8666,6.39,58.36,4.77,89,42.56
26161,MI,WASHTENAW,"Washtenaw County, Michigan",994115.67,596136.46,358082,0.9786,26.1,12,12,4.44,62484,53.2,0.4796,11.2,5.2773,5.02,65.5,11.66,94.3,71.73
26163,MI,WAYNE,"Wayne County, Michigan",1038916.40,605263.66,1767593,0.9262,16.4,13.8,39.31,5.64,42043,22.3,0.4955,17.1,7.0167,3.78,58.05,8.3,89.5,69.4
26165,MI,WEXFORD,"Wexford County, Michigan",827050.69,810633.04,32829,1.0023,13.3,17.6,0.68,1.77,40417,16.7,0.4331,21.02,3.1106,5.63,60.91,1.15,88.9,30.73
27001,MN,AITKIN,"Aitkin County, Minnesota",198646.05,1020117.33,15722,1.0402,8.8,30,0.39,1.18,44524,16,0.4224,8.74,1.2036,6.29,70.91,0.99,94,36.23
27003,MN,ANOKA,"Anoka County, Minnesota",215915.37,872452.14,341249,1.0016,14.4,11.8,5.2,4.06,73579,28.2,0.3916,16.8,5.7414,9.11,72.1,7.3,94.7,44.72
27005,MN,BECKER,"Becker County, Minnesota",24937.65,1053715.32,33375,1.0007,12.1,19.1,0.46,1.76,54115,23.7,0.4267,13.42,2.2822,6.58,68.44,1.73,90.8,32.37
27007,MN,BELTRAMI,"Beltrami County, Minnesota",80071.20,1168765.72,45644,0.9957,20.6,14.4,0.91,2.07,45201,26.8,0.4489,7.6,1.9511,9.71,63.24,1.83,88.6,44.62
27009,MN,BENTON,"Benton County, Minnesota",155935.22,918300.84,39457,1.0008,15.9,13.8,2.65,2,51841,22.2,0.4116,14.18,3.6193,7.71,67.42,2.92,93.7,30.47
27011,MN,BIG STONE,"Big Stone County, Minnesota",-32126.47,886385.72,5098,0.9578,10.4,25.6,0.18,1.26,47132,16.6,0.4418,9.38,1.3723,8.2,68.15,0.94,94.4,36.42
27013,MN,BLUE EARTH,"Blue Earth County, Minnesota",154384.81,732952.01,65524,1.0133,29.7,12.8,3.31,3.08,52119,31.7,0.4533,13.29,3.5213,10.41,63.77,4.13,95,47.94
27015,MN,BROWN,"Brown County, Minnesota",101318.85,755207.38,25327,0.9843,14.9,20,0.23,3.9,53319,20.9,0.4138,18.94,2.7728,9.49,69.48,2.1,95,30.17
27017,MN,CARLTON,"Carlton County, Minnesota",255426.53,1020235.67,35482,1.0883,13.2,16.3,1.48,1.66,55607,22,0.4034,10.86,2.7667,8.74,66.48,1.09,94.6,50.9
27019,MN,CARVER,"Carver County, Minnesota",173480.82,820988.19,97143,0.9852,12.6,10,1.43,4.04,88638,46,0.4313,15.86,4.6625,9.21,79.52,5.02,96.3,42.54
27021,MN,CASS,"Cass County, Minnesota",127967.78,1056288.84,28633,1.0387,10.6,23.7,0.35,1.82,47926,20.9,0.4302,8.23,1.6991,6.68,71,1,91.8,33.15
27023,MN,CHIPPEWA,"Chippewa County, Minnesota",34118.11,841497.56,12126,0.9814,13,19.9,0.54,6.02,54041,16.5,0.4088,16.58,2.0865,7.71,66.64,4.07,91.9,34.45
27025,MN,CHISAGO,"Chisago County, Minnesota",241607.70,898719.12,54041,1.0689,13.2,13.8,1.24,1.93,72908,22,0.3668,15.78,3.9178,8.3,73.21,1.57,94.4,33.47
27027,MN,CLAY,"Clay County, Minnesota",-37546.57,1049049.34,61402,0.9749,23.3,12.6,2.07,4.21,59614,33,0.4143,8.03,3.1215,9.81,62.5,3.71,94.7,48.92
27029,MN,CLEARWATER,"Clearwater County, Minnesota",47041.53,1124776.02,8764,1.0268,11.8,19.4,0.33,1.71,44203,14.6,0.4545,11.78,1.22,5.18,64.33,1.07,89,27.33
27031,MN,COOK,"Cook County, Minnesota",411604.15,1172468.24,5215,0.9989,10.4,24.6,0.29,1.88,51793,39.6,0.4635,3.25,0.3267,9.63,77.32,4.72,90.9,62.32
27033,MN,COTTONWOOD,"Cottonwood County, Minnesota",65435.10,728603.81,11557,0.9628,12.3,22.4,0.62,6.8,47407,19.9,0.4452,17.9,1.942,6.36,64.96,4.46,94.7,31.32
27035,MN,CROW WING,"Crow Wing County, Minnesota",148547.49,1005024.87,63321,0.9991,12.4,20.7,0.61,1.36,50893,24.2,0.4539,9.42,3.1982,7.18,72.76,1.52,93.3,33.01
27037,MN,DAKOTA,"Dakota County, Minnesota",232170.88,805978.58,411402,0.9664,14.3,12.1,5.37,6.57,77321,40.7,0.4117,11.39,5.6434,9.24,75.01,8.92,94.8,52.59
27039,MN,DODGE,"Dodge County, Minnesota",250642.55,734178.24,20361,1.0034,12.9,13.2,0.33,4.85,68718,23.8,0.3903,14.05,2.8846,9.62,72.27,2.09,94.9,32.22
27041,MN,DOUGLAS,"Douglas County, Minnesota",42434.77,942830.60,36862,0.9953,13.2,21.6,0.58,1.44,56347,25.1,0.4445,15.28,3.1064,7.31,75,1.12,95.3,30.84
27043,MN,FARIBAULT,"Faribault County, Minnesota",164764.86,692931.10,14119,1.0001,11.3,22.5,0.2,6.21,49101,17,0.4387,17.44,2.0349,8.09,67.05,2.24,93.7,31.61
27045,MN,FILLMORE,"Fillmore County, Minnesota",313864.24,697618.35,20877,1.0061,11.5,20.3,0.42,1.27,54358,20.4,0.4178,11.06,2.2363,8.25,69.68,1.3,90.7,38.17
27047,MN,FREEBORN,"Freeborn County, Minnesota",212857.63,694109.03,30751,0.9967,12.3,21.5,1.32,9.37,48827,16.8,0.424,19.78,2.8209,7.49,66.83,3.91,93,40.68
27049,MN,GOODHUE,"Goodhue County, Minnesota",260273.21,777695.97,46450,0.9961,12.5,18.4,1.21,3.11,60452,24.3,0.4335,16.85,3.1653,8.67,71.72,3.08,93.5,40.22
27051,MN,GRANT,"Grant County, Minnesota",-944.19,942740.71,5943,1.0003,10.9,23.2,0.03,1.9,53828,19.6,0.4396,9.55,1.4324,8.78,74.83,1.08,94.5,34.88
27053,MN,HENNEPIN,"Hennepin County, Minnesota",198651.70,842066.36,1209265,0.9726,17.7,12.5,12.45,6.81,67989,47.6,0.4854,11.92,6.7374,8.66,72.37,13.44,93.2,69.12
27055,MN,HOUSTON,"Houston County, Minnesota",361792.46,699451.22,18791,0.9988,11.9,19.8,0.46,0.92,55550,22.6,0.4052,12.77,2.5759,7.95,71.89,1.05,95.2,42.46
27057,MN,HUBBARD,"Hubbard County, Minnesota",82641.62,1073334.74,20640,0.9965,9.8,23.4,0.66,1.86,49742,25.4,0.4156,9.18,2.1526,7.14,71.19,1.38,92.3,32.04
27059,MN,ISANTI,"Isanti County, Minnesota",211190.63,904368.26,38461,1.0211,13.5,14.4,0.59,1.78,62733,17.7,0.3872,16.4,3.5287,8.2,72.47,1.43,93.9,29.32
27061,MN,ITASCA,"Itasca County, Minnesota",179578.05,1119408.50,45356,1.0203,11.7,21,0.49,1.25,49507,22.3,0.4109,9.23,1.8818,8.14,66.9,1.01,91.8,41.1
27063,MN,JACKSON,"Jackson County, Minnesota",67929.59,691476.73,10163,1.0193,12.8,20.1,0.23,3.28,55114,21.2,0.4101,18.6,1.7195,6.98,69.45,2.14,95.9,29.25
27065,MN,KANABEC,"Kanabec County, Minnesota",210098.01,946955.45,15918,1.0262,12,18.7,0.34,1.55,48042,13.8,0.4125,13.13,2.4667,7.58,65.86,0.92,93.9,30.79
27067,MN,KANDIYOHI,"Kandiyohi County, Minnesota",78193.85,856258.09,42510,1.0054,14.8,17.2,3.68,11.75,53514,22.5,0.4353,14.93,3.0246,7.9,67.3,7.09,93.1,36.24
27069,MN,KITTSON,"Kittson County, Minnesota",-58193.56,1257108.78,4436,1.0228,10.7,23.4,0.63,1.94,51484,20.7,0.4322,15.93,0.4439,8.93,68.58,2.03,93.5,37.89
27071,MN,KOOCHICHING,"Koochiching County, Minnesota",166152.30,1200300.98,12930,0.9988,11.5,21.7,0.92,0.19,44929,18.4,0.445,17.47,0.4751,7.67,61.06,5.56,93.1,39.25
27073,MN,LAC QUI PARLE,"Lac qui Parle County, Minnesota",-13648.08,838428.72,6916,0.9971,10.3,24.8,1.01,2.1,49210,18.3,0.4607,10.93,1.25,6.79,69.85,1.62,95.6,36.27
27075,MN,LAKE,"Lake County, Minnesota",344419.81,1139838.35,10721,1.046,10.6,24.7,0.9,1.39,52320,27.2,0.4145,11.81,0.6742,7.85,74.45,2.39,95.1,51.21
27077,MN,LAKE OF THE WOODS,"Lake of the Woods County, Minnesota",81455.50,1256527.51,3901,1.085,10,21.8,0.1,1.23,45732,17,0.3443,26.64,0.1489,6.65,70.52,1.56,93.6,26.42
27079,MN,LE SUEUR,"Le Sueur County, Minnesota",180394.37,771080.89,27650,1.0264,12.5,15.9,0.77,5.62,62462,21.4,0.4024,20.98,3.1692,7.79,71.62,2.82,94.7,33.49
27081,MN,LINCOLN,"Lincoln County, Minnesota",-21216.77,773531.11,5793,1.0122,10.9,25,0.22,1.61,49438,18.9,0.4416,10.23,1.4272,7.55,67.24,0.71,93.5,30.81
27083,MN,LYON,"Lyon County, Minnesota",12788.07,773618.82,25670,1.0008,18.1,14.2,2.97,6.18,51920,26.8,0.4623,15.72,2.6298,9.28,63.19,6.38,93.5,34.52
27085,MN,MCLEOD,"McLeod County, Minnesota",136380.15,820526.59,35926,0.9828,13.1,17.6,0.16,5.52,57738,17.3,0.3898,26.35,3.3401,8.9,68.7,3.33,94.1,29.06
27087,MN,MAHNOMEN,"Mahnomen County, Minnesota",14518.17,1096883.96,5480,1.0184,12.7,16.8,0.35,3.43,41597,12.6,0.435,4.23,1.3331,8,55.06,0.78,84.8,48.41
27089,MN,MARSHALL,"Marshall County, Minnesota",-27573.76,1210945.49,9406,1.039,12.2,19.8,0.22,4.09,56340,20,0.3885,15.62,0.7159,7.97,66.6,1.74,93,27.63
27091,MN,MARTIN,"Martin County, Minnesota",116334.12,692083.11,20193,0.9789,12.1,21.8,0.27,3.97,51984,18.5,0.4282,16.51,2.3929,6.99,66.69,2.38,93.4,27.9
27093,MN,MEEKER,"Meeker County, Minnesota",115743.57,853510.36,23094,1.0329,11.8,18.1,0.54,3.49,58574,18.9,0.4028,23.68,2.6852,8.04,70.53,2.21,93.8,28.25
27095,MN,MILLE LACS,"Mille Lacs County, Minnesota",183994.62,945408.19,25788,1.0078,12.6,18,0.53,2.05,51232,15.6,0.4036,15.97,2.8563,7.43,66.59,1.53,92.9,30.79
27097,MN,MORRISON,"Morrison County, Minnesota",134312.98,952687.74,32850,1.0237,12.6,17.5,0.6,1.49,51456,16.2,0.4352,14.67,2.4224,5.97,70.18,0.93,93.6,21.96
27099,MN,MOWER,"Mower County, Minnesota",260726.07,695330.26,39248,1.0066,13.8,17.8,3.38,10.94,51778,20,0.4516,21.91,3.0589,8.21,60.1,8.05,92.3,45.74
27101,MN,MURRAY,"Murray County, Minnesota",18912.39,730021.52,8463,0.9838,10.9,24.2,0.41,3.37,51801,17.8,0.4184,11.86,1.534,8.55,69.91,2.48,93.9,30.33
27103,MN,NICOLLET,"Nicollet County, Minnesota",139345.71,767827.12,33226,0.9968,20.1,14,2.86,4.17,61501,32.3,0.4005,15.09,3.3533,9.8,70.01,4.08,96.5,48.31
27105,MN,NOBLES,"Nobles County, Minnesota",19804.28,691212.36,21729,1.0501,15.6,15.4,4.17,26.05,53269,13.5,0.4231,25.61,2.4623,6.95,54.12,20.28,89.2,34.03
27107,MN,NORMAN,"Norman County, Minnesota",-34613.29,1097091.88,6638,1.0079,11.2,21.8,0.75,4.82,52083,15.7,0.4177,6.88,1.0772,9.14,63.8,1.76,92.6,42.66
27109,MN,OLMSTED,"Olmsted County, Minnesota",287477.74,733389.39,150104,0.9598,14.8,14,5.27,4.63,69308,42,0.4473,8.39,4.4848,10.22,70.99,10.56,94.7,50.42
27111,MN,OTTER TAIL,"Otter Tail County, Minnesota",22511.00,995433.24,57694,1.0102,11.7,22.3,1.36,3.1,53351,24.1,0.4331,13.94,2.4244,6.83,71.76,2.38,94,30.85
27113,MN,PENNINGTON,"Pennington County, Minnesota",-2755.65,1178698.78,14156,1.0122,15.5,16.7,1.65,3.38,51156,17.4,0.4106,16.86,2.1821,8.46,61.68,1.72,95.5,34.93
27115,MN,PINE,"Pine County, Minnesota",252237.15,967747.72,29067,1.1501,12.5,18.3,2.12,2.76,45379,13.8,0.4217,9.86,2.0734,7.53,59.92,1.69,91.7,35.86
27117,MN,PIPESTONE,"Pipestone County, Minnesota",-20663.13,730113.22,9285,0.9539,12.2,20.3,1.35,5.29,48944,19.9,0.4558,13.17,2.0423,7.13,68.68,3.69,93.1,25.24
27119,MN,POLK,"Polk County, Minnesota",-30235.04,1146485.04,31550,1.02,16,17.1,1.41,5.96,53059,23.9,0.4315,10.99,1.8213,7.47,61.3,3.09,93.8,34.42
27121,MN,POPE,"Pope County, Minnesota",43360.43,904215.70,10975,1.0204,11.4,23.1,0.45,1.18,55180,22.5,0.4234,16.3,1.8451,6.65,73.07,0.97,94.9,35.7
27123,MN,RAMSEY,"Ramsey County, Minnesota",228293.71,844309.83,531528,0.9485,19.5,13,11.21,7.33,57717,41,0.4603,12.04,7.2069,8.97,67.09,15.1,92.5,71.49
27125,MN,RED LAKE,"Red Lake County, Minnesota",-7188.99,1157235.81,4042,1.0352,11,18.7,0.57,3.19,49800,15,0.4014,13.91,1.2835,10.63,61.72,1.19,94.5,32.12
27127,MN,REDWOOD,"Redwood County, Minnesota",59269.72,772752.34,15578,1.0106,12,20.8,0.65,2.9,48891,17.8,0.4246,13.31,1.9237,7.71,64.63,2.22,91.9,26.87
27129,MN,RENVILLE,"Renville County, Minnesota",83258.93,808988.04,14995,1.0285,11.9,20.4,0.3,7.64,54824,14.8,0.4487,16.63,1.7733,7.88,65.37,2.71,93.8,30.21
27131,MN,RICE,"Rice County, Minnesota",214890.64,770073.20,65116,1.0359,20.1,14,4.17,7.77,61683,27.2,0.4304,14.86,3.926,7.94,64.04,7.43,93.6,48.34
27133,MN,ROCK,"Rock County, Minnesota",-20331.23,691257.81,9554,0.9554,11.4,20.4,0.79,2.57,52835,20.6,0.4226,10.59,2.0342,7.75,67.71,1.77,92.6,30.76
27135,MN,ROSEAU,"Roseau County, Minnesota",14060.72,1256746.69,15609,1.0511,12.5,15.6,0.75,1.06,54827,18.7,0.409,38.09,1.2824,6.37,66.57,3.65,96.3,25.4
27137,MN,SAINT LOUIS,"St. Louis County, Minnesota",267210.52,1132065.20,200353,1.0105,18.7,17.3,1.52,1.47,49395,27.8,0.4507,7.24,2.5162,8.91,69.45,2.19,94.6,56.42
27139,MN,SCOTT,"Scott County, Minnesota",195014.88,802327.10,139490,0.9938,12.9,9.3,3.01,4.74,90198,38.8,0.3936,15.93,5.0184,8.77,75.55,8,94.9,41.64
27141,MN,SHERBURNE,"Sherburne County, Minnesota",174074.94,890348.03,91188,1.0456,14.7,10,2.08,2.45,78081,26.7,0.3664,15.23,4.3985,8.15,72.93,2.85,96.2,29.98
27143,MN,SIBLEY,"Sibley County, Minnesota",140064.18,793433.40,14957,1.0207,12.1,17.5,0.47,8.27,59596,16.7,0.4,22.94,2.2832,8.07,68.75,4.85,94.9,27.34
27145,MN,STEARNS,"Stearns County, Minnesota",108340.66,901125.48,153661,1.0137,21.9,13.3,4.5,3.09,56977,25.9,0.4294,14.2,3.7883,8.04,67.18,5.59,94.9,34.94
27147,MN,STEELE,"Steele County, Minnesota",221577.88,733243.74,36541,0.9786,13.2,15.8,2.95,7.21,58141,24.8,0.4122,24.37,3.4916,9.07,70.45,3.45,95.6,35.79
27149,MN,STEVENS,"Stevens County, Minnesota",-23.43,904097.90,9762,1.0012,25.9,16.9,0.84,4.58,55941,28.2,0.4509,12.11,1.9002,8.95,69.99,4.17,96.5,43.05
27151,MN,SWIFT,"Swift County, Minnesota",24979.95,870436.73,9483,1.0142,12.1,21.1,1.81,4.29,49956,17.3,0.4384,16.66,1.5962,6.91,67.69,1.85,94.8,36.27
27153,MN,TODD,"Todd County, Minnesota",85427.85,958352.33,24335,1.0422,12.5,19.2,0.28,5.34,47549,15.4,0.4155,20.11,2.2969,6.05,64.85,3.53,89,24.7
27155,MN,TRAVERSE,"Traverse County, Minnesota",-36725.00,924845.37,3397,0.9279,10.6,26.3,0.44,2.27,50333,18.1,0.4449,6.44,0.8266,6.62,66.58,1.83,95.7,37.52
27157,MN,WABASHA,"Wabasha County, Minnesota",299928.07,765175.74,21327,0.9932,12.3,18.8,0.22,2.87,58865,21.2,0.4204,15,2.7566,8.26,71.49,1.36,94.9,35.61
27159,MN,WADENA,"Wadena County, Minnesota",79243.83,1015435.43,13755,0.9803,12.4,21.9,0.81,1.72,42689,13,0.4227,18.57,2.2929,5.96,66.68,0.79,93.5,25.82
27161,MN,WASECA,"Waseca County, Minnesota",192731.32,732431.45,19034,0.8962,14.1,16.2,2.67,5.67,53199,19.9,0.4194,20.88,2.8541,8.78,66.12,3.38,94.9,32.23
27163,MN,WASHINGTON,"Washington County, Minnesota",245185.57,847212.92,248745,0.9796,13.4,12.8,3.94,3.82,86689,42.3,0.4127,14.9,5.5208,8.82,77.52,6.52,95.9,51.01
27165,MN,WATONWAN,"Watonwan County, Minnesota",110787.63,725933.75,10996,0.9699,13.5,19.2,0.64,22.64,50068,16.3,0.4219,24.01,2.2784,8.32,60.04,11.14,85.2,39.59
27167,MN,WILKIN,"Wilkin County, Minnesota",-36116.81,989713.49,6479,1.0115,11.4,18.6,0.73,1.27,52963,21.3,0.4083,13.74,1.2033,8.48,66.27,0.48,95,29.55
27169,MN,WINONA,"Winona County, Minnesota",337283.42,733558.26,51145,0.9742,26.9,15,1.48,2.74,52840,29.3,0.4288,20.04,3.4513,9.92,62.48,3.62,92.7,48.39
27171,MN,WRIGHT,"Wright County, Minnesota",159963.01,859990.56,129922,1.0127,12.8,11.2,1.14,2.7,75705,26.8,0.3746,16.93,4.3288,8.63,75.26,2.88,95.8,31.97
27173,MN,YELLOW MEDICINE,"Yellow Medicine County, Minnesota",10418.99,807384.12,10038,1.039,12.2,20.2,0.24,4.14,54717,16.2,0.4063,12.02,1.6303,7.01,68.44,1.48,92.3,31.06
28001,MS,ADAMS,"Adams County, Mississippi",439594.01,-661853.08,31747,1.0035,13.9,16.8,53.72,7.99,31283,18.1,0.5069,6.77,3.2776,1.48,56.09,7.86,83.6,56.91
28003,MS,ALCORN,"Alcorn County, Mississippi",671973.63,-267072.93,37309,0.9683,14.4,17,11.55,3.09,38892,16.6,0.443,21.26,3.5838,1.89,52.07,1.68,84.1,18.51
28005,MS,AMITE,"Amite County, Mississippi",493384.51,-693427.90,12692,0.9862,10.9,20.9,42.01,0.28,27334,12.2,0.4804,13.29,1.9039,0.91,70.67,0.43,85.5,38.61
28007,MS,ATTALA,"Attala County, Mississippi",594963.44,-473766.98,19085,0.8917,13.2,19.1,42.8,1.94,33018,14.8,0.516,15.29,2.3052,1.42,58.07,0.74,87.7,39.83
28009,MS,BENTON,"Benton County, Mississippi",617496.62,-278300.14,8378,0.9858,13.4,17.4,36.98,2.27,36302,11.4,0.4801,25.72,2.0738,1.07,62.29,0.85,81.6,43.3
28011,MS,BOLIVAR,"Bolivar County, Mississippi",470425.07,-401999.41,33615,0.884,18.5,14,64.36,2.09,27457,21.5,0.5092,11.36,2.6951,1.36,54.91,1.88,82.2,66.34
28013,MS,CALHOUN,"Calhoun County, Mississippi",611005.30,-377494.74,14724,0.9107,13.4,17.4,27.21,5.53,31141,10.9,0.4497,27.34,2.2713,1.5,57.38,2.91,85.3,30.32
28015,MS,CARROLL,"Carroll County, Mississippi",561050.34,-435474.95,10301,1.031,12.2,20.9,33.43,0.5,40278,16.1,0.4755,9.13,1.8454,0.89,67.08,1,88.1,30.66
28017,MS,CHICKASAW,"Chickasaw County, Mississippi",646695.59,-376659.80,17357,0.9459,15.8,15.4,43.4,4.19,31048,11,0.4996,34.96,2.5919,1.44,60.69,2.64,84.9,46.93
28019,MS,CHOCTAW,"Choctaw County, Mississippi",623736.46,-442564.57,8320,0.9426,13.2,19.2,31.41,0.26,32953,15.4,0.4495,14.32,2.0388,1.45,63.45,0.26,87.9,30.4
28021,MS,CLAIBORNE,"Claiborne County, Mississippi",478434.25,-605127.81,9209,0.8794,26.3,15,85.84,1.32,25000,19.2,0.4934,10.27,1.9872,0.56,59.25,0.9,84.3,87.29
28023,MS,CLARKE,"Clarke County, Mississippi",686468.02,-583981.20,16203,0.8869,13.7,18.3,34.73,1.01,36441,14.1,0.4436,10.98,2.2023,0.89,62.85,0.39,89,33.48
28025,MS,CLAY,"Clay County, Mississippi",664180.91,-405043.73,20147,0.8648,15.2,16.4,58.24,1.28,33142,18.9,0.4906,22.27,2.9428,1.31,65.67,0.68,84.7,57.96
28027,MS,COAHOMA,"Coahoma County, Mississippi",493175.72,-352195.61,24804,0.861,17.4,13.3,77.24,0.21,28217,17.2,0.5119,8.03,2.8526,1.21,49.76,0.78,83.9,72.44
28029,MS,COPIAH,"Copiah County, Mississippi",522605.23,-614300.23,28780,0.9238,16.7,15.3,51.59,2.89,34738,12.9,0.5031,15.75,2.66,1.06,59.27,2.57,82.2,52.48
28031,MS,COVINGTON,"Covington County, Mississippi",608637.22,-635211.71,19503,0.9113,15.1,16.8,37.31,0.74,31684,14.4,0.4373,13.53,2.9013,1.13,60.24,0.37,84.1,37.61
28033,MS,DESOTO,"DeSoto County, Mississippi",544359.68,-276709.52,170890,0.9391,14.7,11.7,24.8,4.75,60111,23.2,0.4002,10.65,4.9311,3.07,52.52,3.34,88.8,32.34
28035,MS,FORREST,"Forrest County, Mississippi",639922.03,-682625.42,76274,0.9096,23.7,12.6,36.82,3.07,37017,25.7,0.4929,9.77,4.1462,3.16,47.85,3.11,83.8,43.11
28037,MS,FRANKLIN,"Franklin County, Mississippi",482705.77,-660263.59,7818,0.9511,12.2,18,35.71,1.04,40081,16.7,0.4768,12.7,1.678,1.56,72.68,0.43,84,35.57
28039,MS,GEORGE,"George County, Mississippi",700876.67,-714459.04,23313,1.0137,15.7,14.1,6.99,2.34,47313,13.1,0.4501,19.17,2.934,1.7,57.65,1.85,83.3,10.56
28041,MS,GREENE,"Greene County, Mississippi",698308.72,-675443.03,13941,1.4241,15.7,12,25.6,1.05,40069,7.8,0.4338,12.35,2.0218,1.12,48.44,0.47,81.5,18.35
28043,MS,GRENADA,"Grenada County, Mississippi",569588.28,-398928.89,21518,0.9149,14.8,16.5,43.76,0.12,33026,16.8,0.5089,28.72,2.9797,1.13,64.12,0.14,85.8,42.56
28045,MS,HANCOCK,"Hancock County, Mississippi",623937.39,-769851.51,46028,0.9484,13.7,17.4,9.57,3.68,46542,20.9,0.4246,10.18,3.6242,2.73,49.44,2.15,82.2,19.49
28047,MS,HARRISON,"Harrison County, Mississippi",658809.35,-756707.55,198570,0.9767,17.7,13.3,23.8,5.32,43095,21.5,0.4467,6.32,4.8946,2.83,42.12,4.38,82,34.41
28049,MS,HINDS,"Hinds County, Mississippi",520566.35,-570063.60,244596,0.8763,19.5,12.1,71.33,1.52,38773,28,0.4983,8.38,4.6875,1.91,51.61,1.92,84.9,72.78
28051,MS,HOLMES,"Holmes County, Mississippi",547459.95,-472683.31,18547,0.9087,18.7,13.6,82.99,0.31,20800,11.6,0.5535,18.96,2.2475,0.97,59.65,0.16,80.8,83.63
28053,MS,HUMPHREYS,"Humphreys County, Mississippi",507197.05,-474524.36,8822,0.8992,14.9,14.1,75.92,2.69,23442,13.9,0.5266,15.82,2.0966,0.73,66.5,1.27,81.5,72.74
28055,MS,ISSAQUENA,"Issaquena County, Mississippi",466675.17,-520061.38,1352,1.595,13.1,18.6,60.21,0.59,24306,9,0.6066,19.83,0.2341,0.86,61.11,0.37,86.2,57
28057,MS,ITAWAMBA,"Itawamba County, Mississippi",697153.62,-332490.92,23511,0.981,16.9,16.9,6.84,1.44,35380,13.1,0.4663,28.99,2.8354,1.54,53.3,0.73,87.2,11.65
28059,MS,JACKSON,"Jackson County, Mississippi",704423.52,-749891.78,140850,0.9661,15.2,14.1,21.74,5.51,49158,20.5,0.4568,18.07,4.3207,2.58,46.49,3.51,84,30.35
28061,MS,JASPER,"Jasper County, Mississippi",646401.72,-589468.19,16538,0.9456,14.1,18.2,53.57,0.33,34993,13.7,0.4802,25.3,2.2452,0.81,66.73,0.32,86.7,51.96
28063,MS,JEFFERSON,"Jefferson County, Mississippi",468039.36,-632371.65,7528,0.9831,16.6,13.9,86.18,0.13,23773,17.8,0.4958,12.71,1.721,0.85,66.94,0.62,88.8,87.2
28065,MS,JEFFERSON DAVIS,"Jefferson Davis County, Mississippi",583609.29,-643964.70,11771,0.9405,14.6,19.4,61.24,0.34,26429,14.6,0.5012,13.58,2.4094,0.82,67.16,0.17,80.7,60.14
28067,MS,JONES,"Jones County, Mississippi",644887.46,-633860.56,68313,0.9459,15.5,15.3,28.99,4.23,37846,18.7,0.4914,15.39,3.6366,1.51,55.71,2.72,87.3,27.9
28069,MS,KEMPER,"Kemper County, Mississippi",684840.50,-504346.32,10128,0.9488,18,17,60.29,1.49,29925,11.4,0.4412,19.38,1.63,0.73,57.98,0.03,86.2,61.39
28071,MS,LAFAYETTE,"Lafayette County, Mississippi",594200.59,-331562.27,52193,0.9463,33.4,11.2,23.96,2.36,43162,39.7,0.5179,8.7,3.4626,4.08,45.95,3.04,89.6,42.3
28073,MS,LAMAR,"Lamar County, Mississippi",616023.00,-682386.60,59623,0.9272,17.6,11.5,19.9,2.46,53888,36.8,0.4765,9.64,3.8353,2.65,55.36,2.91,85.9,21.68
28075,MS,LAUDERDALE,"Lauderdale County, Mississippi",685870.21,-543454.61,79233,0.9418,16.7,15.1,42.52,2.16,38399,19.2,0.4828,8.93,3.7722,1.68,49.06,1.82,85.4,38.85
28077,MS,LAWRENCE,"Lawrence County, Mississippi",556941.12,-647839.20,12603,0.9609,14,16,33.04,0.64,38155,13.6,0.4883,15.84,2.4247,1.23,66.88,0.01,83.8,34.92
28079,MS,LEAKE,"Leake County, Mississippi",602821.15,-510450.30,23011,0.9977,14.9,14.2,41.8,4.29,32657,12.3,0.492,18.97,2.7239,0.98,51.21,1.66,82.9,42.84
28081,MS,LEE,"Lee County, Mississippi",668003.35,-333681.10,85281,0.9177,14.9,14.2,28.52,2.42,43224,23.1,0.4592,21.99,4.2929,2.02,52.08,1.82,87.6,31.1
28083,MS,LEFLORE,"Leflore County, Mississippi",525251.57,-426290.98,30500,0.8624,18.3,12.8,72.85,2.5,25356,18.8,0.5388,14.94,2.988,1.27,50.52,1.94,83.6,70.8
28085,MS,LINCOLN,"Lincoln County, Mississippi",524304.24,-651782.54,34691,0.9182,14.3,15.6,30.81,1.01,36250,14.8,0.464,9.36,3.1291,1.22,58.24,0.31,86.9,29.7
28087,MS,LOWNDES,"Lowndes County, Mississippi",696836.82,-422983.26,59785,0.9147,17.3,14.2,43.54,1.92,41219,22.4,0.4649,16.04,3.8214,1.9,56.21,2.67,85.7,47.11
28089,MS,MADISON,"Madison County, Mississippi",556243.63,-526787.98,101791,0.9166,15.2,12.5,38.18,2.76,65924,45.7,0.4875,10.95,4.0077,2.4,65.76,3.85,91.9,41.85
28091,MS,MARION,"Marion County, Mississippi",586111.49,-681592.59,25810,0.947,14.7,16.5,32.25,1.4,30914,12.7,0.5114,8.72,2.9109,1.54,59.53,0.89,82.5,31.94
28093,MS,MARSHALL,"Marshall County, Mississippi",589454.28,-286437.40,36196,0.9686,16.6,15.1,47.81,3.43,40598,13,0.4221,19.36,2.9852,1.54,52.69,1.28,83.7,54.91
28095,MS,MONROE,"Monroe County, Mississippi",689722.40,-376554.97,36029,0.9119,14.4,17.6,30.47,1.07,37345,15.6,0.4471,29.57,2.9004,1.22,57.55,0.45,87.2,35.2
28097,MS,MONTGOMERY,"Montgomery County, Mississippi",588703.42,-428560.50,10353,0.9042,13.8,18.9,44.8,1.46,31207,18.3,0.4797,16.44,2.2846,1.26,62.75,0.3,90.6,42.87
28099,MS,NESHOBA,"Neshoba County, Mississippi",640597.66,-507797.58,29474,0.921,14.2,14.7,21.26,1.89,35991,14.4,0.4672,10.03,2.9937,1.51,49.94,1.34,84.5,26.12
28101,MS,NEWTON,"Newton County, Mississippi",643333.07,-547098.07,21652,0.888,15.9,16.2,30.33,1.73,35527,15.8,0.5036,15.6,2.6719,1.42,58.43,0.95,87,29.62
28103,MS,NOXUBEE,"Noxubee County, Mississippi",688375.41,-464275.30,11098,0.8997,16.4,15.4,69.22,3.96,31472,14.5,0.4804,14.17,1.8187,0.48,67.51,1.95,84,78.37
28105,MS,OKTIBBEHA,"Oktibbeha County, Mississippi",657119.48,-431420.74,49424,1.0136,39.8,10.1,36.98,1.63,33431,42,0.5399,9.02,3.7292,3.8,44.5,4.07,88.8,50.81
28107,MS,PANOLA,"Panola County, Mississippi",551737.61,-333571.26,34319,0.9346,15.7,14.2,50.32,1.62,37556,15.6,0.4684,18.24,2.9622,1.22,59.24,0.85,84.4,49.94
28109,MS,PEARL RIVER,"Pearl River County, Mississippi",611612.31,-731409.25,55167,0.9804,15.1,17.2,12.97,2.93,41598,14.2,0.4365,9.38,3.2683,2.27,51.65,1.64,84.1,16.85
28111,MS,PERRY,"Perry County, Mississippi",665211.60,-682665.29,12174,0.9482,14.3,17.3,20.01,1.28,34774,9,0.4529,13.96,1.9827,1.42,58.4,0.25,81.9,22.78
28113,MS,PIKE,"Pike County, Mississippi",531347.88,-691229.88,39939,0.9006,15.3,15.5,52.98,1.43,31511,15.7,0.4891,14.99,3.6297,1.58,55.71,0.84,84.5,50.11
28115,MS,PONTOTOC,"Pontotoc County, Mississippi",636015.17,-343306.51,30862,0.9951,14.6,14.2,15.14,6.11,39869,14.7,0.444,29.29,3.1755,2.02,57.55,2.48,81.6,18.75
28117,MS,PRENTISS,"Prentiss County, Mississippi",679722.78,-295923.75,25339,0.9516,16.8,16.9,13.43,1.29,33509,12,0.4678,23.88,3.1602,1.59,50.66,0.66,84.3,21.28
28119,MS,QUITMAN,"Quitman County, Mississippi",521650.77,-348043.66,7634,0.9258,15.2,15.2,70.46,1.17,24835,12.9,0.4829,9.71,1.9848,1.55,58.77,0.86,77.8,69.79
28121,MS,RANKIN,"Rankin County, Mississippi",567082.76,-567512.13,147930,0.9337,14.8,13.2,19.88,2.55,59370,29.6,0.4119,8.53,4.2994,2.36,56.13,2.28,89.5,23.02
28123,MS,SCOTT,"Scott County, Mississippi",604194.42,-549163.18,28268,0.9414,15.7,13.6,37.79,10.75,32615,11.8,0.4688,24.94,2.8856,1.25,50.78,6.87,81.6,41.08
28125,MS,SHARKEY,"Sharkey County, Mississippi",482184.79,-503750.04,4662,0.8544,15.5,15,73.83,0.39,28878,19,0.44,2.17,1.4278,0.87,62.72,0.79,78.8,68.13
28127,MS,SIMPSON,"Simpson County, Mississippi",572056.00,-606367.76,27279,0.9527,14.9,15.7,35.41,1.77,37285,12.8,0.4742,12.11,2.8835,1.33,55.96,0.78,83.8,34.38
28129,MS,SMITH,"Smith County, Mississippi",610043.03,-592196.41,16137,0.9202,13.9,17.2,24.82,0.27,33696,11.9,0.5312,19.56,2.2816,1.08,62.35,0.17,88.1,21.43
28131,MS,STONE,"Stone County, Mississippi",656408.73,-725887.54,17995,1.0454,17.1,13.8,19.48,1.75,44995,14,0.4172,13.52,2.747,2.36,50.58,0.99,84,22.87
28133,MS,SUNFLOWER,"Sunflower County, Mississippi",498440.57,-422094.26,27424,1.0976,19.7,11.6,73.76,1.58,27126,14.1,0.5014,10.28,2.7196,0.82,45.75,0.62,80.7,70.65
28135,MS,TALLAHATCHIE,"Tallahatchie County, Mississippi",534276.09,-380961.45,14776,1.4423,21.2,13.4,46.62,15.18,29837,8.9,0.455,12.86,2.1795,1.21,50.1,5.35,87.1,57.54
28137,MS,TATE,"Tate County, Mississippi",550219.13,-301558.75,28338,0.9554,17,14.6,30.57,2.46,43883,16.2,0.4453,9.42,3.297,1.77,54.27,1.69,85.2,34.38
28139,MS,TIPPAH,"Tippah County, Mississippi",643205.49,-281902.68,22061,0.9624,14.7,16,16.96,4.76,37109,13.6,0.4496,28.23,2.9235,1.66,55.67,2.62,87.7,20.28
28141,MS,TISHOMINGO,"Tishomingo County, Mississippi",704070.10,-280287.82,19503,0.9421,13,19.5,2.41,2.75,35364,10.9,0.4179,26.21,2.8762,2.46,55.17,1.62,86.1,12.24
28143,MS,TUNICA,"Tunica County, Mississippi",511114.24,-303802.16,10407,0.8591,17.1,10.5,77.35,1.72,31918,19,0.4857,6.3,2.179,1.32,48.89,1.8,84.1,75.77
28145,MS,UNION,"Union County, Mississippi",636888.97,-313520.18,27989,0.9549,14.7,15.7,14.56,4.36,37898,15.5,0.4468,27.84,3.2582,2.17,55.06,2.68,85.1,17.89
28147,MS,WALTHALL,"Walthall County, Mississippi",559803.82,-692451.77,14812,0.9595,13.8,17.8,45.79,0.52,30571,9.7,0.5277,12.3,2.6503,1.06,61.87,0.53,80.7,40.75
28149,MS,WARREN,"Warren County, Mississippi",481722.12,-562147.87,47834,0.9051,14.6,14.6,48.34,2.09,40475,23.6,0.4734,12.56,3.4462,1.88,54.19,1.75,86,48.73
28151,MS,WASHINGTON,"Washington County, Mississippi",467319.58,-459405.55,48824,0.8848,15.9,13.6,71.67,1.37,28452,18.5,0.5224,8.61,3.2585,1.19,46.95,1.08,79.8,68.46
28153,MS,WAYNE,"Wayne County, Mississippi",689297.82,-628517.63,20517,0.9272,15.1,15.7,39.39,1.45,34458,11.6,0.4954,17.4,2.2794,0.89,62.63,0.16,86,37.04
28155,MS,WEBSTER,"Webster County, Mississippi",618275.64,-413180.77,9922,0.9648,13.5,16.5,19.18,1.38,37083,18.5,0.4801,12.09,2.2084,1.46,67.31,0.55,87.1,20.4
28157,MS,WILKINSON,"Wilkinson County, Mississippi",445395.54,-697412.09,9233,1.125,17.4,15.5,71.46,0.35,25846,13,0.4961,9.61,1.6596,1.02,58.57,0,83.4,68.43
28159,MS,WINSTON,"Winston County, Mississippi",645577.55,-469946.85,18519,0.9549,13.9,17.7,47.89,1.14,32820,17.3,0.5164,15.59,2.466,1.36,62.85,0.43,87.3,43.95
28161,MS,YALOBUSHA,"Yalobusha County, Mississippi",576337.36,-369576.64,12380,0.9215,13.5,18.3,39.91,1.47,34749,13.6,0.4373,28.21,2.3256,1.96,64,0.41,86.8,43.34
28163,MS,YAZOO,"Yazoo County, Mississippi",521529.96,-512620.44,27719,1.2314,16.5,12.5,59.08,3.63,27560,12.9,0.5431,13.94,2.4515,1.02,47.99,3.01,83.2,53.87
29001,MO,ADAIR,"Adair County, Missouri",286832.11,306672.35,25547,0.8911,33.7,14,2.21,2.47,37967,30.5,0.4906,7.22,2.8557,6.81,49.11,3.28,91.2,36.73
29003,MO,ANDREW,"Andrew County, Missouri",101396.96,278976.02,17347,0.9773,12.8,17.4,1.5,2.22,54804,24,0.4175,15.64,2.7395,4.7,68.43,0.81,92.7,23.48
29005,MO,ATCHISON,"Atchison County, Missouri",48113.04,328598.00,5380,0.975,12.3,24.4,0.5,1.23,43438,22.3,0.4259,9.34,1.3338,4.52,62.74,0.46,88.5,20.8
29007,MO,AUDRAIN,"Audrain County, Missouri",355632.98,200099.02,25868,0.8271,14.7,16.9,5.93,2.87,41930,12.6,0.4218,18.16,2.6692,5.07,50.64,1.35,87.1,26.91
29009,MO,BARRY,"Barry County, Missouri",192118.58,-86354.81,35716,1.0113,13.2,19.7,0.18,8.62,37869,12.8,0.4211,22.76,2.8747,3.2,53.04,5.25,81.9,19.17
29011,MO,BARTON,"Barton County, Missouri",144733.29,1519.88,12075,0.9847,12.1,18.7,0.23,2.36,38877,15.2,0.4723,19.51,2.0639,3.12,65.4,1.68,88.6,13.82
29013,MO,BATES,"Bates County, Missouri",143879.67,86119.90,16513,0.9621,12.7,18.9,1,2.01,41520,13.8,0.4161,10,2.0308,5.04,64.18,0.76,86.2,21.24
29015,MO,BENTON,"Benton County, Missouri",234925.36,92420.57,18825,0.9839,9.5,28.1,0.37,1.81,33428,10.6,0.4373,13.55,2.3344,0.79,60.1,0.72,87.1,21.92
29017,MO,BOLLINGER,"Bollinger County, Missouri",524057.19,-3479.40,12282,1.0131,12.9,17.8,0.28,1.05,39493,9.4,0.4495,21.28,2.0379,2.54,59.4,0.33,88.8,12.74
29019,MO,BOONE,"Boone County, Missouri",316599.78,173189.12,172773,0.9406,28.9,10.5,8.23,3.18,50813,46.8,0.4841,5.46,4.5779,7.8,61.06,6.25,92,53.18
29021,MO,BUCHANAN,"Buchanan County, Missouri",101498.49,242716.16,89415,1.0124,17.4,14.6,5.14,6.1,46680,20.5,0.4395,18.64,4.4381,6.52,51.79,3.81,87.5,36.04
29023,MO,BUTLER,"Butler County, Missouri",494711.81,-73252.06,42887,0.9356,14.3,17.4,5.29,1.91,36302,15.6,0.4626,13.25,3.1712,3.32,52.54,1.37,87.7,18.19
29025,MO,CALDWELL,"Caldwell County, Missouri",171515.34,243434.92,9057,1.0367,11.9,18.8,0.77,1.99,44722,17.9,0.403,12.52,2.1043,5.61,62.81,1.03,91.4,20.59
29027,MO,CALLAWAY,"Callaway County, Missouri",350224.46,157179.23,44693,1.0453,17.8,14.3,3.78,1.96,50362,20.5,0.4101,8.76,3.029,5.98,54.78,1.7,89.8,27.65
29029,MO,CAMDEN,"Camden County, Missouri",281154.05,63853.29,44152,0.9837,11.5,24.8,0.71,2.6,46747,21.3,0.4544,7.34,3.2576,3.56,62.64,2.24,83.6,21.96
29031,MO,CAPE GIRARDEAU,"Cape Girardeau County, Missouri",553509.71,5387.51,78089,0.9397,21,15.5,7.67,2.26,48458,29.9,0.4618,11.19,3.9535,4.13,60.34,2.6,91.1,23.92
29033,MO,CARROLL,"Carroll County, Missouri",212777.43,218764.94,9009,0.9403,12.3,20.5,0.91,1.41,41537,17.3,0.4795,9.78,1.611,3.12,62.78,0.9,87.5,17.63
29035,MO,CARTER,"Carter County, Missouri",444268.70,-50832.99,6249,0.9222,12.8,18.1,0.08,2.21,37162,12.1,0.4757,14.98,1.5593,2.95,60.04,0.22,82.6,15.8
29037,MO,CASS,"Cass County, Missouri",141836.72,129775.67,101324,0.9647,13.2,15.4,3.5,4.15,63613,25.3,0.4034,10.96,4.0282,5.97,67.19,2.34,91.6,30.97
29039,MO,CEDAR,"Cedar County, Missouri",187121.60,27194.64,13932,0.9926,11.4,23.3,0.06,1.89,33720,14.9,0.4499,12.72,2.4281,4.07,59.31,0.6,83.9,16.76
29041,MO,CHARITON,"Chariton County, Missouri",258730.72,229978.17,7615,0.98,11.1,22.7,2.38,0.8,41773,15.8,0.459,13.08,1.3646,3.3,67.43,0.38,92.6,23.14
29043,MO,CHRISTIAN,"Christian County, Missouri",247908.23,-55767.01,82053,0.9462,13.6,14.2,0.59,2.76,54392,26.5,0.4033,7.53,4.0308,5,68.58,1.7,89.2,21.56
29045,MO,CLARK,"Clark County, Missouri",358458.08,334194.35,6860,1.0224,12.2,19.6,0.28,0.26,45169,12.3,0.4515,19.38,1.6579,1.03,61.1,0.42,86.1,22.75
29047,MO,CLAY,"Clay County, Missouri",134901.94,204039.39,233135,0.9608,15.1,12.8,5.72,6.47,63702,31.9,0.4062,11.02,5.4222,6.71,62.93,4.5,90.9,44.08
29049,MO,CLINTON,"Clinton County, Missouri",135751.00,236701.33,20494,1.0076,12.6,17.1,1.71,1.93,57486,18.6,0.3818,12.22,2.9385,5.57,65.63,1.55,88.2,26.68
29051,MO,COLE,"Cole County, Missouri",321133.18,118964.19,76603,1.0227,15.8,14.1,11.48,2.71,54130,31.7,0.4187,7.07,4.3247,4.94,63.28,2.7,90.8,30.72
29053,MO,COOPER,"Cooper County, Missouri",274236.13,155188.40,17613,1.1101,16.9,16.7,6.32,1.6,44917,20.5,0.4288,8.6,2.4883,5.38,58.13,0.99,90,25.57
29055,MO,CRAWFORD,"Crawford County, Missouri",408439.62,63462.06,24545,0.972,13.3,17.9,0.22,1.8,36983,12.5,0.4604,20.28,2.5466,1.53,51.77,0.82,84.2,19.1
29057,MO,DADE,"Dade County, Missouri",188411.62,-5485.04,7590,1.0409,10.8,22.3,0.36,1.9,37904,14.9,0.4189,13.26,1.7885,3.29,66.06,1.09,83.2,16.67
29059,MO,DALLAS,"Dallas County, Missouri",259963.50,24273.19,16508,0.9892,12.6,19.1,0.08,1.91,37695,13.2,0.3929,13.4,2.467,3.84,59.17,0.8,79.1,17.75
29061,MO,DAVIESS,"Daviess County, Missouri",170554.34,277593.87,8257,1.0213,12.8,18.8,1.15,1.43,43669,16.8,0.4226,11.61,1.7335,2.67,58.88,0.9,81.1,20.88
29063,MO,DEKALB,"DeKalb County, Missouri",135191.40,269348.61,12706,1.7092,16.5,15.7,10.22,3.86,43538,13.6,0.4269,14.7,2.4547,5.01,43.56,1.22,91.2,18.88
29065,MO,DENT,"Dent County, Missouri",392670.24,21229.19,15578,0.9936,12.5,20.1,0.56,1.51,38020,12.6,0.4595,11.02,2.0782,3.14,56.69,1.08,81.6,14.87
29067,MO,DOUGLAS,"Douglas County, Missouri",308877.75,-57874.21,13467,1.0046,11.7,22.3,0.09,1.27,31333,9.4,0.4463,16.01,1.8548,2.94,63.14,0.45,83,15.21
29069,MO,DUNKLIN,"Dunklin County, Missouri",525668.39,-121278.08,31271,0.927,13.7,17.3,9.65,6.17,31220,11.4,0.4699,16.17,3.1052,1.82,45.65,2.67,83.2,22.72
29071,MO,FRANKLIN,"Franklin County, Missouri",425809.12,113147.78,102063,0.9921,14.3,15.6,0.95,1.64,50895,19.7,0.4305,19.85,3.7544,4.67,64.18,1.54,90.5,25.83
29073,MO,GASCONADE,"Gasconade County, Missouri",388244.51,114601.42,14875,0.987,11.9,21.4,0.52,1.28,45505,16.4,0.4417,25.59,2.4039,3.43,63.6,0.76,91.8,21.14
29075,MO,GENTRY,"Gentry County, Missouri",134156.99,305061.13,6745,0.9255,13.2,19.9,1.05,1.08,44024,19.4,0.4043,12.2,1.6676,4.4,59.52,0.85,88.9,20.8
29077,MO,GREENE,"Greene County, Missouri",233494.61,-23849.26,285449,0.9512,21.3,15.3,3.26,3.39,41908,29.9,0.4598,8.54,5.095,6.55,57.31,3.28,87,35.38
29079,MO,GRUNDY,"Grundy County, Missouri",205677.06,295585.47,10231,0.9373,15.9,21,0.72,1.97,40187,18.7,0.4397,18.02,2.2055,1.58,55.14,1.59,83.5,18.39
29081,MO,HARRISON,"Harrison County, Missouri",169068.48,321694.01,8649,0.991,12.6,21.1,0.82,2.03,41173,13.9,0.4048,7.39,1.5308,4.07,56.72,1.88,85.2,16.22
29083,MO,HENRY,"Henry County, Missouri",190970.35,101424.10,21930,0.9787,12.1,20.1,1.46,2.14,42707,15.5,0.4384,14.67,2.4973,4.4,57.98,1.48,86.8,24.99
29085,MO,HICKORY,"Hickory County, Missouri",233195.96,52691.03,9267,0.9534,8.6,32.1,0.15,1.39,33113,9.8,0.428,6.12,2.1941,3.51,61.71,0.64,84.2,22.29
29087,MO,HOLT,"Holt County, Missouri",66308.38,291032.57,4537,1.0049,11.2,22.5,0.4,0.2,41017,20.1,0.4122,12.24,1.3313,3.48,64.96,0.4,89.4,15.27
29089,MO,HOWARD,"Howard County, Missouri",282849.63,189005.31,10148,1.0004,18.4,16.7,5.23,1.37,45762,25.3,0.4264,9.2,2.134,6.33,61.66,0.83,91.4,28.14
29091,MO,HOWELL,"Howell County, Missouri",363627.20,-73505.51,40265,0.9501,14,18.7,0.31,1.96,33964,14.4,0.4583,13.54,2.8194,3.9,57.34,1.51,87.1,17.18
29093,MO,IRON,"Iron County, Missouri",457156.53,18742.68,10220,0.9849,12.7,18.9,1.9,1.72,36354,11.4,0.4213,12.52,1.9701,3.82,52.94,0.56,84.1,22.72
29095,MO,JACKSON,"Jackson County, Missouri",141877.03,170301.09,683643,0.9368,16.6,13.5,23.75,8.69,48104,29.4,0.4703,8.81,6.079,6.05,33.39,5.5,86.7,43.76
29097,MO,JASPER,"Jasper County, Missouri",145888.74,-31945.67,117376,0.9497,16.8,13.8,2.23,7.56,42648,22.1,0.4524,16.76,4.2624,5.55,55.19,4.1,85.8,23.16
29099,MO,JEFFERSON,"Jefferson County, Missouri",473178.22,98883.89,222453,0.9888,14.2,13.3,0.98,1.78,58232,18.4,0.3888,11.63,4.8737,5.3,62.84,1.59,90.4,31.38
29101,MO,JOHNSON,"Johnson County, Missouri",188857.62,141614.41,54229,1.0637,28.4,11.7,4.44,3.9,48977,27.8,0.4123,10.79,3.2288,7.02,49.83,2.67,89.9,30.18
29103,MO,KNOX,"Knox County, Missouri",325290.33,301142.05,3997,1.0269,12.3,20.6,0.35,0.98,38816,15.5,0.4426,8.02,1.1191,4.01,61.89,1.03,79.9,21.11
29105,MO,LACLEDE,"Laclede County, Missouri",297900.69,23082.84,35505,0.9839,13.8,16.7,0.47,2.25,40436,13.7,0.4259,25.22,2.8863,3.84,59.72,0.7,84.8,16.54
29107,MO,LAFAYETTE,"Lafayette County, Missouri",189811.51,177685.98,32789,0.9672,13.6,17.8,2,2.65,50830,18.3,0.3974,13.07,3.003,5.26,63.21,1.42,90.1,26.95
29109,MO,LAWRENCE,"Lawrence County, Missouri",190759.42,-41942.28,38204,0.9976,13,17.3,0.54,7,40505,16.2,0.4246,20.64,3.1827,4.34,58.73,2.87,84.5,18.14
29111,MO,LEWIS,"Lewis County, Missouri",361398.22,299176.86,10146,1.0083,17.7,17.8,2.9,1.71,45708,13.9,0.4091,17.13,2.0485,3.99,56.82,1.64,89.4,21.83
29113,MO,LINCOLN,"Lincoln County, Missouri",431889.45,186080.13,54286,1.0026,14.9,12.3,1.8,2.24,55249,15.2,0.3925,16.55,3.5101,4.92,62.39,1.2,90.4,23.49
29115,MO,LINN,"Linn County, Missouri",245200.93,269374.72,12319,0.9191,12.2,20.1,0.43,1.94,39286,14.6,0.4183,16.13,2.0447,4.64,59.52,0.56,86.3,23.27
29117,MO,LIVINGSTON,"Livingston County, Missouri",208083.55,258451.49,15057,0.8176,13.9,19.6,2.81,1.52,44266,19.8,0.466,11.4,2.3907,4.31,54.32,0.74,86.4,20.59
29119,MO,MCDONALD,"McDonald County, Missouri",146327.76,-96355.95,22720,1.0377,13.9,13.9,1.85,11.43,38846,13.3,0.4288,21.73,2.7887,3.81,49.36,9.08,78.2,16.76
29121,MO,MACON,"Macon County, Missouri",291340.76,266485.37,15399,0.9732,12.3,21.2,2.31,1.19,37099,15.8,0.4111,12.14,2.0043,3.61,65.03,0.77,88.2,21.07
29123,MO,MADISON,"Madison County, Missouri",495066.65,12271.21,12403,0.9637,13.1,18.9,1.44,0.84,36359,12.3,0.4319,13.07,2.2707,4.02,55.86,0.94,87.3,19.68
29125,MO,MARIES,"Maries County, Missouri",353573.77,81739.96,8987,0.9821,12.6,19.5,0.49,1.89,40542,14,0.4092,15.93,1.8847,3.22,63.71,0.3,86.9,18.23
29127,MO,MARION,"Marion County, Missouri",371313.28,266998.75,28858,0.9311,15.2,17.1,5.09,1.56,43828,20.5,0.4211,16.07,3.2387,4.06,58.76,1.26,87.4,24.12
29129,MO,MERCER,"Mercer County, Missouri",204523.98,330116.06,3702,1.0054,11,20.6,0.46,1.27,41817,16.9,0.3968,12.99,1.1472,2.46,62.85,1.38,81.1,12.69
29131,MO,MILLER,"Miller County, Missouri",309699.26,85892.69,25011,0.9761,13.5,17.8,0.54,1.75,40057,15.7,0.4709,9.68,2.7909,3.34,59.74,1.2,87.6,15.86
29133,MO,MISSISSIPPI,"Mississippi County, Missouri",592325.42,-54389.33,14112,1.1565,14.7,16.5,23.72,1.9,29214,11.4,0.4913,12.54,2.5831,2.15,47.26,0.51,82.4,28.83
29135,MO,MONITEAU,"Moniteau County, Missouri",294584.30,132245.30,15840,1.0994,14,15,3.36,4.46,48974,18.3,0.3993,12.42,2.6903,3.6,57.8,2.82,85,18.79
29137,MO,MONROE,"Monroe County, Missouri",340705.09,230822.25,8642,1.0056,11.5,20.7,2.93,1.43,41201,14,0.38,18.4,1.6394,3.46,61.97,0.54,85.2,21.26
29139,MO,MONTGOMERY,"Montgomery County, Missouri",388820.80,170813.35,11820,0.9916,11.9,19.9,1.51,1.66,41096,13.5,0.4196,18.73,2.1435,3.37,59.65,0.64,89.4,21.33
29141,MO,MORGAN,"Morgan County, Missouri",269265.01,107923.69,20182,1.009,11.2,23.5,0.93,2.04,32807,11.7,0.4691,14.66,2.5679,3.32,56.03,1.05,75.9,20.73
29143,MO,NEW MADRID,"New Madrid County, Missouri",562263.62,-82676.55,18229,0.9247,13.3,17.5,15.92,1.63,31615,11.1,0.468,17.2,2.3446,2.09,52.69,0.49,81.1,26.84
29145,MO,NEWTON,"Newton County, Missouri",146590.84,-65335.33,58741,0.9946,14.7,17.4,0.9,4.98,44474,18.4,0.4635,17.68,3.5919,4,59.75,3.73,84.8,19.54
29147,MO,NODAWAY,"Nodaway County, Missouri",94018.72,321146.01,23026,0.9804,34.2,14.1,2.74,1.52,39908,25,0.4521,16.32,2.3163,5.8,49.31,2.3,89,28.39
29149,MO,OREGON,"Oregon County, Missouri",406782.89,-81301.72,10922,0.9722,11.4,23,0.17,1.58,30442,12.6,0.4584,15.25,1.6751,2.83,55.08,1.42,83.6,19.07
29151,MO,OSAGE,"Osage County, Missouri",357569.80,115414.82,13704,1.0919,14.5,16.6,0.75,0.74,54119,19.1,0.3689,17.27,2.166,3.33,67.63,0.27,93.7,14.56
29153,MO,OZARK,"Ozark County, Missouri",314835.45,-89424.57,9450,1.0059,9.8,25.9,0.05,1.66,31087,11.5,0.4102,20.26,1.5888,3.15,59,0.32,84.2,16.59
29155,MO,PEMISCOT,"Pemiscot County, Missouri",553260.67,-126292.23,17599,0.8962,14.7,15.6,26.98,2.43,31671,11.7,0.4628,20.28,2.6244,1.92,46.66,0.72,84,32.94
29157,MO,PERRY,"Perry County, Missouri",538917.38,40737.12,19152,0.9804,13.5,16.6,0.49,2.07,53014,16.1,0.3863,23.67,2.7466,3.57,60.36,0.92,92.6,18.04
29159,MO,PETTIS,"Pettis County, Missouri",233779.88,140994.73,42193,0.9635,15.7,15.3,2.96,8.25,40467,17.2,0.4249,20.95,3.173,5.39,57.23,6.17,85.5,25.24
29161,MO,PHELPS,"Phelps County, Missouri",366456.60,50370.01,44833,1.0922,23.2,14.9,2.73,2.37,41603,27.9,0.4751,10.31,3.2491,5.81,52.52,5.62,89.7,27.27
29163,MO,PIKE,"Pike County, Missouri",412174.98,217129.96,18475,1.2459,15.9,16.4,6.38,2.15,42779,13.3,0.4113,10.68,2.3646,4.09,51.16,0.91,86.2,25.51
29165,MO,PLATTE,"Platte County, Missouri",104680.94,211430.63,94970,0.9715,14.7,12.9,6.92,5.61,70879,40.7,0.4217,8.76,4.4689,5.92,67.73,5.26,92.5,43.61
29167,MO,POLK,"Polk County, Missouri",227254.62,16153.75,31113,0.9583,17.9,17.1,0.85,2.28,42483,19.6,0.4207,9.66,2.9393,5.04,57.98,0.8,87.4,20.13
29169,MO,PULASKI,"Pulaski County, Missouri",330566.14,42960.87,53302,1.3211,32.8,7.5,14.01,10.47,49216,23.9,0.3803,8.75,3.6274,5.12,32.78,4.76,87.9,22.83
29171,MO,PUTNAM,"Putnam County, Missouri",250777.07,337793.75,4877,1.0078,12.3,23.1,0.35,1.41,38125,18.4,0.418,17.63,1.292,2.43,61.51,0.96,85.4,15.42
29173,MO,RALLS,"Ralls County, Missouri",381281.01,236238.25,10225,1.0312,11.7,19.3,1.2,1.28,48919,12.7,0.384,18.37,2.1287,3.02,65.77,0.82,89.3,22.28
29175,MO,RANDOLPH,"Randolph County, Missouri",298673.99,222948.70,25081,1.1031,16.1,15.6,5.12,1.91,40638,14.4,0.4313,9.32,2.9988,4.82,53.04,0.96,88.8,23.27
29177,MO,RAY,"Ray County, Missouri",171619.20,209425.68,22921,0.9792,12.9,16.9,1.51,2.3,53459,13.9,0.3943,18.8,2.7446,6.21,62.07,0.93,90.9,30.31
29179,MO,REYNOLDS,"Reynolds County, Missouri",441188.63,-3769.71,6530,1.0691,10.7,22.8,1.72,1.3,36736,9.1,0.4436,18.03,1.1374,3.03,58.97,0.21,87,18.33
29181,MO,RIPLEY,"Ripley County, Missouri",454688.14,-82642.26,13936,0.9798,12.9,19.4,0.17,1.2,34145,11.3,0.4311,13.41,2.1456,3.11,51.68,0.53,84.2,15.51
29183,MO,ST. CHARLES,"St. Charles County, Missouri",458008.28,156521.55,379856,0.9672,14.9,13.2,4.41,3.08,75603,36.1,0.393,12.81,5.5672,5.34,69.99,3.96,93.9,36.07
29185,MO,ST. CLAIR,"St. Clair County, Missouri",193335.49,62464.93,9444,1.0119,11.3,25.7,0.77,2.13,33750,11.4,0.433,6.59,1.6868,4.17,60.6,1.09,83.1,21.1
29186,MO,STE. GENEVIEVE,"Ste. Genevieve County, Missouri",505381.11,59636.28,17937,1.0154,13,16.9,1.08,1.02,49356,13.9,0.3796,21.02,2.6301,5.09,61,2.26,93.6,31.62
29187,MO,ST. FRANCOIS,"St. Francois County, Missouri",481784.60,48777.53,66230,1.1676,16.4,15.2,4.74,1.43,41461,13.8,0.4238,12.54,4.0358,4.08,47.5,0.62,87.2,26.35
29189,MO,ST. LOUIS COUNTY,"St. Louis County, Missouri",478835.75,141826.31,1000560,0.9016,15.2,16.5,23.58,2.7,61103,42.4,0.4862,9.97,6.6344,5,66.31,6.89,91.8,58.61
29195,MO,SALINE,"Saline County, Missouri",239592.11,186980.31,23214,0.9966,18.1,16.8,5.28,9.48,40645,18.8,0.414,16.38,2.4735,5.48,51.95,5.11,90.7,31.82
29197,MO,SCHUYLER,"Schuyler County, Missouri",292409.85,338225.37,4396,0.9616,13.4,19,1.07,0.34,37583,12.5,0.4516,12,1.709,3.98,59.35,0.68,82,19.04
29199,MO,SCOTLAND,"Scotland County, Missouri",323900.20,337457.02,4893,0.9533,13.5,18.6,1.68,0.33,41336,14,0.4981,14.26,1.4647,3.96,56.1,0,70.8,19.31
29201,MO,SCOTT,"Scott County, Missouri",566168.29,-30929.77,38994,0.9447,14.5,16.6,12.12,2.1,40276,13.9,0.4547,14.1,3.5793,2.97,58.23,0.91,87.2,21.35
29203,MO,SHANNON,"Shannon County, Missouri",404484.36,-28627.53,8256,0.9657,13.4,19.5,0.19,1.77,32284,15,0.4519,22.41,1.1555,4.15,60.86,0.1,83,20.74
29205,MO,SHELBY,"Shelby County, Missouri",332846.50,264397.20,6148,0.9942,12.1,20.1,1.82,1.51,41351,14,0.4064,15.3,1.5559,3.84,69.3,0.55,85.1,19.36
29207,MO,STODDARD,"Stoddard County, Missouri",534543.60,-55187.00,29788,0.9496,13.6,19.2,1.54,1.57,38096,13.6,0.4364,15.7,2.637,2.53,57.35,0.44,86.7,14.48
29209,MO,STONE,"Stone County, Missouri",225017.72,-81399.11,31197,0.9621,10,27.3,0.14,1.97,41944,16.9,0.4291,7.56,3.2565,3.15,64.37,1.13,86.3,17.99
29211,MO,SULLIVAN,"Sullivan County, Missouri",243678.26,307483.69,6416,1.0297,12.9,18.8,1.36,18.31,42639,11.6,0.3997,28.24,1.341,3.06,50.32,8.46,86.5,21.83
29213,MO,TANEY,"Taney County, Missouri",262017.26,-90631.24,53853,0.9488,16,19.7,0.86,5.37,38040,18.4,0.4313,4.37,3.4928,3.68,55.41,3.56,80.6,19.31
29215,MO,TEXAS,"Texas County, Missouri",354115.95,-12975.96,25690,1.057,13,19.2,1.76,2,35730,13.5,0.4329,11.72,2.1313,3.22,55.75,0.72,83,16.3
29217,MO,VERNON,"Vernon County, Missouri",144462.44,40542.53,20836,0.9607,13.9,17.5,0.96,2.04,40655,16.2,0.4297,11.75,2.2757,4.17,54.66,1.17,82.9,20.72
29219,MO,WARREN,"Warren County, Missouri",416394.18,152337.70,33290,1.016,13.6,16.4,2.11,3.17,51509,18.2,0.4218,16.3,3.4008,4.8,62.8,1.83,88.5,26.05
29221,MO,WASHINGTON,"Washington County, Missouri",445589.25,63738.17,25002,1.0549,13.7,15.2,2.38,0.32,36701,8,0.4459,13.28,2.5419,3.32,48.34,0.21,84.8,21.46
29223,MO,WAYNE,"Wayne County, Missouri",487274.60,-29208.08,13341,0.9909,11.7,21.9,0.67,1.46,33954,11.9,0.4233,18.47,1.9147,0.87,53.66,0.56,85.8,16.91
29225,MO,WEBSTER,"Webster County, Missouri",274343.04,-20058.32,37075,1.038,13.5,14.5,1.24,1.88,44814,16.2,0.4171,14.47,3.1846,4.34,62.03,0.88,83.2,19.84
29227,MO,WORTH,"Worth County, Missouri",132630.55,334967.39,2061,0.9136,11.8,24.1,0,1.6,44974,17.3,0.3912,15.29,1.0935,4.11,63.52,0.58,88.4,19.44
29229,MO,WRIGHT,"Wright County, Missouri",310125.60,-20007.44,18378,0.9603,12.5,18.7,0.63,1.65,30581,11.2,0.4855,14.71,2.3426,2.98,58.9,0.96,81.5,14.85
29510,MO,ST. LOUIS CITY,"St. Louis city, Missouri",495947.17,142323.63,316030,0.9357,20.9,11.4,47.9,3.87,36809,33,0.5186,8.17,7.5856,4.67,52.02,6.34,85.3,83.34
30001,MT,BEAVERHEAD,"Beaverhead County, Montana",-1320789.46,971217.81,9317,0.9959,18.5,20,0.09,3.84,38194,30.9,0.5067,3.18,-0.4323,7.28,64.02,4.13,88.7,25.42
30003,MT,BIG HORN,"Big Horn County, Montana",-896818.89,940271.41,13214,0.9746,16.5,11,0.1,5.23,44136,15.7,0.4331,0.72,0.0208,6.84,48.22,1.42,60.8,53.05
30005,MT,BLAINE,"Blaine County, Montana",-965669.90,1284769.13,6609,0.9871,14.9,14.2,0.23,2.39,36875,19.6,0.4317,0.92,-0.5047,7.97,58.18,1.33,71.2,48.66
30007,MT,BROADWATER,"Broadwater County, Montana",-1190754.66,1084176.05,5692,1.0593,10.9,20.5,0.18,1.23,50946,27.3,0.4234,4.68,0.6115,6.77,69.15,2.67,87.8,19.62
30009,MT,CARBON,"Carbon County, Montana",-1019192.79,934210.24,10340,1.0004,9.6,22.7,0.01,2.38,52869,29.2,0.4304,4.56,0.6675,6.93,71.09,1.28,88.6,32.78
30011,MT,CARTER,"Carter County, Montana",-666108.44,926171.67,1295,0.9328,10.8,24.9,0,1.39,46985,17.1,0.4863,2.09,-1.8993,4.83,75.77,0.08,83.9,9.36
30013,MT,CASCADE,"Cascade County, Montana",-1162035.44,1188958.91,82049,1.011,17.3,17.1,1.22,4.09,45469,25.9,0.4587,3.22,2.4631,8,54.37,2,88.4,38.28
30015,MT,CHOUTEAU,"Chouteau County, Montana",-1084017.67,1240678.67,5837,0.986,14.2,18,0.05,2.12,38735,24.7,0.453,3.88,-0.5668,7.38,59.07,1.34,80.9,30.36
30017,MT,CUSTER,"Custer County, Montana",-738419.67,1015217.44,11980,1.003,15.3,18.5,0.36,2.95,50146,19.9,0.4349,3.23,0.201,6.79,55.35,1.34,90.4,24.33
30019,MT,DANIELS,"Daniels County, Montana",-708603.89,1293304.34,1787,0.9659,10.7,24.1,0,2.13,51108,23.7,0.4478,0.62,-0.726,6.65,66.54,3.69,94.8,18.71
30021,MT,DAWSON,"Dawson County, Montana",-676191.05,1121972.30,9431,1.1165,15.3,16.9,0.66,2.79,57591,18.9,0.4149,1.44,0.4285,6.1,59.46,1.36,90.3,19.16
30023,MT,DEER LODGE,"Deer Lodge County, Montana",-1315755.93,1075279.48,9176,1.1374,14.4,20.9,0.35,3.07,39212,15.9,0.4595,4.19,1.5705,9.15,54.31,1.87,86.3,53.86
30025,MT,FALLON,"Fallon County, Montana",-648821.25,1015830.74,2913,1.0987,12.7,15.8,1.3,1.72,50114,14.8,0.4685,1.49,-0.3652,3.44,68.2,1.34,88.5,10.75
30027,MT,FERGUS,"Fergus County, Montana",-1003170.62,1159863.61,11429,1.0125,11.4,22.7,0.16,0.82,42357,28.6,0.4392,4.74,0.0168,6.32,64.19,1.77,86.7,21.97
30029,MT,FLATHEAD,"Flathead County, Montana",-1343716.45,1331725.90,94696,0.9972,12.9,17,0.26,2.55,48407,28.9,0.4579,5.87,1.9723,6.52,63.38,2.02,86,30.54
30031,MT,GALLATIN,"Gallatin County, Montana",-1180028.06,993059.22,97958,1.0645,24.4,11.2,0.36,3.14,57021,48,0.4698,6.38,2.6756,10.72,69.11,3.13,89.8,50.46
30033,MT,GARFIELD,"Garfield County, Montana",-834572.47,1139892.04,1061,0.9256,13.2,24,0,0.75,42614,14.6,0.4877,0.72,-2.435,4.32,85.23,0,84.8,4.95
30035,MT,GLACIER,"Glacier County, Montana",-1258116.41,1361824.21,13695,0.964,16.5,11.1,0.26,2.82,29181,18.3,0.5211,0.87,0.5685,6.58,54.26,1.66,58.5,65.83
30037,MT,GOLDEN VALLEY,"Golden Valley County, Montana",-1012950.71,1062634.72,730,0.8912,5.9,24.5,3.42,6.71,44000,23.6,0.3972,2.02,-1.4271,8.02,79.67,0.68,84.8,16.28
30039,MT,GRANITE,"Granite County, Montana",-1337182.87,1117908.42,3212,1.0537,7.5,28.4,0.06,1.99,48688,25,0.4409,6.13,-0.3312,6.36,67.88,1.37,87.6,28.37
30041,MT,HILL,"Hill County, Montana",-1047655.56,1318437.36,16529,1.0221,17.5,13.9,0.02,3.27,42979,23.5,0.4372,2.11,0.789,9.25,53.56,1.13,85.2,40.54
30043,MT,JEFFERSON,"Jefferson County, Montana",-1239730.34,1071705.77,11601,1.0558,10.1,18.5,0.07,2.19,62939,33.1,0.4123,3.72,0.9945,8.03,73.26,1.42,90.5,32.36
30045,MT,JUDITH BASIN,"Judith Basin County, Montana",-1085161.88,1147481.30,1981,1.0919,8.7,23.7,0,1.51,45347,31.3,0.4471,0.51,-0.8938,8.36,72.85,1.26,89.4,21.23
30047,MT,LAKE,"Lake County, Montana",-1360337.59,1262067.49,29311,0.9681,12.6,19.6,0.25,4.08,39898,24.9,0.4805,5.99,2.0272,6.64,59.56,2.19,77.5,38.81
30049,MT,LEWIS AND CLARK,"Lewis and Clark County, Montana",-1243647.67,1181764.18,65989,0.9906,14.1,16.1,0.44,2.96,59170,37.5,0.4072,2.79,1.997,9.01,66.81,1.46,91.1,46.15
30051,MT,LIBERTY,"Liberty County, Montana",-1116111.15,1321534.99,2292,0.9844,14.6,22.3,0,0.74,46597,18.4,0.5717,1.22,-0.4799,5.93,51.76,1.4,87.7,22.79
30053,MT,LINCOLN,"Lincoln County, Montana",-1437935.05,1378314.39,19268,1.001,9.7,24.8,0.06,2.68,35461,19,0.459,5.34,0.7223,6,59.2,2.35,83.7,23.27
30055,MT,MCCONE,"McCone County, Montana",-739812.11,1170268.71,1678,1.1963,11.1,22.8,0,0.89,42330,16.4,0.4572,2.14,-1.4057,4.15,79.56,0.36,94.4,15.16
30057,MT,MADISON,"Madison County, Montana",-1242128.76,976538.50,7810,1.0749,10.4,26.1,0.36,3.01,47617,26.6,0.4431,2.54,-0.1739,6.3,72.57,3.06,85.1,26.36
30059,MT,MEAGHER,"Meagher County, Montana",-1139581.73,1105776.80,1960,0.9159,9.9,22.1,0,1.94,39032,21.2,0.3784,3.06,-1.1508,5.63,63.58,1.07,82.9,20.93
30061,MT,MINERAL,"Mineral County, Montana",-1438634.42,1221416.25,4223,1.0421,9.9,26.7,0.05,1.33,37143,12.7,0.4586,8.83,0.2904,8.1,58.1,1.89,86,28.07
30063,MT,MISSOULA,"Missoula County, Montana",-1360725.44,1193575.00,113101,1.0134,22.8,13.6,0.43,3.02,46371,41.8,0.4737,3.71,2.8238,9.14,64.94,2.45,87.7,58.64
30065,MT,MUSSELSHELL,"Musselshell County, Montana",-951895.66,1067323.15,4778,0.9875,10.1,21.2,0.23,2.66,41557,14.6,0.4333,5.61,-0.013,5.82,65.58,1.84,87.1,14.44
30067,MT,PARK,"Park County, Montana",-1131153.34,979647.96,15843,0.9989,10.9,19.4,0.32,2.6,43385,35.2,0.4499,5.59,0.7805,8.38,73.02,2.16,86.4,41.92
30069,MT,PETROLEUM,"Petroleum County, Montana",-931777.17,1133954.14,445,1.1602,6.5,19.8,0,0,38250,21.3,0.423,2.01,-2.2655,4.35,87.08,0.67,77.1,9.74
30071,MT,PHILLIPS,"Phillips County, Montana",-890697.50,1255510.38,4150,1.0107,11.7,21.1,0,2.17,38692,17.4,0.4522,1.79,-1.1657,5.99,67.24,0.87,78.9,15.58
30073,MT,PONDERA,"Pondera County, Montana",-1210708.96,1300151.66,6166,1.0111,12.9,19.7,0.39,1.88,42193,22.7,0.4325,3.66,0.3822,6.83,58.57,2.19,85.2,29.09
30075,MT,POWDER RIVER,"Powder River County, Montana",-752587.25,920987.91,1648,0.9689,12.4,23.7,0,1.52,47955,25.4,0.3906,0.84,-1.6455,3.99,76.16,1.09,86.4,12.56
30077,MT,POWELL,"Powell County, Montana",-1289871.16,1159966.12,6928,1.6503,14.9,18.6,0.42,2.45,43064,18,0.4274,8.12,0.1397,7.66,47.33,0.45,85.9,21.36
30079,MT,PRAIRIE,"Prairie County, Montana",-716802.79,1080855.68,1414,1.1199,6.8,25.9,0,1.49,44643,19.2,0.4244,1.76,-1.1572,4.79,64.54,1.84,89.7,15.24
30081,MT,RAVALLI,"Ravalli County, Montana",-1395528.93,1092417.83,41130,0.9826,10.6,22.8,0.08,3.21,40546,25.8,0.4316,8.76,1.8934,6.75,68.81,1.65,84.2,29.59
30083,MT,RICHLAND,"Richland County, Montana",-645382.06,1177025.50,11392,1.0608,15.3,13.2,0,4.97,65638,18.4,0.4587,4.56,0.7468,5.99,56.63,1.99,85,14.65
30085,MT,ROOSEVELT,"Roosevelt County, Montana",-674306.48,1235905.64,11230,0.9684,17.5,10.7,0.05,2.95,34481,14.2,0.501,2.31,0.6106,8.08,47.96,0.84,73.7,46.47
30087,MT,ROSEBUD,"Rosebud County, Montana",-827605.66,1021920.71,9348,0.9809,13.8,13.7,0.19,4.54,55609,19.8,0.418,0.86,-0.3276,6.17,52.32,1.27,79.8,30.46
30089,MT,SANDERS,"Sanders County, Montana",-1436936.57,1280571.06,11375,1.054,9.3,26.2,0.16,2.63,34336,16.4,0.4303,7.28,0.4644,7.54,64.21,2.6,81.6,22.13
30091,MT,SHERIDAN,"Sheridan County, Montana",-631960.11,1279059.38,3645,1.0489,11,22.1,0.08,2.3,52308,20.1,0.47,1.64,-0.1746,6.38,64.29,1.56,92.3,27.76
30093,MT,SILVER BOW,"Silver Bow County, Montana",-1287409.42,1052332.01,34560,0.9894,17.7,17.1,0.58,4.08,39580,25.9,0.4853,4.41,2.9224,8.86,59.43,2.65,87,57.48
30095,MT,STILLWATER,"Stillwater County, Montana",-1040992.58,986726.41,9342,1.0335,10.2,19.8,0.35,3.33,59603,25.4,0.4071,8.54,0.6969,6.24,66.28,1.76,89.4,19.87
30097,MT,SWEET GRASS,"Sweet Grass County, Montana",-1080650.51,1008698.44,3634,0.9496,9.9,23.8,0.19,1.82,50813,24.7,0.447,4.92,-0.2795,5.22,75.59,1.18,89.4,20.13
30099,MT,TETON,"Teton County, Montana",-1219126.15,1257847.54,6067,0.9647,11.5,22,0.08,1.42,49047,22.3,0.407,1.66,0.0307,6.59,68.87,1.62,85.3,27.13
30101,MT,TOOLE,"Toole County, Montana",-1163770.53,1339807.01,5114,1.3298,15.3,15.2,0.06,3.34,46588,14.7,0.4394,2.23,0.0306,6.77,49.3,3.91,83.1,21.17
30103,MT,TREASURE,"Treasure County, Montana",-869527.36,1025129.67,846,1.0484,16.1,20.2,0,4.96,42500,19.8,0.3703,1.01,-1.0964,7.45,64.97,0.83,92.9,14.39
30105,MT,VALLEY,"Valley County, Montana",-796590.72,1256176.52,7576,1.009,12.2,20.8,0.08,2.19,49977,21.5,0.4197,0.69,-0.5212,7.96,66.41,1.25,88.7,24.72
30107,MT,WHEATLAND,"Wheatland County, Montana",-1062670.30,1079322.06,2109,1.0778,13.1,22,0,2.37,36076,19.1,0.4049,1.53,-0.5578,6.87,58.41,1.52,88.2,20.32
30109,MT,WIBAUX,"Wibaux County, Montana",-629858.48,1084322.84,1143,0.934,8.6,28.8,0,1.49,40833,20.1,0.4006,1.69,-0.6999,4.25,60.68,0.79,87.9,10.62
30111,MT,YELLOWSTONE,"Yellowstone County, Montana",-950545.39,1004534.25,155344,0.9653,15.4,15.4,0.65,5.26,55032,29.2,0.4523,5.15,3.1257,8.71,58.15,1.88,88.1,35.14
31001,NE,ADAMS,"Adams County, Nebraska",-210088.34,341704.21,31536,1.0308,17.7,16.5,0.97,8.91,51201,22.6,0.4571,13.48,3.0735,6.84,56.16,5.72,90.6,26.23
31003,NE,ANTELOPE,"Antelope County, Nebraska",-169575.20,525724.25,6421,1.0041,11.5,22.2,0.26,3.15,46381,18.6,0.4661,5.73,1.062,5.06,66.45,2.07,91.4,12.3
31005,NE,ARTHUR,"Arthur County, Nebraska",-471180.42,470016.13,437,0.9251,7.3,20.6,0,0,40375,26.8,0.4429,7.65,-1.4445,4.4,91.33,0.23,89.5,6.51
31007,NE,BANNER,"Banner County, Nebraska",-637744.49,479222.42,793,0.8659,11.6,16.1,1.26,9.71,50833,17,0.4971,5.83,-0.8908,6.47,66.09,1.89,89.8,5.05
31009,NE,BLAINE,"Blaine County, Nebraska",-327470.15,501217.22,580,1.1324,11.4,18.6,0,0,50350,25.1,0.3729,4.03,-1.1549,3.47,72.68,1.38,80.5,9.8
31011,NE,BOONE,"Boone County, Nebraska",-170766.97,473159.94,5353,1.0124,12.6,21.3,0.54,1.76,51890,17.7,0.4226,11.9,1.1021,6.61,70.57,0.88,93.5,15.26
31013,NE,BOX BUTTE,"Box Butte County, Nebraska",-580539.92,550349.85,11279,1.0367,12.4,15.8,0.27,11.82,54444,15.7,0.3927,6.38,1.3987,6.95,58.52,2.06,91.4,21.06
31015,NE,BOYD,"Boyd County, Nebraska",-224616.97,608004.44,2006,1.0428,7.1,25.9,0.8,0.75,42463,19.6,0.4582,5.11,0.3608,3.89,75.63,0.55,88.7,11.52
31017,NE,BROWN,"Brown County, Nebraska",-321178.82,558792.38,3022,0.909,9,24.9,0.03,1.03,37328,18.7,0.5124,4.41,-0.0457,3.69,66.64,0.17,87.8,9.95
31019,NE,BUFFALO,"Buffalo County, Nebraska",-257069.87,380140.54,48402,0.9989,22.9,12.9,0.95,8.44,54098,33.5,0.434,12.88,2.9603,8.5,56.91,4.07,91.7,24.64
31021,NE,BURT,"Burt County, Nebraska",-27085.68,487554.40,6594,0.9666,10.5,23.9,0.73,2.61,47137,17.8,0.4042,9.48,1.6446,7.34,69.35,1.38,91.2,28.21
31023,NE,BUTLER,"Butler County, Nebraska",-94137.75,418066.82,8205,1.0115,11.3,20.4,0.65,2.91,51166,17.4,0.4149,19.32,1.6894,5.3,63.67,1.86,91.9,18.33
31025,NE,CASS,"Cass County, Nebraska",-11773.00,382108.36,25463,1.0045,11.8,16,0.79,2.93,65385,24.9,0.4044,7.84,2.87,7.71,67.18,1.24,94.1,29.19
31027,NE,CEDAR,"Cedar County, Nebraska",-102135.36,571782.29,8657,1.0317,11.3,21.2,0.06,1.69,54391,17.6,0.4346,11.89,1.5074,7.17,67.89,0.33,94.2,13.92
31029,NE,CHASE,"Chase County, Nebraska",-478370.83,353262.25,4061,0.9543,10.2,20.9,0.02,13.57,53496,18.5,0.4578,5.87,0.5614,4.16,62.48,9.26,85.6,9.4
31031,NE,CHERRY,"Cherry County, Nebraska",-417592.76,576320.96,5781,0.9683,13,21.2,0.02,2.73,53059,19.1,0.3971,3.97,-0.9822,5.71,68.27,2.85,90.2,10.78
31033,NE,CHEYENNE,"Cheyenne County, Nebraska",-581350.61,438211.49,10090,0.9653,13.5,17.1,0.07,6.57,54215,24.4,0.4138,6.55,1.1807,7.11,61.35,2,93.4,16.25
31035,NE,CLAY,"Clay County, Nebraska",-172303.91,340794.65,6313,1.0437,12.1,19.2,0.4,8.78,51613,18.6,0.3924,10.17,1.4491,5.42,64.05,4.31,88.8,16.45
31037,NE,COLFAX,"Colfax County, Nebraska",-89925.50,456963.82,10499,1.079,14.8,13.1,2.68,43.84,52712,13.9,0.4164,34.76,2.2872,5.72,43.67,26.84,88.3,28.35
31039,NE,CUMING,"Cuming County, Nebraska",-64851.93,495032.47,9055,1.0226,12.3,21.3,0.08,9.61,49181,20,0.4091,14.4,1.8127,5.72,59.59,4.54,91.1,18.72
31041,NE,CUSTER,"Custer County, Nebraska",-309113.87,442375.66,10784,0.9776,11.6,21,0.61,2.64,47083,21.4,0.4845,9.66,0.4803,5.59,68.42,2.27,89.3,12.01
31043,NE,DAKOTA,"Dakota County, Nebraska",-46183.09,548001.39,20697,0.948,16.1,13,4.16,37.8,52336,13,0.4099,28.92,3.4092,5.56,42.79,22.49,84.8,39.02
31045,NE,DAWES,"Dawes County, Nebraska",-580417.54,606369.62,9082,0.9718,27.3,17.9,1,4.58,42685,34.7,0.4379,2.31,0.9207,6.61,49.48,3.42,86.1,23.33
31047,NE,DAWSON,"Dawson County, Nebraska",-319216.83,384063.44,23924,1.0271,15.2,14.7,5.43,32.7,49943,15.2,0.4283,24.91,2.2102,5.96,49.92,17.2,86.2,26.31
31049,NE,DEUEL,"Deuel County, Nebraska",-527293.66,422279.29,1932,0.9555,12.8,25.1,0,6.21,51786,17.8,0.4039,4.93,0.5282,5.59,63.19,1.76,85.3,12.92
31051,NE,DIXON,"Dixon County, Nebraska",-70881.31,559577.08,5809,1.0114,12,19.3,0.34,12.08,52813,19,0.4063,18.74,1.5496,6.65,64.03,5.84,90.8,21.41
31053,NE,DODGE,"Dodge County, Nebraska",-54119.72,457077.68,36679,0.9604,14.7,18.7,0.71,11.4,49830,18.9,0.4268,16.72,3.2878,6.77,55.27,6.13,88.3,31.39
31055,NE,DOUGLAS,"Douglas County, Nebraska",-12817.73,425283.91,543253,0.9704,17.5,11.5,11.17,12,56003,37.6,0.4659,8.81,6.4592,7.72,59.73,9.2,89.3,51.29
31057,NE,DUNDY,"Dundy County, Nebraska",-479860.46,314301.13,1823,1.0011,10.2,23.7,0.16,5.76,44583,19.5,0.4514,3.11,-0.2674,4.3,65.43,2.63,88,9.76
31059,NE,FILLMORE,"Fillmore County, Nebraska",-134106.05,340086.90,5676,0.9972,11.3,23.4,0.86,3.72,52070,19.5,0.442,7.57,1.3373,6.73,65.42,1.36,90.7,22.35
31061,NE,FRANKLIN,"Franklin County, Nebraska",-249219.95,303810.51,3076,1.0039,11,25.9,0.23,1.85,46531,18.8,0.4401,6.16,0.7239,4.54,67.31,1.07,93.3,15.65
31063,NE,FRONTIER,"Frontier County, Nebraska",-368971.09,348115.98,2599,1.0054,16.5,22.5,0.04,1.08,51192,18.7,0.422,3.28,0.0292,4.29,64.35,1.08,89.7,12.67
31065,NE,FURNAS,"Furnas County, Nebraska",-330162.76,306752.57,4850,0.9501,11.1,23.4,0.19,3.46,40445,16.8,0.4156,8.16,0.957,4.91,62.58,1.03,90.7,13.66
31067,NE,GAGE,"Gage County, Nebraska",-58129.38,309714.11,21778,0.9851,11.5,20.6,0.54,2.13,48731,20.1,0.4163,14.96,2.29,7.29,59.38,1.16,94,31.51
31069,NE,GARDEN,"Garden County, Nebraska",-523640.26,478931.87,1930,0.9242,7.4,23.9,0.16,4.35,49805,21.9,0.4816,2.04,-0.8273,4.93,69.19,3.58,89.5,14.97
31071,NE,GARFIELD,"Garfield County, Nebraska",-246352.68,498412.93,1968,0.9959,11.8,26.9,0.15,2.08,45227,18.5,0.3791,7.73,0.2878,3.88,62.64,0.2,91.2,12.85
31073,NE,GOSPER,"Gosper County, Nebraska",-321757.06,344340.11,1977,0.9138,12.4,20,0,0.56,60711,20.9,0.371,11.28,0.5105,4.95,65.16,0.96,91.7,17.29
31075,NE,GRANT,"Grant County, Nebraska",-472542.60,508888.19,647,1.1144,14.1,27.4,0,3.09,45625,22,0.4037,2.42,-1.1337,4.44,78.15,0.62,87.9,5.17
31077,NE,GREELEY,"Greeley County, Nebraska",-208670.84,458485.22,2447,0.9943,10.8,23.8,0.53,1.96,48220,16.6,0.4003,5.64,0.5057,4.51,63.18,0.98,93.3,18.72
31079,NE,HALL,"Hall County, Nebraska",-209143.52,380680.48,61105,1.011,15.2,14.1,2.17,26.13,51355,19,0.4273,21.01,3.7656,6.21,49.52,14.44,85.2,30.36
31081,NE,HAMILTON,"Hamilton County, Nebraska",-169097.17,379772.30,9118,1.0004,12.6,17.9,0.83,2.96,59760,25.3,0.4137,13.13,1.8713,6.85,72.59,1.24,95,18.84
31083,NE,HARLAN,"Harlan County, Nebraska",-287340.82,305105.20,3465,1.1115,8.9,25.3,0.55,4.33,44630,16.5,0.4366,7.99,0.8826,4.48,68.22,0.89,89.1,14.51
31085,NE,HAYES,"Hayes County, Nebraska",-425015.35,350298.66,1013,1.2264,12.7,20.7,0,5.73,44602,20.6,0.4542,1.75,-0.6005,2.33,62.88,4.54,81,5.98
31087,NE,HITCHCOCK,"Hitchcock County, Nebraska",-425441.16,311232.94,2866,1.0014,9.9,23.8,0.14,0.84,41131,14.7,0.4168,9.35,0.4438,5.11,65.42,0.28,85.3,11.56
31089,NE,HOLT,"Holt County, Nebraska",-227478.89,558368.75,10360,0.9866,10.6,21,0.05,4.1,49607,21.2,0.4113,4.28,0.5057,4.55,64.92,2.14,92.7,10.87
31091,NE,HOOKER,"Hooker County, Nebraska",-422762.22,506161.67,669,0.8952,8.4,37.4,0.9,4.33,38616,23.7,0.3599,2.88,-1.0267,5.28,73.25,0.9,92.4,10.13
31093,NE,HOWARD,"Howard County, Nebraska",-209360.76,419605.10,6365,1.0316,10.8,20.7,0.11,2.4,52247,20.3,0.432,14.47,1.4624,5.54,61.65,1.13,94.9,19.24
31095,NE,JEFFERSON,"Jefferson County, Nebraska",-96461.09,300451.83,7354,0.9486,11.5,23.2,0,3.39,44616,14.9,0.437,13.11,1.6054,7.38,60.68,0.69,93.1,25.87
31097,NE,JOHNSON,"Johnson County, Nebraska",-22309.33,324207.62,5167,1.4817,13.7,17.4,6.15,9.87,47938,16,0.4281,10.52,1.6687,8.19,49.97,4.32,90.7,29.35
31099,NE,KEARNEY,"Kearney County, Nebraska",-247669.51,340793.90,6548,0.9723,11.7,18.6,0.15,5.33,55068,23.9,0.441,16.91,1.5887,6.52,66.41,2.2,91.9,17.85
31101,NE,KEITH,"Keith County, Nebraska",-470794.85,428496.40,8103,1.0192,10.7,23.8,0.52,6.37,43100,21.6,0.4312,7.92,1.0808,5.65,62.78,2.23,87.5,15
31103,NE,KEYA PAHA,"Keya Paha County, Nebraska",-301485.78,608292.23,736,1.1089,11.4,24.7,0.14,1.09,43333,18.8,0.4026,2.58,-1.0008,3.66,88.26,1.09,93.1,8
31105,NE,KIMBALL,"Kimball County, Nebraska",-641261.35,440386.84,3713,1.0136,10,25.7,0.03,7.95,40344,15.6,0.42,11.58,0.4095,6.98,58.5,1.78,84.9,14.74
31107,NE,KNOX,"Knox County, Nebraska",-154212.96,576868.73,8551,0.9541,9.9,23.7,0.19,2.6,47692,20.2,0.4419,7.22,1.0915,5.03,63.65,1.17,89,18.42
31109,NE,LANCASTER,"Lancaster County, Nebraska",-57563.69,368212.47,301707,1.0043,22.4,12.2,3.94,6.53,53730,37.3,0.4476,9.19,4.9351,9.35,58.71,7.52,90.7,50.13
31111,NE,LINCOLN,"Lincoln County, Nebraska",-395532.64,407397.33,35777,0.967,13.2,17.2,1.01,8.07,52179,21.7,0.4263,3.07,1.6841,6.53,59.56,1.72,89.5,19.32
31113,NE,LOGAN,"Logan County, Nebraska",-370938.13,464365.10,830,1.0097,12,19.6,0.24,1.93,51346,20.8,0.3835,1.63,-0.577,4.64,74.26,0.48,88.4,7.41
31115,NE,LOUP,"Loup County, Nebraska",-284467.01,499649.52,542,0.9085,11.7,24.5,0,0,56750,21.9,0.3767,4.71,-0.999,3.64,88.13,0,90.8,12.94
31117,NE,MCPHERSON,"McPherson County, Nebraska",-418684.71,466957.57,425,1.0631,9.2,19.1,0,0.94,53750,24.5,0.415,6.57,-1.6553,5.57,86.47,0,97.9,5.17
31119,NE,MADISON,"Madison County, Nebraska",-131839.87,495907.37,35125,0.9822,16.4,15.4,1.31,14.22,48673,19.7,0.4189,17.84,3.1646,7,54.52,6.78,89.6,20.32
31121,NE,MERRICK,"Merrick County, Nebraska",-169672.15,412946.01,7793,0.9784,12,19.6,0.9,3.99,50464,16,0.4115,11.96,1.8234,6.86,62.96,1.72,91.1,17.06
31123,NE,MORRILL,"Morrill County, Nebraska",-578557.19,493674.69,4843,1.0054,11.6,18.4,0.74,15.14,43942,19,0.4133,7.28,0.2725,5.57,60.25,3.86,87,13.61
31125,NE,NANCE,"Nance County, Nebraska",-165299.26,438424.54,3607,0.9754,11.1,20.5,0.08,2.44,42429,17.3,0.4602,9.88,1.1485,4.87,58.14,0.78,90.6,18.22
31127,NE,NEMAHA,"Nemaha County, Nebraska",12641.53,323628.88,7101,0.967,20.6,18.1,1.58,2.51,52736,28.8,0.433,8.29,1.9066,8.23,56.21,0.89,94.1,27.06
31129,NE,NUCKOLLS,"Nuckolls County, Nebraska",-172799.52,301806.58,4352,0.9764,10.1,26.2,0.09,2.69,41576,16.6,0.4104,5.64,1.0721,5.71,63.49,1.4,89.7,16.98
31131,NE,OTOE,"Otoe County, Nebraska",-11297.24,352855.38,15890,0.9663,13.1,19.5,0.13,7.16,52108,20.7,0.4048,15.06,2.2991,7.67,61.59,3.88,91.7,29.41
31133,NE,PAWNEE,"Pawnee County, Nebraska",-20024.00,294944.31,2695,0.9875,10.4,26.2,0,1.86,40139,16.2,0.4953,12.61,0.8812,5.58,62.25,0.89,83.8,22.27
31135,NE,PERKINS,"Perkins County, Nebraska",-472154.59,389566.13,2911,1.0173,11,21.7,0.17,3.74,56797,23.1,0.4199,2.52,0.2409,5.29,65.25,3.02,94.4,11.68
31137,NE,PHELPS,"Phelps County, Nebraska",-286827.43,342598.97,9236,1.0061,12.5,19.8,0.13,5.25,51264,23.3,0.4305,11.27,1.888,5.84,67.33,2.56,93.8,12.94
31139,NE,PIERCE,"Pierce County, Nebraska",-131228.80,534788.77,7179,1.0137,11.9,18.5,0.22,1.59,53125,21.4,0.4035,14.73,1.5759,5.4,67.15,0.78,95.1,11.12
31141,NE,PLATTE,"Platte County, Nebraska",-125895.38,457158.12,32703,1.0168,14.5,15.7,0.28,16.9,58473,21.4,0.4037,28.68,2.9303,5.7,59.8,8.79,91.1,19.44
31143,NE,POLK,"Polk County, Nebraska",-130533.32,414202.79,5242,0.9722,10.8,20.4,0.23,4.33,57991,21.5,0.4122,14.64,1.5298,5.46,64.14,2.82,90.9,16.92
31145,NE,RED WILLOW,"Red Willow County, Nebraska",-377777.06,308786.54,10884,1.034,14.6,18.8,1.61,4.8,42457,18.2,0.438,8.31,1.7683,5.16,61.85,2.05,90.4,13.16
31147,NE,RICHARDSON,"Richardson County, Nebraska",23864.22,294241.06,8149,0.9765,11.5,23.2,0.31,1.8,45929,19.1,0.4341,9.69,1.7407,5.73,59.1,0.25,93.1,22.8
31149,NE,ROCK,"Rock County, Nebraska",-282042.58,556301.55,1407,0.9569,13.6,25.9,0.28,0.71,48750,17.5,0.4252,3.45,-0.6185,5.14,67.6,0.64,85,9.25
31151,NE,SALINE,"Saline County, Nebraska",-95840.84,339469.11,14356,1.0149,18.8,14.4,0.79,23.32,49332,14.6,0.3926,25.9,2.2676,7.77,47.07,13.35,88.8,36.58
31153,NE,SARPY,"Sarpy County, Nebraska",-9329.91,404855.89,172460,0.9996,15.8,10.2,4.07,8.41,72269,38.4,0.3813,7.45,5.6297,9.19,64.98,5.2,94,38.31
31155,NE,SAUNDERS,"Saunders County, Nebraska",-53005.66,417716.42,20946,1.0109,11.9,17.2,0.19,2.01,64475,26.1,0.4006,10.54,2.3777,7.2,69.22,1.07,94.9,25.03
31157,NE,SCOTTS BLUFF,"Scotts Bluff County, Nebraska",-634762.70,513169.13,36599,0.9332,14.2,17.8,0.85,22.81,46632,21.4,0.4531,7.23,2.9503,7.22,52.02,4.67,86.3,24.14
31159,NE,SEWARD,"Seward County, Nebraska",-95255.09,378475.69,17113,1.0331,18.1,16.8,0.47,2.28,61563,27.2,0.4123,13.05,2.4478,7.49,60.51,1.86,94,25.58
31161,NE,SHERIDAN,"Sheridan County, Nebraska",-523029.49,578081.41,5259,0.9675,9.7,24.5,0.49,4.34,42802,25.1,0.4458,3.51,-0.1841,4.22,64.49,1.01,85.1,11.49
31163,NE,SHERMAN,"Sherman County, Nebraska",-247533.02,420769.30,3090,0.9707,9.3,26.1,0.74,1.91,46299,15.9,0.4288,6.08,0.746,5.28,64.93,0.61,92.3,22.82
31165,NE,SIOUX,"Sioux County, Nebraska",-633139.58,584378.51,1274,0.9969,13.2,22.7,0.31,2.43,46667,29.1,0.4308,2.71,-1.4354,5.3,72.58,2.04,89.4,11.62
31167,NE,STANTON,"Stanton County, Nebraska",-98332.89,495438.14,6022,1.0073,12.3,15.2,0.73,5.28,58553,19.2,0.4321,16.56,1.6925,7.03,62.94,2.52,90,16.01
31169,NE,THAYER,"Thayer County, Nebraska",-134631.74,301058.74,5163,0.982,10.2,25.4,0.14,2.21,45590,19.6,0.4755,13.22,1.2453,5.2,66.03,0.89,94.3,19.57
31171,NE,THOMAS,"Thomas County, Nebraska",-375105.97,503447.82,675,1.1226,11.3,19.1,0,0.59,54286,23.8,0.4341,5.57,-1.0063,4.83,76.01,3.26,92.6,8.02
31173,NE,THURSTON,"Thurston County, Nebraska",-44646.28,521949.59,6989,0.9788,15.9,12.1,0.14,4.68,42979,15.9,0.4937,9.77,1.9251,6.03,46.39,1.62,69.9,46.84
31175,NE,VALLEY,"Valley County, Nebraska",-246786.19,459576.60,4240,1.0076,11.2,24.1,0.28,2.64,44657,20.6,0.4412,3.71,1.0585,3.9,66.93,1.6,90.1,16
31177,NE,WASHINGTON,"Washington County, Nebraska",-18375.75,451672.28,20338,0.9796,13.1,16,0.66,2.7,65565,30.6,0.4075,10.17,3.0026,7.25,70.17,1.05,94.4,26.11
31179,NE,WAYNE,"Wayne County, Nebraska",-91794.11,528075.66,9414,1.0461,29.6,13.7,3.28,5.44,55141,36.3,0.433,11.44,2.1049,6.57,49.76,2.58,93.9,23.67
31181,NE,WEBSTER,"Webster County, Nebraska",-211009.36,302726.84,3665,0.9484,11.1,23.4,0.11,4.34,40313,20.8,0.4511,8.69,0.9007,4.22,60.13,1.56,89.4,18.7
31183,NE,WHEELER,"Wheeler County, Nebraska",-208213.40,497351.03,805,1.0431,10.1,23.6,0,0,47452,16.6,0.4338,2.31,-0.6155,5.59,70.53,0,95,14.12
31185,NE,YORK,"York County, Nebraska",-133503.36,379067.08,13842,0.9654,15.5,18.8,0.81,4.68,55156,28.3,0.4208,9.96,2.2338,7.76,59.71,1.72,92.3,20.15
32001,NV,CHURCHILL,"Churchill County, Nevada",-1883703.15,455605.37,24148,1.0356,15.3,17.5,2.36,12.95,45368,16.6,0.4209,6.58,0.6371,8.21,59.06,6.13,84.1,22.01
32003,NV,CLARK,"Clark County, Nevada",-1682594.96,24806.69,2070153,1.0012,16.3,13.3,11.04,30.36,52629,22.8,0.4522,3.23,4.6179,5.85,48.7,22.02,83.1,55.69
32005,NV,DOUGLAS,"Douglas County, Nevada",-2007936.20,409049.22,47426,1.0167,10.9,24.5,0.68,12.04,59769,26.3,0.4594,7.84,3.2504,7.23,71.88,7.42,87.9,32.68
32007,NV,ELKO,"Elko County, Nevada",-1600632.36,571888.25,52029,1.0856,17,9.2,1.2,24.07,74672,18.1,0.3774,2.12,0.157,8.66,49.47,8.6,87.6,20.06
32009,NV,ESMERALDA,"Esmeralda County, Nevada",-1870792.00,245643.89,1069,0.8787,15.1,26.5,0,12.72,43125,16.8,0.3744,0.48,-2.1608,6.86,49.34,10.66,79.8,16.5
32011,NV,EUREKA,"Eureka County, Nevada",-1702611.84,460241.63,1730,0.9548,6.9,15.6,0.12,0.46,70000,16.6,0.4081,0.78,-1.8328,6.67,61.86,0.35,83.4,9.28
32013,NV,HUMBOLDT,"Humboldt County, Nevada",-1817927.37,650185.96,17091,1.0863,15.2,10.5,0.48,25.86,67295,14,0.3738,2.57,-0.3791,8.18,52.35,10.37,83.4,23.46
32015,NV,LANDER,"Lander County, Nevada",-1767622.36,468853.07,5907,1.2274,14.6,12.6,0.1,25.95,78077,14.1,0.3507,0,-0.8785,7.54,57.21,12.26,85.6,18.06
32017,NV,LINCOLN,"Lincoln County, Nevada",-1639301.50,179230.14,5155,1.2087,17.9,18.6,2.85,8.57,49406,22.7,0.4865,0,-1.6757,8.26,52.02,3.32,87.3,14.57
32019,NV,LYON,"Lyon County, Nevada",-1969433.16,411729.18,51897,1.0211,12.3,19.8,1,15.79,49007,14.5,0.3936,9.86,2.3038,6.78,59.08,7.26,85,27.75
32021,NV,MINERAL,"Mineral County, Nevada",-1919227.60,343934.87,4519,1.0147,11.7,24.7,1.19,12.97,37750,11.8,0.4465,8.49,-0.7659,9.06,54.09,4.23,84.8,35.08
32023,NV,NYE,"Nye County, Nevada",-1765919.62,250994.30,43198,0.9952,11.1,27.2,2.93,14.14,42266,12.1,0.4184,3.91,-0.0863,6.01,55.05,7.07,85.9,27.66
32027,NV,PERSHING,"Pershing County, Nevada",-1866848.53,550653.12,6690,1.8762,15.1,14.8,4.81,23.62,45192,11,0.4213,6.04,-0.8489,7.52,35.87,11.49,82.5,23.46
32029,NV,STOREY,"Storey County, Nevada",-1986031.50,465287.66,3941,0.9187,7,28.7,0.41,6.19,65508,23.1,0.363,7.49,1.7557,7.43,75.04,3.12,87.6,31.76
32031,NV,WASHOE,"Washoe County, Nevada",-1963788.22,599539.09,439914,1.0111,17.2,14.6,2.3,23.52,54955,29,0.4676,7.21,3.294,8.47,61.49,14.76,85.9,50.68
32033,NV,WHITE PINE,"White Pine County, Nevada",-1601291.32,377309.69,9893,1.3931,15.7,15,4.24,15.02,58156,14,0.4201,0.79,-0.843,9.09,48.4,3.6,85.1,20.61
32510,NV,CARSON CITY,"Carson City, Nevada",-2012243.86,437801.02,54412,1.0435,14.5,19.1,1.08,22.93,47948,21,0.4484,10.47,4.9783,9.12,57.98,11.75,86.1,42.27
33001,NH,BELKNAP,"Belknap County, New Hampshire",1956062.42,928097.26,60392,0.9594,12.4,19.6,0.53,1.58,61245,30.5,0.4388,10.99,4.0615,6.31,71.82,3.2,89.3,41.17
33003,NH,CARROLL,"Carroll County, New Hampshire",1962889.78,970949.41,47416,0.9954,10.5,24.2,0.36,1.36,56289,33.6,0.4549,8.14,2.9777,6.73,75.07,3.18,87.2,47.02
33005,NH,CHESHIRE,"Cheshire County, New Hampshire",1908042.75,846545.01,76320,0.9545,18.7,17.2,0.69,1.69,58359,31.4,0.449,13.85,3.7304,7.05,67.35,3.03,90.4,56.66
33007,NH,COOS,"Coos County, New Hampshire",1931605.66,1056599.88,32219,1.1296,12.3,21.5,1.98,1.67,45154,17.8,0.4296,8.65,1.9361,7.12,58.16,3.22,88.5,45.22
33009,NH,GRAFTON,"Grafton County, New Hampshire",1913156.00,965538.03,89164,0.9703,19.8,18,0.97,2.17,58107,38.9,0.4711,9.62,3.0032,7.17,69.25,5.76,89.9,60
33011,NH,HILLSBOROUGH,"Hillsborough County, New Hampshire",1950239.33,856983.54,404948,0.9853,15.4,13.9,2.35,6.05,73189,36.3,0.4262,14,5.184,6.8,67.54,9.13,91.8,49.89
33013,NH,MERRIMACK,"Merrimack County, New Hampshire",1942250.90,899015.09,147715,0.97,15.3,16.1,1.17,1.9,67181,34.9,0.4197,10.22,4.1132,6.91,70.78,4.46,92.3,51.62
33015,NH,ROCKINGHAM,"Rockingham County, New Hampshire",1994484.57,877043.47,300365,0.9797,13.4,15.2,0.74,2.51,82398,39.6,0.4173,13.42,5.117,6.06,76.17,4.67,93.5,46.93
33017,NH,STRAFFORD,"Strafford County, New Hampshire",1993093.05,912431.91,125913,0.9555,22.4,13.6,0.97,2.14,63533,34.8,0.4243,12.86,4.8851,7.3,67.99,5.22,90.7,54.55
33019,NH,SULLIVAN,"Sullivan County, New Hampshire",1898100.42,894950.05,43051,0.9639,12.3,18.7,0.6,1.4,58454,26.8,0.4159,18.87,3.4315,7.39,65.61,2.28,90.5,48.61
34001,NJ,ATLANTIC,"Atlantic County, New Jersey",1803667.40,425018.33,274026,0.9395,15.6,15.9,15.59,18.31,55456,25.9,0.4556,3.94,5.2493,3.13,54.95,16.66,87.9,53.62
34003,NJ,BERGEN,"Bergen County, New Jersey",1814427.57,597918.84,930310,0.9382,13.6,16,5.89,18.4,88487,47.6,0.4793,8.21,7.3416,2.99,57.63,30.36,89.9,56.84
34005,NJ,BURLINGTON,"Burlington County, New Jersey",1793128.31,468564.49,450236,0.971,14.9,15.5,16.14,7.46,80034,36.4,0.4281,7.6,5.3826,3.63,62.11,9.21,94.1,57.69
34007,NJ,CAMDEN,"Camden County, New Jersey",1770822.46,455001.37,511145,0.9368,15.7,14.2,19.59,15.68,63028,30.6,0.466,7.21,6.793,3.2,57.8,11.01,90.2,66.89
34009,NJ,CAPE MAY,"Cape May County, New Jersey",1800229.93,386441.02,95404,0.9546,13.7,23.9,4.6,7.17,59338,30.5,0.4646,3.13,4.9843,3.13,62.2,4.96,92.5,39.73
34011,NJ,CUMBERLAND,"Cumberland County, New Jersey",1768809.60,405208.81,155744,1.0536,16.3,13.8,19.84,29.13,49537,14.3,0.4491,12.19,4.8232,3.3,45.51,10.64,87.5,53.18
34013,NJ,ESSEX,"Essex County, New Jersey",1804756.30,575833.73,792586,0.9244,16.2,12.4,40.15,22.01,54860,33.3,0.5478,6.69,7.7942,2.23,51.69,25.08,85,79.22
34015,NJ,GLOUCESTER,"Gloucester County, New Jersey",1757885.49,442201.41,291286,0.9458,15.3,14.1,10.32,5.57,78592,29.9,0.4124,8.16,5.856,3.67,62.21,5.42,93.6,49.75
34017,NJ,HUDSON,"Hudson County, New Jersey",1819882.92,573363.43,668526,0.9878,19.5,10.7,12.74,43.05,60894,38.6,0.5002,6.85,8.6271,2.92,41.33,42.68,82,76.97
34019,NJ,HUNTERDON,"Hunterdon County, New Jersey",1755904.94,539351.16,125708,0.9959,12.9,15.7,2.62,5.99,108177,49.6,0.4446,11.53,4.7313,4.55,71.33,8.98,96,42.74
34021,NJ,MERCER,"Mercer County, New Jersey",1780212.61,512270.57,371101,0.9587,17.8,13.7,20.45,16.43,73966,40.4,0.4948,7.98,6.4593,3.55,53.87,21.81,90.3,69.4
34023,NJ,MIDDLESEX,"Middlesex County, New Jersey",1800099.88,534724.59,831852,0.9683,16.8,13.5,9.93,19.97,80716,41.5,0.4308,9.58,6.9456,3.1,50.32,32.07,89.7,61.09
34025,NJ,MONMOUTH,"Monmouth County, New Jersey",1820266.03,518867.06,627532,0.9478,13.7,15.6,7.29,10.4,87297,43.3,0.4692,6.13,6.2486,3.33,64.48,13.47,91.8,45.14
34027,NJ,MORRIS,"Morris County, New Jersey",1778612.91,578377.96,498215,0.9606,13.4,15.4,3.16,12.7,102798,51.9,0.4561,10.78,6.0347,3.63,64.69,18.88,93.3,47.76
34029,NJ,OCEAN,"Ocean County, New Jersey",1824897.00,476723.53,586166,0.9276,13,21.9,3.08,8.87,63108,27.5,0.4409,5.42,5.8858,2.96,61.18,7.96,92,32.73
34031,NJ,PASSAIC,"Passaic County, New Jersey",1794115.61,601774.40,507204,0.9481,16.9,13.1,12.41,39.87,61664,26.7,0.4766,12.68,6.9592,2.64,50.74,28.47,84.9,61.56
34033,NJ,SALEM,"Salem County, New Jersey",1743782.12,424191.53,64504,0.9489,14.2,17.1,13.51,7.89,61341,20.3,0.4381,11.59,4.3182,4.1,58.85,4.72,91.1,42.09
34035,NJ,SOMERSET,"Somerset County, New Jersey",1780223.21,544440.98,331686,0.9536,12.9,14.1,9.26,14.14,102405,53,0.4577,12.11,6.0503,3.75,61.67,23.95,92.9,56.67
34037,NJ,SUSSEX,"Sussex County, New Jersey",1759782.46,605910.99,144694,0.9839,13.3,14.7,2.11,7.24,87388,33.7,0.4076,9.61,4.6793,4.39,65.26,7.82,92.8,34.16
34039,NJ,UNION,"Union County, New Jersey",1802963.25,560794.54,550436,0.9501,15.1,13.2,21.24,30.06,70476,33.4,0.4951,9.26,7.6343,2.9,52.92,29.69,85.8,68.4
34041,NJ,WARREN,"Warren County, New Jersey",1741817.04,569448.00,107095,0.9514,14,15.9,4.18,8.17,72999,30.4,0.415,10.34,4.7535,4.26,58.49,9.7,91.8,36.66
35001,NM,BERNALILLO,"Bernalillo County, New Mexico",-963148.63,-220089.59,674777,0.9614,17.3,14.2,2.91,49.14,48994,32.8,0.4721,4.95,5.4134,13.31,52.79,10.52,87.4,60.23
35003,NM,CATRON,"Catron County, New Mexico",-1135471.41,-327179.08,3547,1.1025,3.9,34.3,0.85,19.28,38142,24.8,0.4089,1.48,-1.6206,7.71,68.53,2.51,83.2,22.58
35005,NM,CHAVES,"Chaves County, New Mexico",-781861.93,-428159.22,65610,0.9836,16.4,14.7,1.76,54.94,41356,19.3,0.4676,5.33,1.4295,9.2,42.38,13.13,85.2,30.07
35006,NM,CIBOLA,"Cibola County, New Mexico",-1084581.91,-221136.47,27373,1.0293,16.4,14.4,0.96,37.86,36160,12.4,0.4311,4.93,0.845,13.98,38.96,6.62,81,53.94
35007,NM,COLFAX,"Colfax County, New Mexico",-765272.08,-65316.20,12716,1.0232,12.9,23.5,0.47,48.96,32693,22.1,0.4721,3.61,0.2673,11.59,51.64,3.56,88.7,45.16
35009,NM,CURRY,"Curry County, New Mexico",-668069.51,-301790.10,50544,1.0773,21.5,11.4,6.15,40.37,42170,19.7,0.4536,5.26,2.6308,9.08,36.19,8.43,85.4,25.67
35011,NM,DE BACA,"De Baca County, New Mexico",-766952.88,-319572.52,1977,0.8616,10.1,23.4,0,47.65,31197,9.5,0.4399,0.29,-1.113,10.66,55.46,4.05,86.7,23.74
35013,NM,DONA ANA,"Doña Ana County, New Mexico",-1012116.53,-518015.38,213825,0.9672,21.2,14,1.69,67.21,38636,27.5,0.4801,4.36,3.0764,10.37,44.41,16.66,84.5,59.93
35015,NM,EDDY,"Eddy County, New Mexico",-775369.83,-528586.28,56369,1.02,15.8,14.1,1.39,46.69,59625,17,0.4245,5.07,1.6508,7.56,47.28,6.08,87.9,27.68
35017,NM,GRANT,"Grant County, New Mexico",-1150464.33,-457646.27,28879,0.975,12.9,24.4,0.6,49.56,38890,27.4,0.4959,1.61,1.0349,9.73,56.08,3.79,93.3,54.27
35019,NM,GUADALUPE,"Guadalupe County, New Mexico",-796040.64,-258438.07,4469,1.3937,12.6,21.6,1.5,77.47,26692,13.9,0.4498,0,-0.563,14.34,51.36,1.92,92.7,61.98
35021,NM,HARDING,"Harding County, New Mexico",-699103.72,-155190.39,565,1.0545,4.8,28.8,0,41.95,32404,25.8,0.5407,0.98,-2.2766,11.39,111.84,0.18,93.5,33.4
35023,NM,HIDALGO,"Hidalgo County, New Mexico",-1193389.48,-544764.08,4531,0.9666,14.4,19.5,0.33,57.21,34528,15.4,0.4196,1.69,-0.6757,9.51,53.8,8.87,85.7,46.28
35025,NM,LEA,"Lea County, New Mexico",-689511.55,-499985.77,68930,1.057,17.3,10.6,3.42,55.84,58152,13.1,0.4395,3.29,1.8018,7.27,36.81,16.12,82.2,23.93
35027,NM,LINCOLN,"Lincoln County, New Mexico",-868779.45,-377034.94,19726,0.9746,10.6,26.3,0.64,31.52,40065,28.6,0.4839,1.45,0.4552,7.58,55.3,8.66,89.2,28.33
35028,NM,LOS ALAMOS,"Los Alamos County, New Mexico",-920630.59,-132704.06,17895,1.055,9.6,17.1,0.53,16.78,105902,64.6,0.3723,1.45,4.1476,18.04,79.41,9.77,94.7,62.35
35029,NM,LUNA,"Luna County, New Mexico",-1099676.33,-526646.48,24627,0.9857,15.3,20.4,1.21,65.01,27326,12.5,0.4798,7.69,1.1652,8.53,40.36,16.64,83.3,47.88
35031,NM,MCKINLEY,"McKinley County, New Mexico",-1098543.97,-143991.80,74346,0.935,18.5,10.6,0.51,13.74,29272,11,0.5121,6.11,1.6614,13.93,42,2.18,72.9,72.68
35033,NM,MORA,"Mora County, New Mexico",-797875.26,-129278.67,4598,1.0674,19.8,20.7,0.11,79.9,21190,13.2,0.4621,0.09,-0.0824,9.83,66.36,0.76,85.7,69.79
35035,NM,OTERO,"Otero County, New Mexico",-907429.37,-500203.22,65333,1.0518,18.9,16.2,3.59,36.79,41502,17.6,0.4531,1.91,1.3389,10.21,40.29,11.95,86,34
35037,NM,QUAY,"Quay County, New Mexico",-681865.39,-241257.02,8555,0.9919,11,24,1.96,44.32,28159,15.2,0.4402,3.78,0.1392,9.6,53.12,2.93,92.3,31.5
35039,NM,RIO ARRIBA,"Rio Arriba County, New Mexico",-946810.56,-57652.29,39924,0.9652,14.6,16.5,0.55,71.41,33972,18.1,0.5088,1.78,0.967,11.34,49.16,5.22,82.5,72.72
35041,NM,ROOSEVELT,"Roosevelt County, New Mexico",-684923.34,-362513.30,19618,1.007,25.4,12.6,2.63,40.56,34933,22.7,0.4759,3.86,1.1303,10.29,40.49,10.92,85.5,27.24
35043,NM,SANDOVAL,"Sandoval County, New Mexico",-972539.46,-147312.43,138117,0.9648,13.8,15,2.08,37.25,60158,29.7,0.4231,7.43,2.6657,13.09,59.32,5.42,88.7,51.68
35045,NM,SAN JUAN,"San Juan County, New Mexico",-1090289.88,-40350.91,122537,0.9863,16.2,13.2,0.44,19.78,48624,15.5,0.4621,3.54,2.1496,11.49,51.55,3.5,81,31.52
35047,NM,SAN MIGUEL,"San Miguel County, New Mexico",-791853.88,-189341.70,28350,1.0132,17.3,18,1.94,77.6,27000,19.3,0.5082,1.65,0.8407,10.72,47.64,3.39,84.5,75.9
35049,NM,SANTA FE,"Santa Fe County, New Mexico",-895464.25,-176338.80,147320,0.9457,13,19.8,0.78,51.09,55370,41,0.4833,3.15,3.3949,8.83,60.23,12.44,84.3,77.99
35051,NM,SIERRA,"Sierra County, New Mexico",-1035343.11,-427846.71,11442,0.9799,9.7,34.6,0.64,29.6,29679,17.7,0.4514,1.74,0.0551,10.79,53.59,3.99,89.3,34.88
35053,NM,SOCORRO,"Socorro County, New Mexico",-999907.19,-333434.24,17324,1.0458,16.9,16.7,0.18,49.42,34542,19.6,0.4705,3.67,0.0064,13.67,53.65,4.98,84.8,55.88
35055,NM,TAOS,"Taos County, New Mexico",-852411.15,-60118.92,32961,0.953,11.5,22.3,0.32,56.57,35323,28,0.4801,2.63,1.7541,12.22,57.23,6.44,85.7,79.64
35057,NM,TORRANCE,"Torrance County, New Mexico",-894247.89,-273822.97,15599,1.0796,14.3,18.1,1.84,41.22,32067,17.7,0.4952,2.67,0.588,13.05,51.58,5.44,87.9,32.46
35059,NM,UNION,"Union County, New Mexico",-662491.39,-88153.81,4292,1.2661,14.1,19.3,1.77,40.84,36420,15.9,0.4699,3.13,-0.8362,9.75,49.51,5.2,81.5,20.83
35061,NM,VALENCIA,"Valencia County, New Mexico",-979885.15,-256016.93,75993,1.0096,15,15.3,1.11,59.66,41788,17.1,0.4402,5.3,3.3153,12.82,48.22,8.2,87.8,45.07
36001,NY,ALBANY,"Albany County, New York",1780424.88,778486.66,307891,0.9373,21.2,15.2,12.51,5.55,60904,39.7,0.461,5.12,5.4266,6.4,56.07,9.32,94.6,63.47
36003,NY,ALLEGANY,"Allegany County, New York",1464319.98,671765.45,47700,1.0232,20.9,16.8,1.49,1.55,44085,20.5,0.4114,14.46,2.8844,6.87,49.29,2.3,91.2,28.05
36005,NY,BRONX,"Bronx County, New York",1834173.31,589976.77,1436785,0.8896,19.5,11.3,33.17,55.41,35302,19.1,0.501,3.59,9.4874,2.02,37.37,34.91,87.7,90.34
36007,NY,BROOME,"Broome County, New York",1643959.19,697254.50,197381,0.9661,19.9,17.6,5.59,3.86,47744,27.8,0.4558,10.22,4.6819,6.87,54.31,6.57,94.2,48.92
36009,NY,CATTARAUGUS,"Cattaraugus County, New York",1412030.64,660952.82,78506,0.9769,14.9,17.1,1.62,1.95,43884,18.1,0.4154,14.06,3.1427,6.33,51.42,2.12,90.9,32.54
36011,NY,CAYUGA,"Cayuga County, New York",1567765.63,767588.04,78783,1.0519,15.1,16.9,4.32,2.69,53114,21.6,0.4157,14.2,3.7838,6.83,52.96,2.33,92.7,43.75
36013,NY,CHAUTAUQUA,"Chautauqua County, New York",1356951.91,648680.40,131748,0.9766,16.7,18,2.63,7.05,43211,20.8,0.4396,18.03,3.8708,6.54,52.04,2.09,93,37.67
36015,NY,CHEMUNG,"Chemung County, New York",1568834.76,679274.95,87742,0.9824,15.2,16.8,5.86,2.94,49578,24.4,0.4519,14.64,4.4208,6.27,52.71,2.8,93.7,40.64
36017,NY,CHENANGO,"Chenango County, New York",1652695.79,737249.24,49286,0.9966,13.5,18.8,0.9,2.08,46979,17.4,0.4193,17.03,3.0585,7.26,52.04,1.79,93.1,36.24
36019,NY,CLINTON,"Clinton County, New York",1748156.28,1016902.03,81505,1.0576,20.2,15.1,4.27,2.74,50502,22.2,0.4358,11.99,3.412,8.09,48.21,4.32,94.4,51.03
36021,NY,COLUMBIA,"Columbia County, New York",1816672.82,746856.11,61860,1.0083,12.7,20.7,4.35,4.33,59916,29.5,0.4662,5.71,3.6279,6.03,61.37,6.66,93.9,52.63
36023,NY,CORTLAND,"Cortland County, New York",1613705.02,740476.17,48713,0.9536,23.3,15.2,1.64,2.57,50910,24.8,0.4219,11.89,3.6299,7.77,51.75,2.15,94.1,46.98
36025,NY,DELAWARE,"Delaware County, New York",1711365.28,716425.58,46480,1.01,15.6,22,1.93,3.58,46055,21.3,0.4392,13.53,2.521,6.18,51.99,4.01,92,35.69
36027,NY,DUTCHESS,"Dutchess County, New York",1820420.22,691970.62,295905,0.9898,17,15.5,10.36,11.47,72706,34,0.4419,6.97,4.967,5.25,55.45,11.35,93.4,50.19
36029,NY,ERIE,"Erie County, New York",1397302.54,716790.10,922129,0.9378,17.3,16.5,13.38,5.07,52744,32.2,0.4635,10.59,5.8332,4.69,57.93,6.66,95.2,53.36
36031,NY,ESSEX,"Essex County, New York",1757108.15,946971.20,38598,1.0932,13.7,21.1,3.09,3.08,53244,24.6,0.4277,8.3,2.117,8.7,53.88,3.28,93.2,49.38
36033,NY,FRANKLIN,"Franklin County, New York",1703908.37,988852.52,51007,1.1968,17.1,14.9,5.62,3.3,49782,18.4,0.4458,4.97,2.4922,8.46,41.44,4.04,91.3,47.02
36035,NY,FULTON,"Fulton County, New York",1731889.90,826103.18,54297,0.9936,13.6,17.9,1.62,2.73,46090,17,0.4287,13.25,3.7451,5.92,49.27,1.87,91.4,32.55
36037,NY,GENESEE,"Genesee County, New York",1435453.19,750894.12,59053,0.9864,15,17.4,2.49,3,52641,21.2,0.4052,14.92,3.8342,7.06,56.59,1.9,93.8,31.14
36039,NY,GREENE,"Greene County, New York",1776836.86,740481.03,48069,1.0797,15.6,19.7,6.74,5.43,51013,20.3,0.4488,7.68,3.3561,7.13,55.53,5.96,93.3,36.16
36041,NY,HAMILTON,"Hamilton County, New York",1712284.97,884177.83,4697,1.0289,12.4,26.7,0.6,1.41,52708,21.6,0.4186,6.56,0.0545,6.57,81.54,2.7,90.4,31.5
36043,NY,HERKIMER,"Herkimer County, New York",1681796.00,849465.69,63558,0.9749,14.6,18.8,1.1,1.96,48893,21.5,0.4185,12.84,2.8556,5.61,52.42,2.91,92.3,32.62
36045,NY,JEFFERSON,"Jefferson County, New York",1591541.80,901763.22,117966,1.0986,22.1,12.2,5.82,7.09,49911,20.8,0.4189,6.11,3.5808,6.97,43.1,3.75,92.2,38.82
36047,NY,KINGS,"Kings County, New York",1833694.29,565637.63,2606852,0.9002,18.8,12.2,33.42,19.41,50640,34.1,0.5201,3.77,9.5762,2.98,40.29,37.23,89.3,81.95
36049,NY,LEWIS,"Lewis County, New York",1634727.45,880907.66,27107,1.0175,13.9,16.6,0.84,1.64,49976,15.5,0.4196,11.57,2.1055,6.88,54.54,1.59,91,29.83
36051,NY,LIVINGSTON,"Livingston County, New York",1474575.35,727328.71,64622,1.008,20.7,15.8,2.54,3.34,52724,24.5,0.4053,13.97,3.6761,6.81,57.16,3.33,94.8,38.22
36053,NY,MADISON,"Madison County, New York",1638136.09,782052.89,72089,0.9664,18.8,15.9,2.05,2.04,55858,26.7,0.4289,10.57,3.7496,8.19,52.33,2.51,94.7,42.27
36055,NY,MONROE,"Monroe County, New York",1471985.43,774463.54,749236,0.9345,18.1,15.5,15.33,8.12,53568,36.7,0.4634,11.78,6.0872,6.5,59.13,8.46,94.8,58
36057,NY,MONTGOMERY,"Montgomery County, New York",1735819.01,802760.69,49667,0.971,14.3,17.7,2.09,12.56,44455,16,0.4502,14.03,3.8622,6.08,49.69,3.39,91.2,36.85
36059,NY,NASSAU,"Nassau County, New York",1859981.94,582633.58,1356801,0.9421,14.7,16.4,11.47,16.08,102044,43.5,0.4544,4.61,7.5172,3.54,60.26,21.82,93.4,53.07
36061,NY,NEW YORK,"New York County, New York",1827759.90,580187.14,1634989,0.8973,21.8,14.4,14.97,25.9,75513,60.4,0.5967,2.93,10.2351,3.74,47.91,28.89,92.4,89.92
36063,NY,NIAGARA,"Niagara County, New York",1387467.28,764565.95,213374,0.9473,15.2,17.3,7.15,2.6,50094,23.5,0.4374,14.43,5.0608,5.28,54.47,3.95,94.6,40.63
36065,NY,ONEIDA,"Oneida County, New York",1648772.94,821969.14,232858,0.9931,16.2,17.4,6.1,5.21,49838,23.8,0.4577,9.84,4.3062,6.4,49.66,7.65,94.4,39.61
36067,NY,ONONDAGA,"Onondaga County, New York",1594295.13,783281.75,468050,0.9339,17.6,15.3,11.11,4.56,55717,34.3,0.461,7.56,5.4474,5.97,57.02,7.37,94.2,57.32
36069,NY,ONTARIO,"Ontario County, New York",1509828.44,748494.88,109450,0.9634,14.9,17.8,2.49,4.24,58070,32.1,0.4398,14.35,4.1838,7.65,60.44,3.76,94.2,46.07
36071,NY,ORANGE,"Orange County, New York",1784399.47,641785.04,376242,1.0017,16.2,12.5,10.28,19.37,71910,28.7,0.4387,7.48,5.1864,4.67,54.6,10.82,93.2,47.11
36073,NY,ORLEANS,"Orleans County, New York",1427255.69,777889.18,41938,0.9922,15.5,16.2,6.26,4.64,48731,15.9,0.4175,16.63,3.7229,5.95,48.94,3.49,92.3,29.01
36075,NY,OSWEGO,"Oswego County, New York",1588729.31,830178.65,120513,1.0042,17.9,14.3,0.96,2.38,49571,18,0.4213,11.39,3.8897,7.05,51.06,1.89,92.9,38.17
36077,NY,OTSEGO,"Otsego County, New York",1695418.10,762765.80,60979,0.9382,22.5,18.5,1.81,3.46,49689,28.5,0.4349,8.49,3.1572,7.44,50.59,3.58,92.8,43.99
36079,NY,PUTNAM,"Putnam County, New York",1828667.86,655033.06,99408,0.9874,13.4,14.9,2.37,13.14,97606,38.9,0.4121,4.06,5.1159,4.47,62.15,12.63,93.5,41.75
36081,NY,QUEENS,"Queens County, New York",1841720.66,574759.22,2310011,0.9412,17.2,13.7,18.33,28.01,59758,30.6,0.451,4.09,9.0119,2.89,37.38,47.53,86.1,77.6
36083,NY,RENSSELAER,"Rensselaer County, New York",1814321.94,799300.40,159959,0.9731,17.9,15.1,6.21,4.49,61754,29.3,0.4286,7.44,4.5503,7.15,56.13,4.74,94.7,49.24
36085,NY,RICHMOND,"Richmond County, New York",1817731.86,555121.45,473324,0.938,15.8,14.5,10.34,17.98,74021,31.4,0.4538,2.78,8.0524,2.97,49.27,21.87,93.4,42.23
36087,NY,ROCKLAND,"Rockland County, New York",1813554.21,619887.92,322642,0.9613,15.2,14.9,12.58,16.95,86134,40.4,0.4594,6.11,6.5768,3.58,57.91,21.29,92.1,53.24
36089,NY,ST. LAWRENCE,"St. Lawrence County, New York",1647131.65,964921.71,111529,1.0387,21,15.4,2.39,2.24,46313,22.8,0.4585,6.35,2.7771,6.97,44.22,4.24,91.4,45.26
36091,NY,SARATOGA,"Saratoga County, New York",1776081.35,835673.40,224929,0.9747,14.1,15.8,1.59,2.86,74080,39.6,0.415,9.85,4.6749,7.54,64.37,5.11,95.6,48.26
36093,NY,SCHENECTADY,"Schenectady County, New York",1768108.55,800619.01,154845,0.9487,15.9,15.7,10,6.56,59959,30.6,0.4359,7.01,5.6776,6.81,55.63,10.22,94.1,53.82
36095,NY,SCHOHARIE,"Schoharie County, New York",1743528.90,768491.60,31667,0.9944,16.7,18.4,1.54,2.98,50607,20.5,0.4168,7.51,2.9787,6.97,54.64,2.93,94,32.44
36097,NY,SCHUYLER,"Schuyler County, New York",1553925.76,705053.08,18336,1.0033,13.2,19.4,1.05,1.72,47229,20.8,0.4228,13.95,3.0709,7.19,59.65,1.96,91.5,37.97
36099,NY,SENECA,"Seneca County, New York",1549385.86,748274.50,35036,1.1149,15.7,17.2,4.8,3.21,50073,20,0.4332,15.47,3.7326,7.49,50,2.48,90.3,44.05
36101,NY,STEUBEN,"Steuben County, New York",1515896.27,683002.19,98151,0.9868,13.6,17.5,1.53,1.56,48823,22.3,0.451,17.89,3.3051,6.3,55.07,2.34,92,31.83
36103,NY,SUFFOLK,"Suffolk County, New York",1916560.71,612178.20,1498130,0.9692,15.1,15.2,7.63,18.18,90128,34.4,0.4385,7.42,6.4527,3.92,58.52,15.41,92.4,46.44
36105,NY,SULLIVAN,"Sullivan County, New York",1739212.73,667473.79,75818,1.0483,14.1,16.7,8.57,14.98,52027,22.4,0.466,5.81,3.4091,4.86,50.39,9.7,90.5,44.1
36107,NY,TIOGA,"Tioga County, New York",1604626.11,690024.76,49649,0.978,12.5,17.9,0.74,1.7,58115,25,0.4339,14.17,3.6099,6.79,57.58,2.23,93.8,36.21
36109,NY,TOMPKINS,"Tompkins County, New York",1584767.72,718051.65,104268,0.968,34.3,12.2,4.04,4.72,54133,51.6,0.498,5.23,4.4405,8.01,48.32,12.79,94.7,73.58
36111,NY,ULSTER,"Ulster County, New York",1775884.11,695621.04,180505,0.9863,15.9,17.4,5.91,9.63,60393,31,0.4595,6.34,4.127,6.45,55.37,7.61,91.6,55.32
36113,NY,WARREN,"Warren County, New York",1765768.18,885287.47,64911,0.9625,13.6,19.8,1.15,2.22,57174,28.4,0.4416,8.28,3.3638,8.17,59.74,3.4,93.2,45.39
36115,NY,WASHINGTON,"Washington County, New York",1804760.51,866185.68,62465,1.0713,14.6,17.2,3.26,2.53,51449,20.2,0.4127,14.46,3.3679,7.42,48.9,2.21,91.9,40.07
36117,NY,WAYNE,"Wayne County, New York",1524658.81,786100.71,91874,0.9818,13.4,16.5,3.14,4.11,51627,21.2,0.406,17.63,4.0732,7.14,55.52,2.67,93,36.56
36119,NY,WESTCHESTER,"Westchester County, New York",1835002.38,626095.72,969229,0.935,14.4,15.6,14.45,23.61,86226,47.3,0.5382,3.93,6.7676,3.92,56.29,25.53,91.1,67.53
36121,NY,WYOMING,"Wyoming County, New York",1439210.88,717643.34,41239,1.182,15.5,15.5,5.53,3.21,53612,15,0.3996,14.4,3.2907,5.5,52.24,1.8,94.1,23.88
36123,NY,YATES,"Yates County, New York",1530179.92,727573.10,25106,0.9318,16.8,18.2,0.82,2.06,50105,23.2,0.4499,11.7,3.3557,7.42,52,2.44,78.9,39.26
37001,NC,ALAMANCE,"Alamance County, North Carolina",1474701.84,-34036.80,156372,0.9065,16.1,16,18.57,12.07,43209,22.1,0.4565,15.86,4.96,3.53,58.94,8.14,85.8,43.46
37003,NC,ALEXANDER,"Alexander County, North Carolina",1320282.93,-73717.92,37211,1.0404,13.5,18.4,5.76,4.47,40404,13.3,0.433,31.28,4.0121,3.34,62.55,2.69,88.5,21.33
37005,NC,ALLEGHANY,"Alleghany County, North Carolina",1314670.13,-9941.74,10868,0.9843,11.4,23.7,2.41,9.33,38352,18.6,0.423,11.48,2.8849,3.67,59.86,5.47,84.2,25.51
37007,NC,ANSON,"Anson County, North Carolina",1432769.33,-162801.91,25883,1.1029,16.7,16.1,48.73,3.63,34656,9.5,0.433,23.31,2.9341,1.71,51.12,3.36,83.6,56.53
37009,NC,ASHE,"Ashe County, North Carolina",1282962.30,-21328.07,26992,0.9717,11.9,22.9,0.72,5.12,37360,19.5,0.4592,11.62,3.1994,3.81,61.02,4.04,83.9,27.11
37011,NC,AVERY,"Avery County, North Carolina",1251806.59,-66595.71,17633,1.2058,16.6,20.4,3.71,5.01,35891,19.8,0.5079,7.04,3.3151,3.18,55.49,4.11,81.9,21.15
37013,NC,BEAUFORT,"Beaufort County, North Carolina",1709776.86,-51945.14,47513,0.9159,12,21.7,25.95,7.48,40906,18.6,0.4618,15.51,3.0933,2.64,63.94,3.77,87.4,37.6
37015,NC,BERTIE,"Bertie County, North Carolina",1686564.43,8711.52,20324,1.0457,15,19.6,62.04,1.94,31129,11.5,0.4518,23.32,2.418,1.21,56.15,1.63,86.4,62.57
37017,NC,BLADEN,"Bladen County, North Carolina",1577336.19,-177994.52,34454,0.9043,12.8,18.4,35.08,7.49,30408,14.8,0.503,20,2.7217,1.82,59,4.41,85.7,45.22
37019,NC,BRUNSWICK,"Brunswick County, North Carolina",1617744.75,-232239.76,119167,0.9416,10.5,26.9,10.56,4.73,49356,27,0.4503,6.54,3.9918,3.44,69.27,4.3,85.9,35.27
37021,NC,BUNCOMBE,"Buncombe County, North Carolina",1205512.21,-126003.32,250112,0.9229,14.9,18,6.28,6.29,46902,36.6,0.4655,9.67,4.9913,5.6,68.93,5.43,86.9,57.52
37023,NC,BURKE,"Burke County, North Carolina",1276532.94,-99897.01,89082,0.9799,14.5,18.2,6.16,5.8,39759,16.9,0.4444,21.86,4.2186,3.68,54.68,4.77,86.2,30.01
37025,NC,CABARRUS,"Cabarrus County, North Carolina",1385167.24,-123872.26,192296,0.9466,13.7,12.5,16.74,9.82,58970,28.6,0.4236,10.06,5.3256,4.23,65.83,7.73,89.5,39.76
37027,NC,CALDWELL,"Caldwell County, North Carolina",1287106.92,-75244.59,81623,0.9689,13.2,17.6,4.9,4.9,37118,13.8,0.4512,23.95,4.2015,3.51,56.33,3.43,85.5,24.04
37029,NC,CAMDEN,"Camden County, North Carolina",1746647.01,57930.61,10228,1.0075,11.3,15.8,14.18,2.65,60714,20.4,0.4034,9.46,2.7992,3.72,64.15,3.1,89.7,26.43
37031,NC,CARTERET,"Carteret County, North Carolina",1742321.04,-120439.16,68537,0.9651,12.4,21.8,6.07,4.16,50599,25.9,0.4471,6.04,3.9537,3.37,67.64,3.69,86.3,27.22
37033,NC,CASWELL,"Caswell County, North Carolina",1473666.59,5535.99,23094,1.0162,13.2,19.3,32.55,3.56,38310,13.2,0.4383,18.05,3.0427,2.28,59.18,2.59,87.1,44.3
37035,NC,CATAWBA,"Catawba County, North Carolina",1321415.80,-102888.15,155461,0.9586,14,16.1,8.56,8.98,45450,21.6,0.4526,25.45,5.0076,3.89,60.36,6.87,87.3,30.51
37037,NC,CHATHAM,"Chatham County, North Carolina",1494060.48,-69381.50,68778,0.9388,10.1,23.8,11.95,12.36,58555,38.8,0.49,13.94,3.6627,4.21,72.7,8.48,87.2,55.19
37039,NC,CHEROKEE,"Cherokee County, North Carolina",1075735.40,-197355.47,27226,0.9562,10.5,26.7,1.38,2.86,35284,19.2,0.422,12.67,3.1392,3.36,63.44,2.45,81.6,20.87
37041,NC,CHOWAN,"Chowan County, North Carolina",1717063.58,24634.12,14556,0.9075,12.5,22.1,33.59,3.41,41156,20.1,0.4541,8.51,3.4828,3.07,62.86,2.86,85.4,42.71
37043,NC,CLAY,"Clay County, North Carolina",1104927.54,-202268.61,10730,0.8921,10.9,28.1,0.42,3.15,36296,21,0.4554,5.09,2.9586,3.43,68.31,2.96,82.4,23.55
37045,NC,CLEVELAND,"Cleveland County, North Carolina",1296786.73,-143875.14,97113,0.9275,15.2,17.1,20.75,3.21,39134,16.3,0.4628,19.2,4.3919,2.75,59.2,2.72,85.7,34.45
37047,NC,COLUMBUS,"Columbus County, North Carolina",1576225.14,-217875.88,57015,0.9668,14.8,17.8,30.91,4.95,35847,12,0.5009,12.58,3.1562,1.67,53.5,2.74,84.2,38.84
37049,NC,CRAVEN,"Craven County, North Carolina",1697344.84,-96635.66,104190,1.0271,20.2,17.1,21.47,7,47957,22.5,0.4344,11.5,4.0417,3.49,58.21,4.94,86.4,38.87
37051,NC,CUMBERLAND,"Cumberland County, North Carolina",1544986.66,-134582.66,325841,0.956,21.7,10.8,36.86,10.9,44810,24.1,0.4377,7.66,5.2617,3.64,52.74,5.89,87.8,58.28
37053,NC,CURRITUCK,"Currituck County, North Carolina",1763702.22,63307.01,24864,0.9788,12.2,15,6.23,3.58,61086,21.9,0.3833,7.26,3.6014,4.68,65.49,2.88,85.9,24.12
37055,NC,DARE,"Dare County, North Carolina",1796497.07,-1094.61,35187,0.9661,11.8,18.6,2.01,6.93,54787,29,0.4073,4.6,3.5682,4.73,69.31,5.13,82.2,38.66
37057,NC,DAVIDSON,"Davidson County, North Carolina",1407777.38,-74002.20,164058,0.9529,13.1,16.7,8.99,6.7,44469,18.2,0.432,21.53,4.7407,3.25,59.1,4.73,87.6,25
37059,NC,DAVIE,"Davie County, North Carolina",1375994.17,-63851.69,41568,0.9511,11.2,18.8,6.34,6.42,51662,23.6,0.4669,17.15,4.1086,4.06,67.19,4.37,87,25.25
37061,NC,DUPLIN,"Duplin County, North Carolina",1626888.31,-131984.33,59121,0.9608,14.3,15.8,24.9,21.32,35364,10.3,0.4482,20.89,3.3328,1.71,46.91,11.7,79,40.4
37063,NC,DURHAM,"Durham County, North Carolina",1520805.01,-26641.61,294618,0.9155,19.7,11.1,37.6,13.32,54093,46.9,0.479,7.17,5.9844,4.18,67.86,13.66,86.1,81.05
37065,NC,EDGECOMBE,"Edgecombe County, North Carolina",1635729.69,-18937.77,54669,0.8676,14.9,17,56.7,4.12,32298,10.4,0.46,18.89,3.732,1.61,59.43,2.34,85.4,66.26
37067,NC,FORSYTH,"Forsyth County, North Carolina",1397692.13,-37380.97,364691,0.9031,16.3,14.4,26.1,12.38,46283,33.6,0.496,11.6,5.8445,4.42,64.08,8.48,87,55.42
37069,NC,FRANKLIN,"Franklin County, North Carolina",1571713.82,-11877.03,62989,0.9837,14,15.2,25.77,7.89,44272,20.4,0.4292,14.16,3.9011,3.71,62.53,5.16,86.1,44.03
37071,NC,GASTON,"Gaston County, North Carolina",1330898.50,-143061.43,211753,0.9335,14.6,15,15.41,6.39,44288,19.8,0.4616,17.96,5.4367,3.58,59.3,5.16,86.1,33.53
37073,NC,GATES,"Gates County, North Carolina",1702330.94,55236.26,11615,0.9845,13.6,17.4,33.03,1.2,51582,14.5,0.4006,19.18,2.5777,2.47,58.99,1.6,89.5,45.35
37075,NC,GRAHAM,"Graham County, North Carolina",1093266.24,-170721.14,8651,1.0002,13.1,21.9,0.39,2.99,34778,14,0.4437,9.58,2.4371,2.81,61.22,1.55,81.1,18.96
37077,NC,GRANVILLE,"Granville County, North Carolina",1535022.77,6470.98,58341,1.0385,14.3,15.3,30.78,7.48,50317,19.4,0.4266,15.81,3.7458,3.12,59.65,4.14,88.3,48.71
37079,NC,GREENE,"Greene County, North Carolina",1638000.99,-67300.52,21241,1.1699,15,14.3,35.56,14.71,37190,9.2,0.4384,14.2,3.4258,1.43,48.67,7.41,83.7,45.18
37081,NC,GUILFORD,"Guilford County, North Carolina",1439764.82,-36053.03,511815,0.9027,18.2,13.7,33.57,7.57,46896,34.5,0.4859,13.27,5.7236,3.92,65.15,10.16,87.2,60.35
37083,NC,HALIFAX,"Halifax County, North Carolina",1623551.50,18003.02,52849,0.9279,14.2,18.5,52.09,2.59,32549,13.4,0.4971,19.47,3.3391,1.54,60.9,1.87,87.3,63.55
37085,NC,HARNETT,"Harnett County, North Carolina",1534824.72,-100023.63,126620,0.9791,16.9,11.2,21.26,11.87,47930,19.3,0.4258,10.35,4.4087,3.72,49.97,5.73,86.8,37.74
37087,NC,HAYWOOD,"Haywood County, North Carolina",1166172.26,-137771.39,59577,0.9356,12.1,23.6,1.07,3.61,43097,23.8,0.459,12.77,3.727,4.31,63.28,2.42,87,35.62
37089,NC,HENDERSON,"Henderson County, North Carolina",1214330.14,-155825.44,110905,0.9327,11.2,24.5,3.15,9.74,48138,29.7,0.4299,14.04,4.743,4.37,65.32,7.47,86.3,35.64
37091,NC,HERTFORD,"Hertford County, North Carolina",1679748.45,40801.65,24285,0.9754,17.1,17.6,58.24,3.32,34523,15,0.4697,16.33,3.279,1.74,52.17,3.43,86.9,69.04
37093,NC,HOKE,"Hoke County, North Carolina",1509117.21,-144588.72,51853,0.9792,17.8,8.2,33.32,12.61,42704,17.8,0.4265,13.96,3.9381,4.08,49.38,6.11,85.3,55.62
37095,NC,HYDE,"Hyde County, North Carolina",1762557.46,-36810.54,5629,1.1225,16.1,16.8,32.95,5.79,37741,8.7,0.4122,11.31,1.2668,2.21,50.04,3.54,81.9,42.83
37097,NC,IREDELL,"Iredell County, North Carolina",1349126.50,-82121.65,167493,0.9675,13.9,14.5,12.31,7.24,53937,25.7,0.4675,18.38,4.7241,3.73,64.86,6.26,87.9,31.12
37099,NC,JACKSON,"Jackson County, North Carolina",1156103.92,-169498.94,41227,0.9787,24.9,17.5,3.09,5.38,40278,29.4,0.4626,2.69,3.479,6.04,54.89,3.59,85.9,43.87
37101,NC,JOHNSTON,"Johnston County, North Carolina",1576365.93,-75370.56,182155,0.9645,13.4,12.2,15.28,13.08,51980,21.2,0.4034,10.97,4.4874,3.7,64.17,7.44,85.4,34.28
37103,NC,JONES,"Jones County, North Carolina",1676412.59,-112573.67,10074,0.9388,13.3,22,30.57,4.19,34080,14,0.4448,14.38,2.1104,1.87,62.93,3.19,83.8,40.98
37105,NC,LEE,"Lee County, North Carolina",1505949.83,-93123.28,59540,0.9498,14.7,15.1,19.03,19.18,46402,20.8,0.4383,22.59,4.5013,3.6,56.4,11.2,83.9,43.29
37107,NC,LENOIR,"Lenoir County, North Carolina",1646331.47,-93756.18,58343,0.9141,14,17.9,39.14,7.25,36956,13.7,0.4605,16.64,4.0333,2.09,59.52,4.55,83.7,48.14
37109,NC,LINCOLN,"Lincoln County, North Carolina",1323715.57,-122506.69,79783,0.9829,12.8,15.6,5.35,7.05,49283,19.7,0.4499,19.59,4.6455,3.3,64.4,4.89,87.5,25.57
37111,NC,MCDOWELL,"McDowell County, North Carolina",1247084.16,-111994.67,45013,1.0202,13.4,18.3,4.01,5.82,37590,14.6,0.4254,25.73,3.6764,3.22,55.96,3.81,85.8,24.26
37113,NC,MACON,"Macon County, North Carolina",1132976.96,-188059.56,33991,0.9355,11.4,26.7,1.15,6.61,39593,22.8,0.4748,5.86,3.2369,4.12,64.41,4.93,82.2,28.68
37115,NC,MADISON,"Madison County, North Carolina",1186037.14,-100856.50,21130,0.9779,15.7,19.9,1.93,2.41,40408,24.7,0.4531,9.29,2.8984,4.97,65.36,2.31,88.1,36.66
37117,NC,MARTIN,"Martin County, North Carolina",1680080.65,-18066.18,23510,0.872,13.1,20.6,43.22,3.5,34957,15.8,0.4661,17.54,2.9901,1.85,64.33,1.35,85.1,49.78
37119,NC,MECKLENBURG,"Mecklenburg County, North Carolina",1362708.59,-143449.03,1011774,0.9245,17.5,10,31.16,12.61,59268,43.1,0.4899,7.79,6.6148,4.82,61.98,14.67,86.1,65.45
37121,NC,MITCHELL,"Mitchell County, North Carolina",1231563.31,-76750.51,15263,0.9573,13,23.1,0.41,4.71,39658,17.5,0.454,16.76,3.2822,2.69,65.08,2.68,86.4,20.26
37123,NC,MONTGOMERY,"Montgomery County, North Carolina",1443611.59,-120252.14,27475,0.9572,12,18.4,18.8,15.08,34819,14.5,0.4723,25.22,3.0719,2.25,54.69,8.82,82.8,36.79
37125,NC,MOORE,"Moore County, North Carolina",1481700.29,-116132.17,93070,0.9294,11.5,23.8,12.52,6.22,51873,34.2,0.4579,8.31,3.9417,3.85,66.48,4.71,89.1,34.88
37127,NC,NASH,"Nash County, North Carolina",1600375.20,-19594.70,94385,0.9232,14.6,16.3,38.84,6.53,43804,19.6,0.4733,16.34,4.2111,2.33,65.42,4.29,86.9,49.91
37129,NC,NEW HANOVER,"New Hanover County, North Carolina",1646100.63,-208439.71,216430,0.9255,19.6,15.7,14.13,5.35,51232,37.9,0.4831,6.6,6.0765,4.99,64.15,5.31,87.6,47.95
37131,NC,NORTHAMPTON,"Northampton County, North Carolina",1642308.09,40003.50,20628,0.944,13.3,22.9,57.41,2,31543,11.3,0.4656,14.8,2.6973,1.24,58.87,1.37,84.6,63.17
37133,NC,ONSLOW,"Onslow County, North Carolina",1675864.59,-145721.78,185755,1.1879,31.9,8.5,15.01,11.79,46786,19.5,0.4089,3.59,4.5445,4.37,41.23,4,88.2,32.06
37135,NC,ORANGE,"Orange County, North Carolina",1498862.72,-27756.80,139807,0.9115,25.3,11.2,11.45,8.26,61130,57.7,0.5183,5.89,4.9111,4.69,73.99,12.73,91.6,76.35
37137,NC,PAMLICO,"Pamlico County, North Carolina",1728148.24,-88222.42,12892,1.0486,12.5,25.8,18.41,3.51,43808,19.2,0.4298,8.94,2.6941,2.39,63.74,2.75,84.1,36.5
37139,NC,PASQUOTANK,"Pasquotank County, North Carolina",1742009.61,46391.88,39909,0.9601,17.8,15.2,36.53,4.67,45750,18.9,0.4496,7.45,4.2183,3.43,55.87,4.04,85.8,51.3
37141,NC,PENDER,"Pender County, North Carolina",1638081.92,-176713.47,56358,0.9903,12.6,17.1,16.36,6.43,46580,23.1,0.4635,9.16,3.2178,3.2,63.76,3.91,84.8,34.65
37143,NC,PERQUIMANS,"Perquimans County, North Carolina",1730359.19,33695.78,13470,0.9158,10.9,24.5,24.47,2.44,45208,17.4,0.4515,7.17,3.0466,3.16,62.41,2.38,85.2,35.7
37145,NC,PERSON,"Person County, North Carolina",1505375.49,10857.45,39196,0.9426,13.1,17.3,26.92,4.09,43297,14.9,0.4365,15.18,3.6526,3.04,64.08,2.47,88.1,41.19
37147,NC,PITT,"Pitt County, North Carolina",1662232.49,-50181.94,175150,0.8908,25.9,11.4,34.59,5.92,42308,29.5,0.4926,10.87,4.6411,3.74,58.94,4.73,86.3,53.96
37149,NC,POLK,"Polk County, North Carolina",1242940.84,-158126.36,20324,0.9188,10.8,27.5,5.33,5.65,47396,31.8,0.4598,12.28,3.4966,3.94,65.13,3.36,87.3,35.56
37151,NC,RANDOLPH,"Randolph County, North Carolina",1445268.42,-77051.28,142588,0.972,13.6,16.1,6.14,10.85,43010,15.1,0.418,24.74,4.2538,3.02,59.28,6.44,84.8,21.07
37153,NC,RICHMOND,"Richmond County, North Carolina",1463832.70,-153853.81,45710,0.9371,15.1,16.1,31.66,6.12,32526,13.8,0.4733,17.51,3.6173,2.3,55.27,3.53,85.1,45.02
37155,NC,ROBESON,"Robeson County, North Carolina",1528463.76,-184020.32,134576,0.9318,17.3,13,24.22,8.33,31298,12.6,0.4889,17.43,4.0039,2.64,41.03,4.8,82.1,47.81
37157,NC,ROCKINGHAM,"Rockingham County, North Carolina",1434963.10,-901.28,91898,0.9312,13,18.3,18.54,5.9,40003,13.8,0.4361,19.16,4.1388,2.89,58.23,3.35,87.8,34.65
37159,NC,ROWAN,"Rowan County, North Carolina",1382997.60,-95561.65,138694,0.978,14.9,16.3,16.1,8.07,44494,17.6,0.444,15.77,4.6511,3.35,60.04,4.57,85.9,31.18
37161,NC,RUTHERFORD,"Rutherford County, North Carolina",1263194.41,-141189.52,66701,0.9441,12.9,19.5,10.33,4.02,36144,16.7,0.4413,20.56,3.8188,3.05,57.73,3.01,86,25.57
37163,NC,SAMPSON,"Sampson County, North Carolina",1586756.13,-133363.88,63713,0.959,13.8,16.2,25.49,18.25,36742,11.9,0.4721,15.27,3.2586,2.09,54.12,9.73,82.3,41.55
37165,NC,SCOTLAND,"Scotland County, North Carolina",1490867.29,-167882.98,35711,0.981,15.9,15.9,38.45,2.74,30013,14.7,0.4741,19.33,3.7667,2.53,50.98,2.19,86.5,53.92
37167,NC,STANLY,"Stanly County, North Carolina",1413277.69,-127706.00,60610,0.9903,14.9,17.5,10.51,3.87,44140,16.1,0.4213,15.95,4.0814,2.87,63.2,3.04,87.7,24.41
37169,NC,STOKES,"Stokes County, North Carolina",1394156.31,-7169.29,46453,0.9597,12.5,18.9,4.16,2.8,42489,14.3,0.418,18.7,3.6875,3.41,60.76,1.66,87.4,21.42
37171,NC,SURRY,"Surry County, North Carolina",1354590.06,-12231.66,72767,0.9485,13,18.9,3.7,9.92,37345,15.3,0.4681,14.75,3.9634,3.22,56.87,5.28,84.9,24.03
37173,NC,SWAIN,"Swain County, North Carolina",1121703.28,-151585.38,14234,0.9515,14,18.8,1.31,4.73,33598,15.3,0.4684,6.51,2.3426,5.93,55.95,1.69,78.1,38.12
37175,NC,TRANSYLVANIA,"Transylvania County, North Carolina",1188005.56,-174726.60,33062,0.9276,13,27.9,3.85,3.1,43918,29.7,0.4353,8.65,3.5183,4.43,64.8,4.04,82.7,38.4
37177,NC,TYRRELL,"Tyrrell County, North Carolina",1759595.03,-4639.24,4128,1.2895,12.4,20.1,36.63,10.27,32165,8.2,0.4695,5.38,1.4058,2.53,51,5.86,83.2,42.48
37179,NC,UNION,"Union County, North Carolina",1394264.17,-167557.52,217614,0.9713,12.9,11.3,11.61,10.75,67194,33.6,0.4603,11.82,4.8904,4.41,67.94,9.08,88.9,33.98
37181,NC,VANCE,"Vance County, North Carolina",1555180.97,17163.02,44508,0.8747,14.8,16.3,49.79,7.14,32733,11.5,0.4762,17.5,4.2208,2.08,59.14,3.96,85.3,62.52
37183,NC,WAKE,"Wake County, North Carolina",1545660.74,-50059.99,998576,0.9446,16.6,10,20.6,9.89,70620,50.1,0.4463,8.85,6.1352,5.46,70.45,13.01,89.6,60.69
37185,NC,WARREN,"Warren County, North Carolina",1580839.14,25619.34,20324,1.0067,14,21.7,50.82,3.9,33913,14.6,0.4804,16.9,2.9062,2.18,59.78,3.26,83.8,66.61
37187,NC,WASHINGTON,"Washington County, North Carolina",1727165.66,-10802.18,12503,0.8695,12.9,21.2,48.62,4.89,33286,9.7,0.4833,22.17,2.6342,1.48,63.22,2.38,84.7,57.79
37189,NC,WATAUGA,"Watauga County, North Carolina",1269174.42,-46474.01,52745,0.9956,36.7,14.1,1.2,3.41,39443,38.9,0.5248,4.18,4.1772,7.17,65.42,2.92,89.6,50.79
37191,NC,WAYNE,"Wayne County, North Carolina",1611557.78,-86223.12,124447,0.9615,17.1,14.4,30.94,10.95,40457,18.7,0.45,14.81,4.463,2.72,53.66,7.47,85.4,44.15
37193,NC,WILKES,"Wilkes County, North Carolina",1316516.15,-41972.85,68888,0.969,12.5,19.8,4.28,5.91,34846,13.8,0.4634,17.97,3.5625,2.89,57.73,4.13,86.5,21.84
37195,NC,WILSON,"Wilson County, North Carolina",1611885.56,-47257.24,81617,0.8985,14.7,16.4,39.02,9.84,40260,18.6,0.4679,18.78,4.4512,2.47,61.16,6.76,84.9,52.87
37197,NC,YADKIN,"Yadkin County, North Carolina",1361168.96,-40009.73,37819,0.968,12.9,18.2,3.4,10.6,38623,12.1,0.4496,19.19,3.775,3.31,59.67,5.19,85.7,18.54
37199,NC,YANCEY,"Yancey County, North Carolina",1220672.45,-91281.65,17599,0.9576,11.7,23.3,1.17,4.87,36993,20.1,0.4577,13.36,3.0791,3.81,70.04,3.03,86.2,33.36
38001,ND,ADAMS,"Adams County, North Dakota",-505290.46,978199.24,2348,1.0224,11.9,22.3,1.02,0.85,53295,27.5,0.4317,2.18,-0.0856,7.64,65.17,1.92,93.2,19.2
38003,ND,BARNES,"Barnes County, North Dakota",-158420.85,1055511.31,11033,0.9681,15.1,20.4,0.8,1.83,55778,23.7,0.4701,9.08,1.0494,10.98,60.93,0.97,93.2,33.57
38005,ND,BENSON,"Benson County, North Dakota",-252898.24,1183490.06,6802,1.055,15.1,12.3,0,2.44,41530,15,0.513,6.41,0.6372,11.93,44.86,0.47,82.9,47.54
38007,ND,BILLINGS,"Billings County, North Dakota",-562863.12,1085277.41,936,1.3226,13.4,17.2,0.85,3.21,67969,24.9,0.4509,3.85,-1.1565,8.43,79.11,1.71,91.3,10.65
38009,ND,BOTTINEAU,"Bottineau County, North Dakota",-359089.30,1267758.12,6650,1.1031,14.3,21.3,0.84,2.12,55958,21.3,0.4674,4.83,0.4311,7.56,66.09,2.33,93.1,22.79
38011,ND,BOWMAN,"Bowman County, North Dakota",-581809.12,985624.13,3238,0.9424,12.9,19.9,0.12,4.76,62955,21.9,0.4401,2.42,0.0732,6.38,72.81,0.77,92.8,13.57
38013,ND,BURKE,"Burke County, North Dakota",-484128.43,1275062.61,2239,1.1717,13.6,17.6,0.45,3.53,65521,20.9,0.4509,2.34,-0.2442,3.61,62.23,3.22,89.2,11.74
38015,ND,BURLEIGH,"Burleigh County, North Dakota",-341435.23,1066368.70,90560,0.9932,17.2,14.3,1.26,1.98,66057,34.2,0.4339,4.11,3.0642,9.52,68.63,2.1,93.1,25.06
38017,ND,CASS,"Cass County, North Dakota",-95449.30,1054072.09,166852,1.0212,24.7,10.7,3.82,2.41,54926,37.4,0.4595,9.1,3.5973,11.93,62.18,6.44,92.3,44.06
38019,ND,CAVALIER,"Cavalier County, North Dakota",-183237.94,1258790.68,3867,1.0246,10.8,26.3,0.13,1.29,65645,18.7,0.4505,2.08,0.0029,8.62,64.92,0.96,95.7,25.97
38021,ND,DICKEY,"Dickey County, North Dakota",-193950.55,964870.50,5160,1.0078,14.3,21.7,1.47,3.33,55882,28,0.4042,10.5,0.5658,7.73,60.04,1.76,93,24.94
38023,ND,DIVIDE,"Divide County, North Dakota",-555730.07,1283016.77,2369,1.0093,10.3,23.8,0.68,0.34,62470,23.1,0.5157,3.17,-0.3209,8.78,64.16,4.22,93.7,22.03
38025,ND,DUNN,"Dunn County, North Dakota",-502532.96,1117790.50,4284,1.1229,14.2,16.4,0.93,2.85,66964,20.5,0.5215,6.2,-0.1941,5.08,68.09,2.03,81.4,16.82
38027,ND,EDDY,"Eddy County, North Dakota",-219247.87,1143570.92,2370,0.9331,11.1,20.9,0,1.81,55489,22.2,0.5176,5.56,0.373,6.9,67.37,1.35,92,30.98
38029,ND,EMMONS,"Emmons County, North Dakota",-327295.76,988930.18,3426,1,8.8,27.1,0,0,45472,15.3,0.5168,1.06,-0.1327,4.49,74.04,1.31,94.2,11.36
38031,ND,FOSTER,"Foster County, North Dakota",-218714.13,1114769.35,3345,0.9887,11.7,22.2,0.06,1.17,55625,21.6,0.3924,15.64,0.7092,7.62,65.38,1.29,92.5,21.85
38033,ND,GOLDEN VALLEY,"Golden Valley County, North Dakota",-599411.90,1078958.80,1895,0.9658,12.7,17.4,0,1.79,37014,22.3,0.436,1.17,-0.3139,6.48,68.34,0.11,82.7,11.06
38035,ND,GRAND FORKS,"Grand Forks County, North Dakota",-109742.17,1163577.49,69793,1.071,30.7,11.3,2.86,3.81,50652,33.1,0.4835,5.49,2.9318,10.45,54.59,4.08,92.4,39.91
38037,ND,GRANT,"Grant County, North Dakota",-434857.81,1002683.36,2369,0.9858,9.8,27.1,0.3,0.63,45978,18.1,0.5006,4.77,-0.5955,6.37,71.26,1.18,92,14.31
38039,ND,GRIGGS,"Griggs County, North Dakota",-169719.81,1113440.30,2311,1.0166,9.9,29.5,1.21,0.43,50250,20.3,0.438,12.86,0.2302,9.49,67.25,1.08,93.1,26.03
38041,ND,HETTINGER,"Hettinger County, North Dakota",-497496.24,1014965.98,2639,0.9027,10.8,26.4,0.3,2.77,55230,13.8,0.4568,3.43,-0.1054,6.02,62.09,1.25,92.2,13.79
38043,ND,KIDDER,"Kidder County, North Dakota",-288833.88,1064376.67,2419,1.1313,15.1,20.8,0,5.08,58527,19.7,0.4741,2.73,-0.3693,6.25,68.95,1.78,91.7,13.88
38045,ND,LAMOURE,"LaMoure County, North Dakota",-195308.66,1003372.26,4111,1.0565,11.1,24.4,0.15,0.88,55900,22.5,0.502,8.5,0.3258,7.81,66.48,0.73,93.9,25.32
38047,ND,LOGAN,"Logan County, North Dakota",-267840.89,1005709.83,1939,1.0346,8.8,28.6,0.05,1.5,55068,13.8,0.4737,2.64,-0.2823,6.09,68.19,1.24,95.5,11.38
38049,ND,MCHENRY,"McHenry County, North Dakota",-347439.94,1205611.29,5912,1.0868,12.3,19.3,0.15,2.4,60741,20.8,0.4787,4.65,0.1973,9.93,62.27,1.39,92.9,19.29
38051,ND,MCINTOSH,"McIntosh County, North Dakota",-266438.44,967315.79,2737,0.9978,9.5,32.1,0.15,1.53,43650,18.3,0.4802,4.34,0.0808,7.68,64.43,2.78,96.4,17.6
38053,ND,MCKENZIE,"McKenzie County, North Dakota",-558205.78,1164396.27,10718,1.0983,18.6,8.7,0.98,6.19,78179,24.6,0.4738,2.97,0.4049,6.51,61.83,0.88,82,15.98
38055,ND,MCLEAN,"McLean County, North Dakota",-402584.24,1139295.45,9576,1.0554,10.5,21.7,0.13,2.25,59976,18.3,0.4409,3.88,0.5606,7.04,70.61,1.08,92.1,21.88
38057,ND,MERCER,"Mercer County, North Dakota",-443216.95,1108677.28,8671,1.0675,12.7,17.1,0.93,2.42,73801,20.7,0.3931,5.12,1.1663,6.45,69.31,0.95,87.8,14.18
38059,ND,MORTON,"Morton County, North Dakota",-404965.76,1040719.15,29633,1.0667,16.6,15,0.67,2.4,63549,25.3,0.4416,6.52,1.7817,8.94,68.67,0.81,94.4,21.37
38061,ND,MOUNTRAIL,"Mountrail County, North Dakota",-476369.13,1209428.09,9675,1.182,16.5,11.1,0.2,6.41,68082,23.6,0.5139,1.89,0.7162,7.4,57.82,1.8,80.7,32.09
38063,ND,NELSON,"Nelson County, North Dakota",-165132.24,1164607.57,3032,1.0119,10.2,28,0.82,2.41,51280,19.4,0.4579,5.71,0.176,9.09,69.06,0.86,93.3,34.34
38065,ND,OLIVER,"Oliver County, North Dakota",-407113.03,1085109.88,1768,1.1123,8.4,22.3,0.51,1.58,66196,17.4,0.424,1.9,-0.0568,6.69,73.65,0.28,88.5,12.54
38067,ND,PEMBINA,"Pembina County, North Dakota",-115376.50,1256808.52,7136,1.0702,11.2,21.5,0.25,3.28,56813,20.2,0.4427,12.91,0.9013,8.37,55.86,4.12,91.4,23.57
38069,ND,PIERCE,"Pierce County, North Dakota",-297655.11,1205020.39,4373,1.0274,13.2,23,1.19,0.8,43086,14,0.4708,1.79,0.5054,9.8,58.9,0.25,90.3,23.07
38071,ND,RAMSEY,"Ramsey County, North Dakota",-203811.94,1203901.95,11578,1.0359,14.1,18.2,0.03,2.32,50776,21.9,0.4693,4.38,1.3261,10.99,59.28,0.79,90.3,31.87
38073,ND,RANSOM,"Ransom County, North Dakota",-127687.18,1001782.51,5457,1.0385,10.8,20.9,0.46,1.7,57088,17.2,0.4205,21.9,0.8933,13.18,55.85,1.5,95.2,40.92
38075,ND,RENVILLE,"Renville County, North Dakota",-420714.74,1263037.51,2573,0.993,13.9,16.5,0.66,3.77,65927,17.2,0.4038,3.91,0.1246,7.66,67.45,3.03,95,16.83
38077,ND,RICHLAND,"Richland County, North Dakota",-73249.42,979729.77,16329,1.0735,19.7,15.7,0.51,2.52,58125,21.9,0.3978,17.87,1.4796,10.02,59.08,1.42,95.2,30.22
38079,ND,ROLETTE,"Rolette County, North Dakota",-285494.55,1262175.49,14607,0.9761,15.8,10.3,0.55,0.36,37313,22.5,0.4945,3.21,1.8318,11.69,38.89,0.64,70.8,63.3
38081,ND,SARGENT,"Sargent County, North Dakota",-126275.68,963121.00,3889,1.1182,13.8,19.9,1.67,2.96,57472,19,0.407,31.97,0.5591,10.77,64.19,2.8,95.1,38.95
38083,ND,SHERIDAN,"Sheridan County, North Dakota",-329023.95,1132005.30,1395,1.0276,11.2,25.2,0,1.08,48375,15.4,0.4761,8.37,-0.5908,5.34,68.22,0.43,93.1,12.75
38085,ND,SIOUX,"Sioux County, North Dakota",-390218.02,972948.19,4431,1.0068,17.3,7.4,0.05,3.68,39539,16.6,0.5118,1.06,0.447,17.37,44.49,0.56,71.4,74.46
38087,ND,SLOPE,"Slope County, North Dakota",-574213.07,1022249.27,665,1.1875,6.6,23.6,4.81,0.3,58750,29.3,0.4706,3.38,-1.5543,5.81,82.06,0,92.3,10.62
38089,ND,STARK,"Stark County, North Dakota",-509554.48,1057817.22,29837,1.0866,18.8,12.8,1.63,5.02,76817,24.7,0.4352,7.41,2.1553,6.61,54.7,3.96,90.3,15.23
38091,ND,STEELE,"Steele County, North Dakota",-130855.73,1112506.70,1969,1.0925,11.1,23.1,0,2.13,58603,23.2,0.4343,6.87,0.0653,10.01,63.34,1.57,95.1,40.16
38093,ND,STUTSMAN,"Stutsman County, North Dakota",-226107.38,1062071.34,21108,1.0479,16.8,17.6,0.97,2.13,53685,24.5,0.4399,11.18,1.2997,9.25,60.36,1.81,91.9,27.11
38095,ND,TOWNER,"Towner County, North Dakota",-241598.77,1250931.92,2292,0.993,6.9,24.4,0,2.31,53929,18.6,0.4946,2.66,-0.1465,10.29,67.85,2.05,90.3,29.38
38097,ND,TRAILL,"Traill County, North Dakota",-88137.04,1111642.49,8075,1.0167,15.4,18.7,0.93,3.16,55764,27.2,0.4565,7.96,1.2857,10.86,62.77,1.65,95.6,35.4
38099,ND,WALSH,"Walsh County, North Dakota",-128775.42,1213277.82,10995,1.0525,12,20.6,0.31,10.76,51181,16.7,0.4522,10.7,1.1976,10.22,54.48,3.92,92.5,28.04
38101,ND,WARD,"Ward County, North Dakota",-415240.21,1207835.60,68954,1.1021,24.9,11.7,3.39,5.22,63037,26.4,0.4179,3.31,2.5821,10.83,51.83,3.96,91.8,23.75
38103,ND,WELLS,"Wells County, North Dakota",-277151.29,1131163.40,4179,0.9938,9.6,29.2,0,0.89,50685,21.3,0.4367,3.91,0.2389,7.05,70.23,0.96,94,18.92
38105,ND,WILLIAMS,"Williams County, North Dakota",-559308.95,1231254.75,31643,1.2154,21,9.6,2.82,5.31,90080,22.5,0.4621,5.18,1.7716,7.83,54.55,2.89,90.5,14.7
39001,OH,ADAMS,"Adams County, Ohio",1074088.27,221707.55,28111,0.9882,12.8,16.4,0.36,0.52,34709,10.9,0.458,16.09,2.9226,3.29,53.52,0.64,87.3,21.17
39003,OH,ALLEN,"Allen County, Ohio",993101.60,428850.83,104664,1.02,16.5,15.9,11.89,2.75,45575,17.4,0.4517,21.43,4.6092,4.6,57.24,1.22,90.9,30.36
39005,OH,ASHLAND,"Ashland County, Ohio",1144137.45,457724.46,53343,0.9548,16.4,17.3,0.67,1.18,48509,19.6,0.3966,21.34,3.8856,5.52,59.87,2.12,88.9,24.71
39007,OH,ASHTABULA,"Ashtabula County, Ohio",1254545.10,572273.76,99175,1.0105,13.4,17.3,3.45,3.87,41158,13.1,0.4272,24.16,3.9991,4.83,53.24,1.41,89,40.05
39009,OH,ATHENS,"Athens County, Ohio",1187583.36,292892.25,65103,0.9964,36.9,11.4,2.47,1.83,34221,29.1,0.5101,6.11,3.9102,5.84,53.33,4.46,92.4,59.05
39011,OH,AUGLAIZE,"Auglaize County, Ohio",986383.47,404237.72,45871,0.9939,13.6,16.9,0.37,1.43,55914,17.8,0.3975,30.72,3.787,4.19,68.04,0.97,94.5,17.58
39013,OH,BELMONT,"Belmont County, Ohio",1264759.69,382061.70,69228,1.0404,13.8,18.9,4.1,0.83,44719,16.4,0.4493,7.79,3.9166,3.95,55.57,1.09,91.5,29.39
39015,OH,BROWN,"Brown County, Ohio",1039128.95,227125.96,44059,0.9843,13.1,16.8,0.96,0.82,47999,12.4,0.4303,18.35,3.5472,3.47,58.02,0.66,89.8,23
39017,OH,BUTLER,"Butler County, Ohio",971981.75,275776.70,373638,0.9614,17.8,13.2,7.84,4.37,59652,29.1,0.4408,16.14,5.7331,4.73,61.38,5.39,92.2,35.41
39019,OH,CARROLL,"Carroll County, Ohio",1246431.68,443095.69,28108,0.9964,12.6,19.2,0.76,1.17,48545,11.4,0.4255,20.76,3.3143,5.09,59.1,0.85,88.4,25.42
39021,OH,CHAMPAIGN,"Champaign County, Ohio",1030145.89,362000.24,39175,1.0012,14.2,16.6,1.7,1.49,53673,16.5,0.3847,28.58,3.564,4.86,60.25,0.91,93.1,26.67
39023,OH,CLARK,"Clark County, Ohio",1032112.26,337296.73,136175,0.9377,14.7,17.8,8.23,3.1,44154,18,0.4423,18.45,4.8849,4.71,58.51,1.97,91.5,39.85
39025,OH,CLERMONT,"Clermont County, Ohio",1013305.08,236667.91,201092,0.9735,14,14,1.33,1.72,61265,27.6,0.436,14.47,5.1459,4.93,65.11,2.07,92.7,28.35
39027,OH,CLINTON,"Clinton County, Ohio",1037243.40,281252.18,41854,0.9843,15.3,15.2,2.37,1.58,48675,16.5,0.4287,15.74,3.6773,4.13,58.71,1.1,91.4,22.71
39029,OH,COLUMBIANA,"Columbiana County, Ohio",1268969.20,468122.90,105230,1.0111,13.2,18.2,2.27,1.48,45389,13.9,0.4375,20.26,4.3357,4.53,55.51,1.11,90.2,28.19
39031,OH,COSHOCTON,"Coshocton County, Ohio",1182144.00,401722.47,36665,0.989,13.2,17.6,1.03,0.93,43380,12.1,0.4035,26.21,3.223,4.85,55.59,0.55,87.1,27.12
39033,OH,CRAWFORD,"Crawford County, Ohio",1090315.62,450640.85,42485,0.9578,13.1,19.5,0.63,1.42,40563,12.7,0.4395,24.29,3.7093,5.2,58.2,0.96,91.7,25.36
39035,OH,CUYAHOGA,"Cuyahoga County, Ohio",1185007.94,529309.92,1258710,0.9089,16,16.5,29.74,5.41,45289,30.9,0.5077,12.74,6.9689,3.53,61.19,6.98,91.8,68.37
39037,OH,DARKE,"Darke County, Ohio",958974.28,352591.53,52185,0.9653,12.5,18.4,0.75,1.42,47043,13.1,0.4075,27.38,3.5171,3.93,64.6,0.96,92.3,18.26
39039,OH,DEFIANCE,"Defiance County, Ohio",953678.90,486297.02,38488,0.9918,14.6,16.8,1.91,9.51,50822,15.8,0.4018,28.23,3.5868,6.24,61.87,1.81,90.9,31.47
39041,OH,DELAWARE,"Delaware County, Ohio",1092015.59,386159.68,188996,0.9775,11.7,11.5,3.51,2.41,94234,52.5,0.4325,9.33,5.1038,5.22,75.9,6.52,95.9,41.52
39043,OH,ERIE,"Erie County, Ohio",1107164.71,510952.38,75808,0.9581,13.5,19.6,8,4.02,48276,21.6,0.4515,18.27,4.7565,4.98,62.67,2.1,91.8,44.97
39045,OH,FAIRFIELD,"Fairfield County, Ohio",1131527.93,332075.36,150163,0.9902,14,14.4,6.75,1.99,61473,26.4,0.4216,10.38,4.7444,5.1,64.31,2.65,93.4,35.96
39047,OH,FAYETTE,"Fayette County, Ohio",1064912.45,301247.75,28719,0.9646,13.3,16.5,1.97,1.88,41954,14.5,0.4401,19.15,3.3064,3.83,51.07,1.46,89.9,25.52
39049,OH,FRANKLIN,"Franklin County, Ohio",1096350.76,351822.19,1232118,0.9517,20,10.8,21.71,5.09,54037,38.4,0.4689,7.64,6.7952,5.27,61.82,9.87,89.8,63.79
39051,OH,FULTON,"Fulton County, Ohio",979506.59,520827.51,42466,0.9834,13.3,16.2,0.51,8.25,55860,17,0.4168,24.02,3.6998,6.82,66.29,1.53,94.8,30.69
39053,OH,GALLIA,"Gallia County, Ohio",1172799.84,233040.23,30376,0.9551,14.5,17.2,2.71,1.21,39423,15.4,0.4456,13.98,3.2244,3.72,55.72,0.92,87.9,21.11
39055,OH,GEAUGA,"Geauga County, Ohio",1223052.62,543683.36,94020,0.9732,12.2,18,1.27,1.29,74165,37.3,0.452,16.22,4.5077,4.3,70.08,2.58,89.3,36.76
39057,OH,GREENE,"Greene County, Ohio",1026415.85,311103.81,164325,0.9653,19.8,15.5,7.11,2.62,61116,37.6,0.4472,9.97,5.0327,5.34,62.9,4.74,93.6,37.35
39059,OH,GUERNSEY,"Guernsey County, Ohio",1221862.44,379449.07,39478,0.9758,13.7,17.5,1.28,1.08,41566,13.6,0.4424,16.29,3.3737,4.55,54.47,0.84,90.3,27.58
39061,OH,HAMILTON,"Hamilton County, Ohio",978039.71,249071.56,805965,0.9279,17.4,14.2,25.79,2.89,50399,35.6,0.5082,11.57,6.642,4.82,66.18,5.09,91.7,55.4
39063,OH,HANCOCK,"Hancock County, Ohio",1026235.67,459096.20,75672,0.9649,16.3,15.8,1.36,5.07,51604,25.8,0.4284,28.02,4.0071,6.19,61.58,3.25,92.9,28.44
39065,OH,HARDIN,"Hardin County, Ohio",1031768.62,421378.11,31652,0.9951,20.7,14.8,0.62,1.49,44842,14.4,0.3984,23.46,3.2573,5.34,50.51,1.54,89.4,25.09
39067,OH,HARRISON,"Harrison County, Ohio",1251315.27,411464.70,15521,0.979,11.9,20.1,2.03,0.84,44000,9.7,0.4171,14.85,2.701,4.14,57.81,0.44,89.7,24.87
39069,OH,HENRY,"Henry County, Ohio",988344.52,491701.69,27890,0.9717,13.3,17.6,0.51,7.3,54941,16,0.3865,25.09,3.2537,6.28,65.56,1.43,93.6,28.77
39071,OH,HIGHLAND,"Highland County, Ohio",1058141.70,257946.88,43109,0.9717,13.5,17.1,1.19,0.89,40593,12,0.4452,19.15,3.4043,3.83,56.62,0.8,88.7,21.2
39073,OH,HOCKING,"Hocking County, Ohio",1148290.20,305659.19,28690,0.9863,12.6,17.4,0.9,0.85,43382,14.1,0.4272,13.54,3.2692,4.41,58.19,1.02,89.3,30.76
39075,OH,HOLMES,"Holmes County, Ohio",1177076.90,430366.07,43702,1.0003,16.5,12.5,0.18,0.9,53619,7.7,0.4125,29.48,3.6872,4.94,37.75,0.66,59.3,17.02
39077,OH,HURON,"Huron County, Ohio",1112277.85,487122.58,58704,0.979,14,15.4,1.51,6.01,48838,13.5,0.4103,24.29,3.8312,5.7,56.33,2.72,90.7,30.71
39079,OH,JACKSON,"Jackson County, Ohio",1144069.27,250999.15,32717,0.9547,14,15.7,0.75,0.97,40330,16.9,0.4429,20.64,3.403,3.78,55.21,1.25,90.2,24.49
39081,OH,JEFFERSON,"Jefferson County, Ohio",1277162.04,425924.66,67607,0.9407,15,19.5,5.56,1.33,42327,15.4,0.448,10.57,4.158,4.38,59.24,1.28,91.9,31.42
39083,OH,KNOX,"Knox County, Ohio",1138777.24,406355.80,60878,0.9622,17.3,16.3,1.03,1.4,48619,21.9,0.4176,17.84,3.8006,4.83,61.36,1.34,89.1,29.93
39085,OH,LAKE,"Lake County, Ohio",1214826.08,564722.45,229266,0.9547,13.5,17.9,3.83,3.93,59958,27,0.4191,19.9,5.9561,4.81,64.18,5.42,93.3,41.93
39087,OH,LAWRENCE,"Lawrence County, Ohio",1157675.27,205244.33,61503,0.9642,13.4,17.4,2.25,0.88,44256,14.1,0.4521,13.72,3.9585,3.55,55.97,0.58,90.8,27.18
39089,OH,LICKING,"Licking County, Ohio",1138530.29,371557.96,169762,0.9619,14.6,15.1,3.4,1.66,57571,23.3,0.4275,11.71,4.5649,5.01,63.98,1.93,91.8,34.82
39091,OH,LOGAN,"Logan County, Ohio",1026844.37,389897.46,45388,0.9805,12.9,16.5,1.67,1.4,51136,15.6,0.4215,29.23,3.6435,4.48,62.62,1.34,89.4,22.55
39093,OH,LORAIN,"Lorain County, Ohio",1146701.99,508986.51,304091,0.9704,14.1,16.3,8.5,9.3,53459,23.5,0.4408,17.33,5.4767,4.83,59.88,2.9,93.1,50.05
39095,OH,LUCAS,"Lucas County, Ohio",1017950.60,527794.51,434800,0.9431,17.3,14.6,19.11,6.67,42917,25.1,0.4881,15.39,6.1995,5.58,59.16,3.51,91.5,59.42
39097,OH,MADISON,"Madison County, Ohio",1064672.54,338979.09,43537,1.2066,14.5,14.1,5.74,1.7,58326,16.4,0.4214,16.18,3.5858,5.09,50.4,1.53,91.6,29.12
39099,OH,MAHONING,"Mahoning County, Ohio",1264634.72,495357.01,233015,0.9492,14.5,19.1,15.49,5.34,41872,22.8,0.4649,14.12,5.3874,3.54,62.2,2.85,92.2,51.7
39101,OH,MARION,"Marion County, Ohio",1074317.34,418654.39,65620,1.1433,15.2,16,5.74,2.45,43557,12.3,0.4252,25.06,4.1392,5.44,50.78,1.39,91.7,31.85
39103,OH,MEDINA,"Medina County, Ohio",1170320.65,492349.21,175543,0.9778,12.6,15.6,1.49,1.87,69319,31.5,0.4084,16.13,5.0804,4.79,68.04,2.77,94.1,36.99
39105,OH,MEIGS,"Meigs County, Ohio",1193601.38,265278.41,23345,0.9651,12.9,17.7,1.23,0.56,39640,13.4,0.4457,11.13,3.0425,4.17,54.77,0.29,89.1,23.62
39107,OH,MERCER,"Mercer County, Ohio",952699.54,397729.58,40886,1.0113,13.5,16.7,0.49,1.76,55220,16.8,0.4036,35.67,3.5304,3.85,71.42,0.9,94.4,16.2
39109,OH,MIAMI,"Miami County, Ohio",992823.33,347742.46,103864,0.9734,13.4,17.2,1.98,1.52,53432,21.1,0.4128,26.86,4.5914,4.81,66.11,1.67,92.1,26.14
39111,OH,MONROE,"Monroe County, Ohio",1261920.97,348881.36,14442,0.9997,11.4,22.1,0.3,0.5,41368,10.7,0.4267,8.55,2.5044,3.9,59.48,0.48,89.7,25.45
39113,OH,MONTGOMERY,"Montgomery County, Ohio",991749.37,313857.54,532761,0.9281,16.2,16.6,20.67,2.62,45394,26.1,0.4659,13.38,6.0996,4.79,62.48,4.32,90.9,49.62
39115,OH,MORGAN,"Morgan County, Ohio",1199075.32,327061.20,14857,0.9902,12.7,19.3,3.17,0.79,38941,12.2,0.442,16.62,2.6229,4.28,55.6,0.51,88.9,28.15
39117,OH,MORROW,"Morrow County, Ohio",1105793.15,415847.34,35032,1.0073,12.3,15.6,0.56,1.4,53032,13.5,0.3867,19.39,3.5057,5.07,62.81,0.35,91.1,23.94
39119,OH,MUSKINGUM,"Muskingum County, Ohio",1185670.74,364148.10,85991,0.9485,15.2,16.6,3.29,0.98,42464,15.1,0.4318,12.78,3.9111,4.9,56.09,1.22,91.2,31.62
39121,OH,NOBLE,"Noble County, Ohio",1229985.68,348263.76,14429,1.5729,12.6,23.5,5.51,0.79,41398,9.5,0.4143,14.29,2.6389,4.04,51.2,0.76,92.8,21.16
39123,OH,OTTAWA,"Ottawa County, Ohio",1061621.75,524389.03,40981,0.9721,11.1,22.1,1.15,4.81,54580,21.3,0.4266,17.63,4.1282,5.76,67.35,0.82,93,39.57
39125,OH,PAULDING,"Paulding County, Ohio",949057.59,462352.56,19057,0.9926,13.2,16.8,1.06,4.55,48003,13,0.4118,27.22,2.8718,5.02,62.38,1.44,92,24.36
39127,OH,PERRY,"Perry County, Ohio",1164932.59,335232.35,35947,0.9977,14,15,0.29,0.75,43674,12,0.4272,16.15,3.5269,4.19,55.1,0.61,90.3,28.8
39129,OH,PICKAWAY,"Pickaway County, Ohio",1100090.41,315280.76,56804,1.1249,15.5,14.5,3.21,1.33,58706,17.3,0.4043,10.16,3.7787,4.61,56.06,1.04,92.4,27.66
39131,OH,PIKE,"Pike County, Ohio",1105102.44,252109.36,28298,0.9888,13.3,16.2,0.7,0.94,41128,12.3,0.4538,16.52,3.2115,3.69,55.38,0.53,88.4,30.93
39133,OH,PORTAGE,"Portage County, Ohio",1227288.35,506741.81,161796,0.9587,22.4,14.5,4.04,1.6,52427,27.3,0.4411,18.8,4.8533,4.95,58.39,3.99,92.5,44.77
39135,OH,PREBLE,"Preble County, Ohio",961807.91,308730.14,41561,0.9822,13.1,17.2,0.49,0.73,51356,13.5,0.4009,22.52,3.633,3.86,64.43,1.1,91.2,21.88
39137,OH,PUTNAM,"Putnam County, Ohio",987449.82,456417.46,34116,0.9961,13.4,15.6,0.3,5.9,60245,19.4,0.3861,28.22,3.3068,4.71,74.04,0.84,96,16.34
39139,OH,RICHLAND,"Richland County, Ohio",1123270.29,446649.19,121888,1.029,14.6,18,7.54,1.7,42849,16.4,0.4298,19.58,4.5541,4.6,57.93,1.51,90,30.54
39141,OH,ROSS,"Ross County, Ohio",1101966.34,281119.04,77193,1.1038,14,15.2,4.39,1.15,44587,15.3,0.4469,17.66,3.7669,4.52,50.33,0.86,91.1,35.7
39143,OH,SANDUSKY,"Sandusky County, Ohio",1063930.04,504164.25,59870,0.9751,13.4,17.1,3.18,9.54,49032,14.8,0.4095,29.36,4.0359,6.41,60.99,1.53,93.1,37.83
39145,OH,SCIOTO,"Scioto County, Ohio",1115560.63,222618.80,77366,0.9784,15.7,16.6,2.79,1.25,37936,15,0.4711,9.67,3.8908,3.58,51.01,1.02,90.1,30.77
39147,OH,SENECA,"Seneca County, Ohio",1068961.56,478584.35,55711,1.0002,16.6,16.2,2.43,4.82,48415,14.7,0.4198,27.92,3.6645,7.33,55.56,1.31,93.2,33.31
39149,OH,SHELBY,"Shelby County, Ohio",990982.81,378910.67,48949,1.0169,13.6,14.6,2.96,1.48,56169,17.1,0.417,33.65,3.8364,3.82,65.45,1.68,94.3,18.58
39151,OH,STARK,"Stark County, Ohio",1219515.99,465443.56,374762,0.9434,14.7,17.7,7.26,1.85,48714,22.6,0.4435,17.26,5.5275,4.97,59.95,2.06,92.6,40.92
39153,OH,SUMMIT,"Summit County, Ohio",1200457.16,497843.65,541372,0.941,15.6,16.2,14.36,1.88,51562,30.7,0.4703,15.4,6.2272,4.53,60.86,4.84,92.1,54.51
39155,OH,TRUMBULL,"Trumbull County, Ohio",1260480.76,528983.37,204908,0.9508,13.6,19.4,8.34,1.62,43811,18,0.442,19.95,4.8517,4.16,59.32,1.42,89.9,46.74
39157,OH,TUSCARAWAS,"Tuscarawas County, Ohio",1216949.75,422763.01,92579,0.9676,13.5,17.8,0.8,2.35,46992,15,0.4232,25.13,4.143,5.29,57.92,1.65,89,31.17
39159,OH,UNION,"Union County, Ohio",1061072.28,384323.42,53955,0.9172,13.7,11.2,2.38,1.52,71282,29.1,0.4075,18.47,3.8764,5.89,68.24,3.3,93.6,29.9
39161,OH,VAN WERT,"Van Wert County, Ohio",952073.23,433253.30,28501,0.9609,12.9,18,1.17,2.89,50547,17.2,0.4158,32.55,3.292,4.39,63.32,0.92,91.8,20.48
39163,OH,VINTON,"Vinton County, Ohio",1151699.11,278279.81,13128,1.0163,13.6,15.4,0.22,0.21,41080,9.6,0.4032,19.74,2.509,4.87,54.43,0.17,90,25.81
39165,OH,WARREN,"Warren County, Ohio",1006742.98,278794.78,222184,1.0095,12.8,12.9,3.57,2.53,76200,41,0.4281,17.01,5.3648,5.03,71.23,6.07,94.9,30.29
39167,OH,WASHINGTON,"Washington County, Ohio",1231926.04,313356.12,61154,0.9764,14.5,19.2,1.12,1.01,44763,18.4,0.4528,15.43,3.6207,4.36,60.92,1.43,91.4,28.12
39169,OH,WAYNE,"Wayne County, Ohio",1176072.02,460516.88,115747,0.9824,15.8,16.1,1.56,1.8,51363,21.5,0.4131,22.54,4.3887,5.12,57.2,2.07,87,31.78
39171,OH,WILLIAMS,"Williams County, Ohio",942450.41,511579.81,37270,0.979,13.7,17.5,1.11,4.04,45044,14.2,0.4054,34.49,3.5317,5.84,60.23,1.33,93.4,26.74
39173,OH,WOOD,"Wood County, Ohio",1024601.27,499494.90,129418,0.9677,23.9,13.9,2.81,5.22,55985,31.7,0.452,16.61,4.394,7.03,62.69,3.15,94.3,45.67
39175,OH,WYANDOT,"Wyandot County, Ohio",1058575.23,445361.11,22359,0.9841,12.7,17.9,0.42,2.59,50723,14.6,0.4032,29.55,3.0549,5.75,62.01,1.54,92.6,25.19
40001,OK,ADAIR,"Adair County, Oklahoma",120017.94,-180228.02,22161,0.985,14.7,14.3,0.36,6.15,33184,13.4,0.4557,21.35,2.7027,5.28,40.15,2.21,73.5,22.4
40003,OK,ALFALFA,"Alfalfa County, Oklahoma",-205601.93,-83676.81,5784,1.5028,11.8,18.5,2.16,5,52226,20.9,0.5042,2.25,0.9468,4.83,48.5,2.68,87.6,10.05
40005,OK,ATOKA,"Atoka County, Oklahoma",-3471.86,-350038.17,13847,1.1041,14.1,17.3,3.88,3.4,36528,14.7,0.4796,7.42,1.7012,2.77,47,1.44,79.3,16.29
40007,OK,BEAVER,"Beaver County, Oklahoma",-395848.21,-74747.33,5479,0.9766,12.7,17.3,0.16,21.74,52908,21.5,0.4341,8.35,0.1534,3.3,54.95,9.82,85.9,8.11
40009,OK,BECKHAM,"Beckham County, Oklahoma",-332042.06,-243480.73,23290,1.1267,17,12.9,3.48,13.8,48851,18.3,0.4904,4.25,2.2997,3.76,43.41,3.05,85,13.21
40011,OK,BLAINE,"Blaine County, Oklahoma",-217742.74,-179266.83,9777,1.2125,12.4,18.1,5.22,9.59,44216,17,0.432,7.21,1.4026,5.22,49.93,4.94,88.2,19.78
40013,OK,BRYAN,"Bryan County, Oklahoma",-23837.90,-395984.54,44529,0.9455,17.6,16.9,1.89,5.53,39936,22.1,0.4514,10.85,2.9449,3.88,40.51,2.11,82.5,21.11
40015,OK,CADDO,"Caddo County, Oklahoma",-214469.80,-257828.83,29510,1.0898,15.2,15.4,2.54,11.69,40199,16.1,0.4572,6.82,2.1876,4.77,42.46,3.84,77.1,27.18
40017,OK,CANADIAN,"Canadian County, Oklahoma",-178154.95,-217418.97,129571,0.9842,14.6,12,2.32,7.91,66664,25.8,0.3926,8.08,4.0217,6.55,58.04,4.75,89.9,22.6
40019,OK,CARTER,"Carter County, Oklahoma",-117505.36,-362975.85,48530,0.9349,14.3,15.7,6.71,6.55,46913,19.5,0.4641,13.92,3.1263,4.21,51.19,2.86,85.4,22.54
40021,OK,CHEROKEE,"Cherokee County, Oklahoma",89479.00,-178057.69,48267,0.9786,20.9,15.1,1.34,6.71,38585,24.1,0.4551,6.84,3.2136,6.31,44.37,2.87,76.3,35.31
40023,OK,CHOCTAW,"Choctaw County, Oklahoma",41049.77,-388723.84,15051,0.9361,13,19.5,11.28,3.8,30870,13,0.4982,6.88,2.0207,2.82,47.56,1.06,73.9,20.24
40025,OK,CIMARRON,"Cimarron County, Oklahoma",-576089.07,-64461.67,2269,0.9886,11.8,23,0.26,20.98,44550,19.8,0.4313,5.48,-0.7393,4.17,62.24,9.7,83.9,6.87
40027,OK,CLEVELAND,"Cleveland County, Oklahoma",-119727.00,-256441.44,271818,0.9984,22.4,11.9,4.52,7.97,58488,31.8,0.4298,6.75,5.2719,7.39,51.89,6.09,89.4,38.31
40029,OK,COAL,"Coal County, Oklahoma",-27107.85,-326010.79,5755,0.9581,13.1,20.3,0.42,3.96,39231,17,0.5067,5.93,1.4587,3.75,55.14,0.87,75.3,17.8
40031,OK,COMANCHE,"Comanche County, Oklahoma",-224688.64,-314860.95,124583,1.0801,22.1,11.1,17.26,12.43,47238,20.7,0.4431,8.7,3.8063,5.89,34.53,5.35,85,37.4
40033,OK,COTTON,"Cotton County, Oklahoma",-216689.60,-356674.28,6062,0.972,12,18.1,2.03,7.08,48732,16.4,0.4146,8.64,1.3082,4.77,56.11,0.23,82.8,17.11
40035,OK,CRAIG,"Craig County, Oklahoma",70005.43,-82454.63,14683,1.0424,13.7,19.1,3.12,3.27,40036,14.3,0.4241,7.46,2.0077,4.32,50.64,1.84,82.3,22.62
40037,OK,CREEK,"Creek County, Oklahoma",-33186.08,-178896.60,70931,0.9791,13.8,16.8,2.16,3.71,46517,15.6,0.4422,15.89,3.3612,4.9,53.62,1.9,85.4,21.31
40039,OK,CUSTER,"Custer County, Oklahoma",-269382.52,-204218.48,29248,0.9963,24.7,13.2,3.09,16.71,47250,27.8,0.4429,6.64,2.4354,5.8,47.74,6.9,84.1,21.19
40041,OK,DELAWARE,"Delaware County, Oklahoma",106394.66,-121683.77,41433,0.9798,12.3,22.8,0.32,3.52,38438,16.7,0.4587,13.73,3.076,3.68,48.07,2.23,81.4,21.87
40043,OK,DEWEY,"Dewey County, Oklahoma",-268722.56,-165166.26,4862,1.025,13.2,19.1,0.16,6.36,51654,22,0.445,3.17,0.6303,2.71,62.4,2.2,85.6,10.15
40045,OK,ELLIS,"Ellis County, Oklahoma",-334365.70,-137032.46,4123,0.9439,11.4,20.3,0,7.35,52222,21.9,0.4844,3.56,0.2567,3.34,58.23,2.21,88.7,8.78
40047,OK,GARFIELD,"Garfield County, Oklahoma",-158461.58,-124113.44,62481,0.981,16.2,15.4,3.08,11.29,49675,21.4,0.4227,8.57,3.1264,6.01,46.7,7.43,86.8,21.55
40049,OK,GARVIN,"Garvin County, Oklahoma",-118972.12,-312209.95,27570,0.9837,13.8,17.2,2.55,7.68,41250,15.4,0.4717,11.72,2.5856,4.15,51,3.07,83.8,18.35
40051,OK,GRADY,"Grady County, Oklahoma",-170494.14,-276441.04,53955,0.9909,14.3,14.8,2.17,5.37,54043,17.8,0.4373,9.17,2.9407,4.88,54.78,1.93,86.1,18.31
40053,OK,GRANT,"Grant County, Oklahoma",-157886.41,-77390.16,4497,1.0248,11.2,21.3,1.36,4.49,54040,24.3,0.4008,5.81,0.5509,3.91,63.81,1.42,91.7,13.62
40055,OK,GREER,"Greer County, Oklahoma",-322503.87,-281140.94,6081,1.3988,14.5,18.6,7.73,10.75,36891,14.4,0.4724,2.79,1.3009,4.8,38.59,0.51,83.6,17.89
40057,OK,HARMON,"Harmon County, Oklahoma",-349208.59,-301562.35,2813,0.9838,12.9,19.2,7.36,27.3,35676,21.5,0.4619,7.12,0.704,3.79,45.94,6.15,84.7,23.94
40059,OK,HARPER,"Harper County, Oklahoma",-324138.93,-73452.20,3785,0.9755,12.7,17.6,0.11,21.11,48173,24.1,0.4308,3.46,0.3411,3.14,53.45,16.12,85.2,9.23
40061,OK,HASKELL,"Haskell County, Oklahoma",79721.12,-254453.36,12835,0.9908,13.4,19.7,0.8,3.9,36067,12.1,0.4248,7.14,2.1513,3.27,48.7,1.53,78.2,19.25
40063,OK,HUGHES,"Hughes County, Oklahoma",-22644.86,-274568.04,13727,1.1587,15.7,19.2,5.82,4.75,35257,10.9,0.4496,5.12,1.8851,3.91,41.84,1,79.5,22.1
40065,OK,JACKSON,"Jackson County, Oklahoma",-310706.94,-320495.07,25864,0.99,18.3,13.8,7.53,22.88,44331,20.6,0.4494,8.49,2.521,4.66,40.62,6.87,85.5,19.79
40067,OK,JEFFERSON,"Jefferson County, Oklahoma",-168085.22,-377779.33,6280,1.0167,13.2,19.4,1.26,9.52,35063,13.3,0.4532,6.05,1.1617,3.19,48.98,2.93,79.2,16.04
40069,OK,JOHNSTON,"Johnston County, Oklahoma",-60329.41,-356227.21,11027,0.9674,14.7,17.9,1.92,4.71,38155,15.8,0.4458,13.37,1.8904,3.46,47.76,0.83,79.2,20.26
40071,OK,KAY,"Kay County, Oklahoma",-101106.63,-75813.15,45398,0.9841,14.6,18.1,1.91,7.28,42831,19.5,0.4419,14.21,2.9475,5.31,49.42,2.75,84.1,23.49
40073,OK,KINGFISHER,"Kingfisher County, Oklahoma",-173618.09,-172399.75,15392,0.999,13.7,15.2,0.88,14.88,62912,22,0.4293,8.88,1.8896,3.08,54.49,7.69,87.3,13.23
40075,OK,KIOWA,"Kiowa County, Oklahoma",-270065.29,-285114.47,9239,0.9963,12.6,19.3,3.8,10.82,38853,17.6,0.4774,10.02,1.2568,3.72,49.42,1.75,83,22.81
40077,OK,LATIMER,"Latimer County, Oklahoma",67952.33,-293583.83,10643,1.0272,16.4,19.4,1.2,3.28,39701,15.9,0.4778,6.99,1.7389,3.92,49.17,1.27,79.5,20.45
40079,OK,LE FLORE,"Le Flore County, Oklahoma",117498.49,-290391.19,49885,1.0048,14.6,16.8,2.39,6.78,37548,14.5,0.4571,11.25,2.4948,3.54,45.42,3.54,78.8,19.56
40081,OK,LINCOLN,"Lincoln County, Oklahoma",-79008.13,-200956.18,34640,0.9856,12.9,17.1,1.79,3.06,46592,14.3,0.4476,10.05,2.6422,5.28,53.7,0.8,85,18.29
40083,OK,LOGAN,"Logan County, Oklahoma",-129064.31,-176112.64,45171,0.9807,14.9,15,8.92,5.56,55698,26.6,0.4652,7.35,3.1547,5.79,55.07,2.55,86.4,23.76
40085,OK,LOVE,"Love County, Oklahoma",-114145.16,-396657.10,9768,0.9781,14.1,17.8,1.72,14.35,46646,13.4,0.3776,12.41,1.993,3.48,51.93,4.79,86.7,20.1
40087,OK,MCCLAIN,"McClain County, Oklahoma",-130683.84,-277950.58,37222,0.9949,13.3,14.6,0.96,7.64,58673,22.9,0.4104,7.01,3.2261,4.72,61.04,2.71,86.7,18.02
40089,OK,MCCURTAIN,"McCurtain County, Oklahoma",112505.55,-378226.41,33071,0.9677,14.2,16.8,8.19,5.54,33439,13.8,0.4598,18.27,1.9315,2.5,43.53,2.35,78.4,17.23
40091,OK,MCINTOSH,"McIntosh County, Oklahoma",29993.36,-238117.47,20161,0.9744,11.4,24.7,3.35,2.52,36878,13.8,0.4457,10.13,2.5326,4.21,49.62,0.81,82.4,27.83
40093,OK,MAJOR,"Major County, Oklahoma",-225599.88,-130115.24,7721,1.0003,11.5,19.1,0.49,9.09,51602,16.9,0.4545,10.49,1.1383,4.37,59.31,4.13,87.6,9.52
40095,OK,MARSHALL,"Marshall County, Oklahoma",-70499.36,-388797.04,16079,0.9954,13.1,21,1.44,16.46,42886,13.6,0.4325,19.81,2.8167,3.46,44.77,6.38,82.9,20.67
40097,OK,MAYES,"Mayes County, Oklahoma",68437.54,-133977.08,40923,0.9923,14,17,0.46,3.18,43302,15.3,0.4295,18.14,3.1826,4.7,50.87,1.04,82.7,22.85
40099,OK,MURRAY,"Murray County, Oklahoma",-97315.92,-337341.04,13792,0.9728,13.1,18.8,1.74,5.76,51752,20.2,0.4115,8.54,2.5484,4.81,52.26,2.72,82.5,20.66
40101,OK,MUSKOGEE,"Muskogee County, Oklahoma",55733.61,-210854.75,69939,0.9566,15.5,15.8,11.07,5.73,41117,19.2,0.4625,13.01,3.5061,4.94,45.86,2.72,80.3,34.65
40103,OK,NOBLE,"Noble County, Oklahoma",-109370.71,-123831.17,11470,0.9749,13.2,17.6,1.18,3.3,49367,22.7,0.4558,21.24,1.8002,5.37,56.11,0.58,89.8,19.52
40105,OK,NOWATA,"Nowata County, Oklahoma",33820.78,-78553.95,10510,0.9715,13.9,18.6,2.2,2.85,40302,12.6,0.4356,16.91,1.9702,4.11,52.49,1.21,82.3,18.26
40107,OK,OKFUSKEE,"Okfuskee County, Oklahoma",-29028.92,-227847.06,12212,1.1538,14.1,17,8,3.83,36044,12.1,0.4581,8.3,2.0311,5.07,42.32,1.53,78.4,25.19
40109,OK,OKLAHOMA,"Oklahoma County, Oklahoma",-126457.93,-217327.56,764698,0.9579,17.7,12.5,14.95,16.37,48987,30.8,0.4862,6.93,6.032,7.14,48.15,10.67,83.5,44.35
40111,OK,OKMULGEE,"Okmulgee County, Oklahoma",3201.79,-207624.55,39322,0.9785,15.6,17,8.45,3.67,38712,15.6,0.4449,13.55,3.0806,4.44,46.8,1,82.8,32.9
40113,OK,OSAGE,"Osage County, Oklahoma",-35285.33,-97534.95,47923,1.0058,13.1,18.4,11.32,3.28,46342,16.9,0.4394,12.86,2.1085,4.18,51.33,1.49,86.2,30.8
40115,OK,OTTAWA,"Ottawa County, Oklahoma",105100.54,-73808.12,32022,0.9643,15.7,17.8,0.9,5.24,37139,13.9,0.437,12.62,3.268,4.44,44.39,2.1,82.2,25.3
40117,OK,PAWNEE,"Pawnee County, Oklahoma",-62188.76,-132324.71,16444,0.9976,12.8,18,1.1,2.72,45902,16.5,0.4275,13.34,2.4137,4.57,50.99,1.22,83.7,22.13
40119,OK,PAYNE,"Payne County, Oklahoma",-87084.76,-158935.17,79953,1.0458,35.1,11.2,3.69,4.47,38085,37.1,0.5315,6.55,3.8085,8.36,43.08,6.48,87.3,34.55
40121,OK,PITTSBURG,"Pittsburg County, Oklahoma",22785.00,-288487.23,44643,1.0338,14.7,18.2,3.38,4.61,43601,16.1,0.4454,10.41,2.5805,4.67,49.79,2.04,82.1,22.54
40123,OK,PONTOTOC,"Pontotoc County, Oklahoma",-62172.84,-310196.46,38213,0.9547,19.2,15.7,2.11,4.88,44041,27,0.4392,7.52,3.0194,5.14,50.93,2.59,81.9,25.85
40125,OK,POTTAWATOMIE,"Pottawatomie County, Oklahoma",-85614.59,-256455.18,71551,0.9096,16.3,15.6,3.07,4.75,44351,17.7,0.4371,9.73,3.5574,6.24,47.05,1.69,83.9,25.21
40127,OK,PUSHMATAHA,"Pushmataha County, Oklahoma",56907.07,-345099.60,11149,0.9604,12.2,21.9,0.99,3.2,33784,14.4,0.5091,4.63,1.1262,3.44,51.55,1.25,80,17.28
40129,OK,ROGER MILLS,"Roger Mills County, Oklahoma",-331460.45,-196511.42,3732,0.955,12.2,18.4,0.11,6.48,48462,21.2,0.4839,2.07,0.2333,3.47,63.61,1.02,88.6,8.89
40131,OK,ROGERS,"Rogers County, Oklahoma",35171.29,-126380.37,89970,0.9918,14.8,15.4,1,4.2,59828,23.2,0.4283,15.27,3.9399,5.01,60.24,2.32,87.9,20.36
40133,OK,SEMINOLE,"Seminole County, Oklahoma",-55598.79,-261090.21,25403,0.953,14.4,17.2,4.85,4.54,36870,13.9,0.4639,12.58,2.7408,4.39,42.41,1.36,78.7,26.95
40135,OK,SEQUOYAH,"Sequoyah County, Oklahoma",111955.48,-223811.22,41344,0.9793,14.2,16.9,2,3.75,36301,14.1,0.4431,12.11,3.1659,3.38,45.89,1.64,77.8,21.94
40137,OK,STEPHENS,"Stephens County, Oklahoma",-168701.04,-335882.54,44631,0.9461,13.7,17.9,2.1,7,43493,18,0.4682,9.5,2.9858,3.55,52.65,2.62,84.9,17.87
40139,OK,TEXAS,"Texas County, Oklahoma",-485368.12,-70235.67,21499,1.1202,19.1,10.7,3.16,45.04,51503,20.1,0.4089,27.53,1.4028,5.21,37.13,23.63,83.7,15.66
40141,OK,TILLMAN,"Tillman County, Oklahoma",-266794.01,-346032.58,7611,1.052,12.8,18.2,8.57,25.34,37880,16.1,0.4497,11.39,1.2159,3.88,47.09,5.48,83.4,25.26
40143,OK,TULSA,"Tulsa County, Oklahoma",5220.73,-154510.24,629823,0.9518,16.7,13,9.94,11.82,50654,30.7,0.4828,11.52,6.0554,6.05,52.65,8.42,84.3,37.85
40145,OK,WAGONER,"Wagoner County, Oklahoma",42804.87,-172298.35,76190,0.9787,13.5,14.8,3.55,5.47,57590,21.8,0.4024,13.7,3.9586,5.02,55.07,3.35,86.8,22.62
40147,OK,WASHINGTON,"Washington County, Oklahoma",8462.84,-87968.92,51892,0.9415,14.4,18.4,2.48,5.65,50038,26.3,0.4661,12.56,3.8759,6.08,55.84,4.14,84.9,24.18
40149,OK,WASHITA,"Washita County, Oklahoma",-269777.17,-243234.87,11626,0.9945,13.6,16.5,0.08,9.47,48715,21.4,0.4412,6.04,1.4984,4.08,53.76,2.69,89,13.24
40151,OK,WOODS,"Woods County, Oklahoma",-253299.91,-78336.81,9125,1.1711,24.5,16.3,2.71,6.33,57079,26.7,0.4497,2.86,1.0075,5.43,50.69,2.55,88,15.05
40153,OK,WOODWARD,"Woodward County, Oklahoma",-290020.32,-115751.79,21111,1.12,16.6,13.9,0.72,11.88,58569,20.9,0.4485,5.07,1.8811,4.94,48.1,4.11,90.7,12.09
41001,OR,BAKER,"Baker County, Oregon",-1699424.91,1001202.10,16030,1.0283,11.9,25,0.41,3.84,41722,23,0.4462,9.56,0.7018,8.7,68.12,1.91,89.4,22.42
41003,OR,BENTON,"Benton County, Oregon",-2146135.65,1094210.91,87455,1.0162,30.1,14.3,0.98,6.98,52015,53.7,0.4818,8.19,3.9122,12.54,67.08,9.51,92.2,68.47
41005,OR,CLACKAMAS,"Clackamas County, Oregon",-2032910.07,1142085.89,394967,0.9693,13.8,16.1,0.91,8.23,68915,34.1,0.4443,12.21,4.4008,11,69.74,8.05,91.9,53.6
41007,OR,CLATSOP,"Clatsop County, Oregon",-2115376.57,1259499.14,37660,0.9909,14.6,19.2,0.77,8.16,47492,24.1,0.4284,8.1,2.8654,11.56,65.02,4.88,88.8,53.2
41009,OR,COLUMBIA,"Columbia County, Oregon",-2074745.32,1241525.96,49645,1.0069,12.1,16.9,0.61,4.63,55146,19.2,0.4377,16.75,3.3718,12.15,68.92,3.11,90.4,43.48
41011,OR,COOS,"Coos County, Oregon",-2236782.56,967925.80,62944,0.9639,12.7,24,1.31,6.21,39110,18.4,0.4798,8.73,2.7231,9.58,61.04,3.75,87.5,36.9
41013,OR,CROOK,"Crook County, Oregon",-1921145.61,990906.26,21334,0.9639,10.7,24.2,0.46,7.44,39583,16.1,0.4146,12.86,1.0171,8.41,70.96,1.86,89.5,23.65
41015,OR,CURRY,"Curry County, Oregon",-2267664.72,893602.15,22364,0.9534,9.6,31.6,0.39,6.51,38661,23.6,0.4314,4.8,1.6682,8.71,66.65,3.53,90,37.35
41017,OR,DESCHUTES,"Deschutes County, Oregon",-1994909.62,984403.38,170813,0.9737,12.9,18.2,0.48,7.63,54211,33.3,0.4616,8.08,3.0845,10.57,73.5,4.14,86.9,48.16
41019,OR,DOUGLAS,"Douglas County, Oregon",-2164134.73,958521.93,107375,0.9757,12.6,23.7,0.35,5.26,42052,16.3,0.4417,11.49,2.1081,9.05,62,2.74,90.3,28.96
41021,OR,GILLIAM,"Gilliam County, Oregon",-1875279.95,1121109.93,1913,1.0265,8.4,23.7,0.31,9.72,40556,17.1,0.4412,2.93,-0.4892,10.7,69.9,2.61,85.1,26.26
41023,OR,GRANT,"Grant County, Oregon",-1807629.11,1002102.66,7227,0.997,10.2,26.7,0.42,3.5,40193,21.7,0.4363,5.34,-0.4841,9.01,73.77,2.35,89.5,18.71
41025,OR,HARNEY,"Harney County, Oregon",-1842692.29,846350.59,7214,1.0213,12.6,22.1,0.64,4.93,38431,17.3,0.4371,1.5,-1.2916,9.54,69.73,2.19,91.1,19
41027,OR,HOOD RIVER,"Hood River County, Oregon",-1980016.03,1165480.37,22842,1.013,14.4,14.5,0.57,30.85,56581,30.1,0.4369,9.17,2.8269,10.34,63.43,15.07,86.9,66.55
41029,OR,JACKSON,"Jackson County, Oregon",-2156620.96,857667.02,210916,0.9511,14.4,20.2,0.68,11.88,46343,26.1,0.4587,9.33,3.3762,10.07,65.61,5.92,88.5,45.21
41031,OR,JEFFERSON,"Jefferson County, Oregon",-1970171.53,1060230.68,22305,1.058,14.3,17.6,1.1,19.82,47063,16.1,0.4159,14.04,1.5753,10.53,55.95,7.17,84,35.21
41033,OR,JOSEPHINE,"Josephine County, Oregon",-2223581.07,869589.61,84063,0.9585,11.8,24.6,0.37,6.96,37867,17.3,0.4789,10.86,2.986,9.39,66.01,3.67,89.1,33.32
41035,OR,KLAMATH,"Klamath County, Oregon",-2064166.16,860814.40,65946,1.0019,15,19.3,0.62,11.86,41951,18.9,0.4415,11.39,1.455,9.38,59.08,5.11,88.4,26.08
41037,OR,LAKE,"Lake County, Oregon",-1961626.94,845601.62,7799,1.1646,11.7,23,0.56,7.59,33453,17.3,0.4263,6.15,-0.9943,6.84,61.83,3.55,89.1,17.45
41039,OR,LANE,"Lane County, Oregon",-2118893.78,1022070.81,360273,0.97,19.5,17.3,1.08,8.16,45222,28.7,0.4659,9.89,3.4188,11.49,65.86,5.89,89.5,60.48
41041,OR,LINCOLN,"Lincoln County, Oregon",-2174664.71,1120161.51,46685,0.9408,11.1,24.9,0.45,8.63,41303,23,0.4392,5.48,2.9116,10.75,65.34,5.79,85.8,55.46
41043,OR,LINN,"Linn County, Oregon",-2078086.58,1074066.05,119862,0.9773,14.7,17.2,0.49,8.39,46782,18.1,0.4281,14.74,3.0074,12.32,63.79,4.11,90.4,34.95
41045,OR,MALHEUR,"Malheur County, Oregon",-1733637.09,834766.60,30474,1.2025,16.6,15.9,1.14,32.86,34720,13.3,0.4598,10.55,0.1739,9.54,45.66,10.69,85.5,23.79
41047,OR,MARION,"Marion County, Oregon",-2069068.20,1119493.23,326527,0.9889,16.5,14.4,1.15,25.62,50775,22.4,0.4236,9.92,4.6709,11.45,56.25,12.98,88.1,47.69
41049,OR,MORROW,"Morrow County, Oregon",-1826639.39,1113257.58,11207,1.0391,13.9,13.9,0.13,34.67,54441,10,0.3657,16.85,0.7566,10.3,51.86,17.01,87.1,27.21
41051,OR,MULTNOMAH,"Multnomah County, Oregon",-2036585.98,1184643.30,778193,0.98,17.7,11.9,5.44,11.13,57449,42.7,0.4824,9.37,6.5467,9.67,63.87,13.93,89.6,81.15
41053,OR,POLK,"Polk County, Oregon",-2131852.19,1137818.25,78470,0.9421,18.3,16.7,0.79,13.04,54010,29.8,0.4153,9.34,3.7109,12.25,67.04,8.19,91.5,46.44
41055,OR,SHERMAN,"Sherman County, Oregon",-1910765.22,1133566.38,1705,1.0082,13.1,24.3,0.47,5.1,41389,17,0.53,2.76,-0.224,8.16,71.09,2.11,82.7,21.63
41057,OR,TILLAMOOK,"Tillamook County, Oregon",-2136604.62,1204195.57,25552,1.0242,11.8,22.9,0.34,10.07,43777,20.9,0.4372,11.38,2.1916,10.85,66.86,5.28,89.2,46.87
41059,OR,UMATILLA,"Umatilla County, Oregon",-1757816.01,1115937.56,76582,1.0836,16.3,14.1,0.69,25.59,49287,15.6,0.4252,10.82,2.2187,10.38,48.63,10.91,86.9,31.02
41061,OR,UNION,"Union County, Oregon",-1709701.84,1072254.09,25758,0.9735,17.1,18.4,0.75,4.39,45564,23.3,0.4684,9.24,1.5857,9.93,64.63,3.59,89.1,27.82
41063,OR,WALLOWA,"Wallowa County, Oregon",-1639795.69,1086832.25,6836,0.9537,8.5,26.8,0.39,2.55,42349,25.2,0.4279,6.52,-0.1755,9.21,78.17,1.49,91,28.15
41065,OR,WASCO,"Wasco County, Oregon",-1954049.41,1116928.09,25657,0.9939,14.1,19.6,0.65,16.72,46814,18.6,0.4083,6.28,1.4256,11.28,60.25,7.55,89.2,45.04
41067,OR,WASHINGTON,"Washington County, Oregon",-2087477.36,1200850.07,564088,0.9717,15.7,11.8,1.82,16.22,69743,41.2,0.427,17.42,5.7062,12.18,63.05,16.96,90.5,64.81
41069,OR,WHEELER,"Wheeler County, Oregon",-1879525.46,1047247.53,1369,0.9228,10.3,35.8,0,1.9,33400,17,0.4374,0.96,-1.1776,8.8,67.52,1.1,92.1,20.78
41071,OR,YAMHILL,"Yamhill County, Oregon",-2113543.58,1170589.48,102217,0.9967,16.5,15.6,0.93,15.43,54951,24.5,0.4457,16.15,4.0097,12.72,62.1,8.82,91,45.36
42001,PA,ADAMS,"Adams County, Pennsylvania",1581891.12,422618.79,101759,0.9749,15.1,18.3,1.44,6.6,61927,21.9,0.398,17.61,4.3274,3.89,58.85,3.98,92.6,31.15
42003,PA,ALLEGHENY,"Allegheny County, Pennsylvania",1340335.03,445935.33,1230360,0.9305,17.3,17.4,12.97,1.89,54357,39.1,0.4856,7.76,6.478,3.54,65.31,5.62,94,58.62
42005,PA,ARMSTRONG,"Armstrong County, Pennsylvania",1376473.42,491221.39,67512,0.9852,12.4,20.2,0.94,0.68,45879,15.5,0.4174,14.94,3.6866,3.02,58.25,0.64,92.8,23.41
42007,PA,BEAVER,"Beaver County, Pennsylvania",1305892.17,464383.41,169205,0.9409,13.5,19.7,6.07,1.42,51887,23.4,0.4277,12.48,5.0125,3.44,61.58,1.65,94,40.31
42009,PA,BEDFORD,"Bedford County, Pennsylvania",1473205.46,416996.86,48852,0.9986,11.9,20.5,0.54,1.12,46746,13.8,0.4157,14.45,2.9249,1.86,60.94,0.54,90.7,15.71
42011,PA,BERKS,"Berks County, Pennsylvania",1676340.15,504536.06,414097,0.9667,16.1,15.8,4.83,18.82,57068,23.6,0.4375,18.77,5.2295,4.37,57.34,7.05,91.5,44.81
42013,PA,BLAIR,"Blair County, Pennsylvania",1475173.89,471449.69,125917,0.9594,14.6,19.3,1.6,1.14,44033,19.5,0.4418,11.27,4.5268,3.31,54.99,1.15,92.8,26.29
42015,PA,BRADFORD,"Bradford County, Pennsylvania",1596537.30,644725.11,61808,0.9767,12.7,19.3,0.57,1.43,51035,17.7,0.4291,18.13,3.0349,4.66,53.46,1.34,91.1,25.99
42017,PA,BUCKS,"Bucks County, Pennsylvania",1745638.46,510589.89,626220,0.9621,13.4,16.7,3.87,4.85,79559,38.3,0.4437,11.83,5.9916,3.74,69.95,8.53,94.7,50.41
42019,PA,BUTLER,"Butler County, Pennsylvania",1337627.01,495780.77,185974,0.9775,14.3,17,1.1,1.31,63345,33.3,0.4382,13.63,4.5115,4.18,65.99,2.03,94.9,30.73
42021,PA,CAMBRIA,"Cambria County, Pennsylvania",1444699.72,467409.42,137762,0.971,14.6,20.4,3.33,1.53,42917,20.2,0.4446,9.35,4.3473,3.09,56.73,1.17,93.6,30.87
42023,PA,CAMERON,"Cameron County, Pennsylvania",1467227.59,578868.14,4807,1.024,11.1,23.8,0.6,0.81,40347,15.6,0.4468,40.06,1.5442,3.02,55.19,1.81,93.8,25.05
42025,PA,CARBON,"Carbon County, Pennsylvania",1682280.00,563316.30,64330,0.9864,12.2,19.5,1.8,4.07,50822,16,0.4099,15.27,4.1761,3.81,55.78,2.68,92,32.28
42027,PA,CENTRE,"Centre County, Pennsylvania",1509487.28,527998.47,159178,1.105,33.7,12.4,3.8,2.76,54407,42.4,0.471,7.22,4.0141,4.97,56.55,8.11,93.4,51.25
42029,PA,CHESTER,"Chester County, Pennsylvania",1701418.18,459127.73,512028,0.9692,14.8,14.6,5.84,7.06,88995,50.2,0.4574,11.64,5.5737,4.09,68.62,9.2,93.1,54.96
42031,PA,CLARION,"Clarion County, Pennsylvania",1372667.37,533768.93,38939,0.9512,20.1,17.8,1.19,0.77,42890,20.9,0.4326,12.86,3.2198,3.91,55.6,1.02,91,25.36
42033,PA,CLEARFIELD,"Clearfield County, Pennsylvania",1454134.29,526670.96,81170,1.0859,14,18.9,2.5,2.84,43361,13.2,0.4187,10.34,3.3098,3.32,52,2.97,91.5,24.75
42035,PA,CLINTON,"Clinton County, Pennsylvania",1517678.10,565484.35,39536,0.9618,21.5,17.2,1.63,1.36,47163,17.5,0.4117,15.81,2.8444,4.08,48.98,1.38,90.5,32.13
42037,PA,COLUMBIA,"Columbia County, Pennsylvania",1622399.70,565491.22,66772,0.928,21.7,17.3,1.84,2.52,46952,21.4,0.4554,16.15,3.9771,4.57,51.56,2.31,94,33.17
42039,PA,CRAWFORD,"Crawford County, Pennsylvania",1307289.20,578432.36,87027,0.9563,15,18.3,1.89,1.17,45637,20.6,0.4281,20.38,3.5023,4.09,54.88,1.19,88.4,30.51
42041,PA,CUMBERLAND,"Cumberland County, Pennsylvania",1571505.89,453930.94,243838,0.9767,16.7,17.1,3.55,3.4,62640,33.6,0.4256,8.36,5.1509,4.49,62.66,5.87,93.7,40.53
42043,PA,DAUPHIN,"Dauphin County, Pennsylvania",1606086.59,489684.07,271962,0.9391,15.4,15.3,18.33,8.24,54968,29.3,0.4448,8.03,5.2983,4.05,62.09,7.19,91.9,51.53
42045,PA,DELAWARE,"Delaware County, Pennsylvania",1731687.06,459287.63,562316,0.9248,16.8,15.1,21,3.47,66576,36.8,0.4778,7.54,7.0739,3.21,68.3,9.73,93,61.58
42047,PA,ELK,"Elk County, Pennsylvania",1431165.39,570823.46,31111,0.9981,11.7,20.5,0.5,0.72,47917,17.8,0.3999,39.14,2.6754,3.8,57.82,0.93,95.4,27.76
42049,PA,ERIE,"Erie County, Pennsylvania",1307514.03,613403.11,279133,0.9742,17.7,15.7,7.12,3.88,47094,27,0.4573,17.64,4.9042,4.45,56.81,4.52,93.1,49.17
42051,PA,FAYETTE,"Fayette County, Pennsylvania",1378521.06,390103.14,134229,0.9743,13.6,19.4,4.06,1.03,40511,14.7,0.4575,12.72,4.1832,2.29,49.82,0.91,92.4,34.16
42053,PA,FOREST,"Forest County, Pennsylvania",1381531.35,571804.91,7493,3.6483,22,21.5,31.64,7.54,36594,8.3,0.3857,7.75,1.9127,3.83,33.34,2.35,93.6,27.11
42055,PA,FRANKLIN,"Franklin County, Pennsylvania",1538825.73,420481.24,152707,0.9661,13.8,18.2,3.84,5.06,55751,20.1,0.4095,15.91,4.3353,3.58,59.23,3.25,88.6,25.98
42057,PA,FULTON,"Fulton County, Pennsylvania",1506303.74,413988.73,14653,1.0164,12.7,19.4,1.54,1.08,49420,13.4,0.395,21.73,2.5596,2.44,58.86,0.56,91.8,13.81
42059,PA,GREENE,"Greene County, Pennsylvania",1331680.14,374611.22,37669,1.0797,16.2,17.1,4.38,1.42,49116,17.3,0.4348,5.8,3.2289,2.75,51.73,0.81,93,29.23
42061,PA,HUNTINGDON,"Huntingdon County, Pennsylvania",1506882.05,470143.03,45844,1.1268,16.2,18.6,5.46,1.86,45250,14.7,0.4051,13.65,3.0075,3.42,53.07,1.04,92.4,23.85
42063,PA,INDIANA,"Indiana County, Pennsylvania",1410687.58,479073.51,87491,1.0084,22.6,17.1,2.44,1.26,45118,22.2,0.4574,9.37,3.7098,3.58,52.84,1.71,89,31.66
42065,PA,JEFFERSON,"Jefferson County, Pennsylvania",1408488.89,532853.93,44575,0.9865,13.7,19.5,0.64,0.81,43913,14.8,0.4153,16.81,3.2726,3.27,55.45,0.54,90.3,19.37
42067,PA,JUNIATA,"Juniata County, Pennsylvania",1552162.33,492044.85,24811,0.9929,12.8,19.8,0.94,3.09,49028,13.3,0.405,22.5,3.1978,3.44,54.44,2.13,86.5,18.04
42069,PA,LACKAWANNA,"Lackawanna County, Pennsylvania",1678058.11,621807.72,213006,0.9359,15.9,18.8,2.98,6.32,46673,26.1,0.4585,10.95,5.1889,2.99,60.79,5.11,93.3,51.79
42071,PA,LANCASTER,"Lancaster County, Pennsylvania",1658512.19,457911.04,533110,0.959,16,16.4,4.13,9.77,59237,25.7,0.4233,16.49,5.3848,5.02,59.59,4.57,87.7,39.78
42073,PA,LAWRENCE,"Lawrence County, Pennsylvania",1301462.23,498732.71,88528,0.9378,13.6,20,3.8,1.25,45764,20.3,0.4589,15.23,4.5584,3.23,57.83,1.32,92.9,35.52
42075,PA,LEBANON,"Lebanon County, Pennsylvania",1633695.38,489899.03,136950,0.9554,14,18.2,2.06,11.69,56191,19.9,0.403,15.29,4.9845,3.83,58.65,3.8,89.2,31.87
42077,PA,LEHIGH,"Lehigh County, Pennsylvania",1699094.36,531966.53,358792,0.9503,15.5,15.9,6.74,21.83,57685,28.9,0.4495,15.04,5.9948,3.71,58.2,10.59,91.1,52.46
42079,PA,LUZERNE,"Luzerne County, Pennsylvania",1653343.07,586726.87,318917,0.9712,15.4,18.9,4.01,9.34,46577,22.1,0.4543,12.94,4.9294,2.85,52.71,5.68,92.4,40
42081,PA,LYCOMING,"Lycoming County, Pennsylvania",1562026.91,586791.75,116313,0.9644,16.7,17.6,4.85,1.78,48731,20.6,0.4243,14.39,3.5988,3.79,54.75,1.59,92.9,26.76
42083,PA,MCKEAN,"McKean County, Pennsylvania",1429876.93,614115.03,42609,1.0699,14.8,18.1,2.59,2.08,44023,17,0.4493,20.49,2.8214,3.9,47.87,1.58,92.8,25.7
42085,PA,MERCER,"Mercer County, Pennsylvania",1302026.00,534115.11,114598,0.9716,14.9,19.8,5.72,1.32,45831,21.6,0.4348,16.16,4.1864,3.88,57.27,1.39,92.1,37.26
42087,PA,MIFFLIN,"Mifflin County, Pennsylvania",1532757.10,497268.49,46585,0.9645,12.7,20.2,0.65,1.36,42019,12.1,0.4074,22.65,3.7787,3.39,51.59,1.02,86.4,21.57
42089,PA,MONROE,"Monroe County, Pennsylvania",1709045.60,585205.49,167126,0.9756,16.6,14.9,13.95,14.64,58980,23.6,0.4076,8.85,4.6642,3.51,52.96,10.73,90.2,50.4
42091,PA,MONTGOMERY,"Montgomery County, Pennsylvania",1727243.38,492050.69,815876,0.9449,14.1,16.4,8.86,4.73,81902,47.5,0.4655,11.65,6.4803,3.65,68.31,10.35,94.9,61.14
42093,PA,MONTOUR,"Montour County, Pennsylvania",1602179.60,558925.31,18404,0.9235,13.2,20,1.81,2.4,55233,28.5,0.4666,10.9,3.9993,4.8,58.55,3.24,94,35.08
42095,PA,NORTHAMPTON,"Northampton County, Pennsylvania",1718998.69,552563.37,300520,0.9641,15.9,17.3,5.09,12.08,62753,27.9,0.4307,14.66,5.7491,3.84,60.15,7.26,93,48.02
42097,PA,NORTHUMBERLAND,"Northumberland County, Pennsylvania",1602012.73,538764.86,93590,1.0213,13.7,19.7,2.85,3.05,43701,15,0.4286,14.34,4.3682,3.84,48.79,1.34,91.6,27.79
42099,PA,PERRY,"Perry County, Pennsylvania",1566610.89,479771.37,45647,1.0151,13.4,15.9,0.89,1.68,58585,16.3,0.3811,7.76,3.4645,4.3,59.42,1.3,90,22.88
42101,PA,PHILADELPHIA,"Philadelphia County, Pennsylvania",1751391.35,474089.06,1559938,0.8976,21.5,12.5,42.86,13.77,39770,26.3,0.5116,6.62,8.4093,2.1,58.31,13.07,88,84.3
42103,PA,PIKE,"Pike County, Pennsylvania",1727210.47,620667.91,56210,0.9991,12.3,20.5,5.8,10.06,61199,25.3,0.4115,6.36,3.6845,3.02,57.9,8.31,91.6,36.57
42105,PA,POTTER,"Potter County, Pennsylvania",1485785.27,617517.05,17239,1.0174,12,21.8,0.54,1.2,40921,15,0.435,16.06,1.8173,2.97,57.3,1.14,90.1,17.24
42107,PA,SCHUYLKILL,"Schuylkill County, Pennsylvania",1645746.57,531184.61,145503,1.0434,13.1,19.2,2.78,3.59,46573,15.3,0.4194,18.89,4.2788,3.34,53.74,1.85,92.1,27.6
42109,PA,SNYDER,"Snyder County, Pennsylvania",1574251.24,523742.61,40246,0.9822,17.9,16.8,0.98,2.15,51110,16.7,0.4278,18.4,3.8557,3.89,51.93,1.36,86.2,25.45
42111,PA,SOMERSET,"Somerset County, Pennsylvania",1429102.14,405030.75,76201,1.0779,13.1,20.5,2.72,1.34,45424,15.5,0.4252,12.35,3.31,2.85,57.53,0.88,91.8,21.22
42113,PA,SULLIVAN,"Sullivan County, Pennsylvania",1604597.59,607253.72,6302,1.1014,14,26.9,2.48,1.73,44926,15.5,0.4139,15.91,1.6879,3.03,56.81,1.87,90.6,24.66
42115,PA,SUSQUEHANNA,"Susquehanna County, Pennsylvania",1653454.82,660525.45,41832,1.0139,12.4,20.1,0.56,1.7,50160,16.7,0.4262,13.52,2.9762,4.5,56.08,1.61,89.8,28.44
42117,PA,TIOGA,"Tioga County, Pennsylvania",1537158.28,630725.91,42031,0.9837,15.9,19.6,0.53,1.24,48449,20.5,0.4248,15.94,2.6612,4.42,54.57,1.17,90.5,22.27
42119,PA,UNION,"Union County, Pennsylvania",1570614.58,545069.76,45178,1.229,20.2,16.1,6.93,5.69,51349,22.1,0.4463,11.79,4.011,3.81,47.15,3.22,88.8,36.78
42121,PA,VENANGO,"Venango County, Pennsylvania",1341067.98,551960.02,53460,0.969,12.5,19.9,0.83,1.06,43885,16.5,0.4303,19.37,3.4214,4.36,54.87,0.75,91.7,28.25
42123,PA,WARREN,"Warren County, Pennsylvania",1372515.83,604463.70,40649,1.0038,12.3,20.7,0.5,1,44977,18.4,0.4337,21.27,2.8765,4.4,56.55,1.18,92.4,29.2
42125,PA,WASHINGTON,"Washington County, Pennsylvania",1323377.94,411327.98,208269,0.9594,14.1,18.9,2.87,1.5,57534,28.1,0.4503,10.93,4.5415,3.69,60.81,2,94.3,37.17
42127,PA,WAYNE,"Wayne County, Pennsylvania",1697715.73,650374.23,51307,1.1341,12.5,20.7,3.55,4.05,50595,20.5,0.4149,7.14,3.3069,3.19,56.81,2.93,92.3,30.14
42129,PA,WESTMORELAND,"Westmoreland County, Pennsylvania",1386007.78,435861.38,359377,0.9544,12.9,20.7,2.41,1.06,54142,26.9,0.4421,14.08,4.9055,3.22,62.46,1.54,94.7,33.87
42131,PA,WYOMING,"Wyoming County, Pennsylvania",1643113.96,623626.68,27975,1.0091,14.8,18.4,0.89,1.78,53397,18.6,0.4197,14.35,3.3027,3.77,59.03,1.28,92.5,30.13
42133,PA,YORK,"York County, Pennsylvania",1621649.30,436222.43,440604,0.9776,14.4,15.8,5.81,6.65,59853,23.1,0.4138,16.84,5.2372,4.34,60.32,3.6,92.8,34.77
44001,RI,BRISTOL,"Bristol County, Rhode Island",2018576.40,736478.17,49228,0.9319,16.5,18.8,1.4,2.54,73096,46.4,0.4841,9.9,6.6677,7.46,64.28,9.4,94.7,61.97
44003,RI,KENT,"Kent County, Rhode Island",1995193.61,725080.27,164886,0.9324,13.7,17.5,1.43,4.09,65592,31.8,0.4404,11.49,5.9342,7.23,61.74,6.09,94.3,49.64
44005,RI,NEWPORT,"Newport County, Rhode Island",2026986.32,720081.49,82714,0.9648,15.8,19.2,3.3,5.33,71347,45.5,0.4724,7.33,5.7422,7.59,60.81,7.3,92.7,60.25
44007,RI,PROVIDENCE,"Providence County, Rhode Island",1990538.83,746981.06,631344,0.9423,19.3,14.2,9.69,20.96,50637,27.3,0.4819,11.85,6.3889,5.91,49.88,18.45,90.4,61.13
44009,RI,WASHINGTON,"Washington County, Rhode Island",1998566.32,702527.25,126319,0.936,19,18,1.54,2.89,74302,44.6,0.4401,9.01,4.9981,8.13,64.07,4.33,94.9,55.34
45001,SC,ABBEVILLE,"Abbeville County, South Carolina",1233912.70,-278881.58,24951,0.9586,15,19.6,27.16,1.31,34652,13.7,0.4344,24,2.9776,2.52,54.94,0.99,88,35.62
45003,SC,AIKEN,"Aiken County, South Carolina",1319840.32,-342784.48,165146,0.9356,15,17.4,24.55,5.4,46454,25.3,0.4549,14.12,4.0865,4.5,58.18,4.27,86.8,35.61
45005,SC,ALLENDALE,"Allendale County, South Carolina",1354592.58,-400261.26,9589,1.1428,16,16.8,73.94,3.01,24817,9.8,0.4738,21.79,2.2052,1.89,46.77,1.15,83.2,77.61
45007,SC,ANDERSON,"Anderson County, South Carolina",1213052.79,-248368.60,192709,0.9278,14.3,17,16.3,3.4,43518,20,0.4504,21.23,4.6444,3.92,54.45,2.7,87.2,27.28
45009,SC,BAMBERG,"Bamberg County, South Carolina",1378534.61,-370895.56,15057,0.9316,18.6,18.3,62.56,1.11,32321,19.1,0.4772,23.24,2.6932,1.8,51.91,1.42,83.5,63.88
45011,SC,BARNWELL,"Barnwell County, South Carolina",1342801.16,-370693.68,21917,0.9093,14.5,15.9,45.12,2.24,34787,13.2,0.4863,20.04,2.7364,2.07,57.63,1.32,85.7,47.37
45013,SC,BEAUFORT,"Beaufort County, South Carolina",1422953.88,-457483.27,175316,0.971,15.7,24.2,18.39,11.28,59227,39.6,0.4711,4.26,4.7661,4.41,55.92,9.01,86,42.82
45015,SC,BERKELEY,"Berkeley County, South Carolina",1479683.67,-356193.35,199081,0.9903,17.6,12.2,24.33,6.09,54484,23,0.4244,12.64,4.2477,5.31,52.83,5.2,86.7,40.78
45017,SC,CALHOUN,"Calhoun County, South Carolina",1395404.56,-316156.53,14886,0.9181,12.5,20.4,41.91,3.5,42779,17,0.4651,15.89,2.7133,2.5,63.71,3,84.9,48.55
45019,SC,CHARLESTON,"Charleston County, South Carolina",1486187.00,-396168.02,380673,0.9388,19.2,14.5,28.23,5.01,54931,41.1,0.503,6.94,5.0764,6.58,58.05,4.87,86.7,54.21
45021,SC,CHEROKEE,"Cherokee County, South Carolina",1295834.23,-176371.20,56274,0.9486,16.1,15.1,20.02,4.03,35719,16,0.4969,24.62,4.0133,2.3,50.74,2.17,86.7,28.66
45023,SC,CHESTER,"Chester County, South Carolina",1343224.74,-209336.92,32435,0.9621,14,16.7,37.56,1.81,34319,14.4,0.488,21.02,3.0712,2.45,56.97,0.64,86.7,47.52
45025,SC,CHESTERFIELD,"Chesterfield County, South Carolina",1433967.30,-200485.84,46083,0.9584,14.4,15.8,32.26,4.09,35733,11.5,0.4639,28.36,3.1031,2.48,46.73,3.05,85.4,42.41
45027,SC,CLARENDON,"Clarendon County, South Carolina",1446766.96,-308740.28,34056,0.9674,15.7,19.8,48.73,2.94,34106,15,0.4802,13.87,3.0757,1.8,56.93,1.48,84.7,51.14
45029,SC,COLLETON,"Colleton County, South Carolina",1420277.26,-403898.91,37884,0.9241,13.9,18.7,38.16,2.96,33918,15.3,0.4725,7.44,2.6279,3.09,59.14,1.98,83.7,45.62
45031,SC,DARLINGTON,"Darlington County, South Carolina",1457757.87,-231327.73,67689,0.8941,14.9,16.5,40.73,1.84,34773,17.1,0.4786,16.7,3.841,2.69,57.01,1.79,85.3,48.09
45033,SC,DILLON,"Dillon County, South Carolina",1508682.38,-215777.22,31273,0.8748,15.2,15.1,46.76,2.66,30955,9.6,0.472,22.95,3.3954,1.94,50.48,2.94,83.4,50.86
45035,SC,DORCHESTER,"Dorchester County, South Carolina",1440331.95,-376181.61,148517,0.951,15.5,11.7,25.32,4.88,56345,26.4,0.4263,12.66,4.6055,5.63,56.62,4.72,88.4,40.74
45037,SC,EDGEFIELD,"Edgefield County, South Carolina",1285851.00,-322148.53,26388,1.1848,14.4,15.8,36.75,5.68,48114,18.6,0.445,17.69,3.0136,2.67,54.68,4.11,89,39.63
45039,SC,FAIRFIELD,"Fairfield County, South Carolina",1351842.83,-241599.71,23025,0.9154,13.4,17.9,56.64,1.94,33798,17.4,0.5109,18.34,2.5614,2.62,61.47,1.9,84.5,63.3
45041,SC,FLORENCE,"Florence County, South Carolina",1486588.69,-261312.22,138575,0.8751,15.6,15,42.17,2.41,42523,22.4,0.4762,13.51,4.2029,2.84,55.15,2.67,88.1,47.46
45043,SC,GEORGETOWN,"Georgetown County, South Carolina",1531514.15,-320381.90,60804,0.9078,11.7,24.2,31.89,3.04,45299,26.1,0.4881,11.65,3.3623,3.03,65.08,2.28,83.2,43.36
45045,SC,GREENVILLE,"Greenville County, South Carolina",1231171.10,-203404.33,482191,0.9432,16,14.3,18.31,8.69,51595,32.9,0.4715,17.28,5.4686,5.97,58.33,7.85,86.5,36.82
45047,SC,GREENWOOD,"Greenwood County, South Carolina",1265160.27,-282109.53,69881,0.87,16.3,16.9,31.23,5.78,37631,23.5,0.4828,22.43,4.0832,3.79,53.59,4.04,83.8,38.71
45049,SC,HAMPTON,"Hampton County, South Carolina",1378231.25,-420487.65,20296,1.0607,14.9,16,55.31,2.16,31734,11.1,0.4587,13.1,2.6388,1.68,55.91,1.86,87.8,59.71
45051,SC,HORRY,"Horry County, South Carolina",1552376.80,-261359.67,300418,0.9408,14.6,20.5,13.75,5.97,44746,22.6,0.4446,4.17,4.6278,3.18,54.76,6.29,83.1,30.62
45053,SC,JASPER,"Jasper County, South Carolina",1394230.50,-456326.77,27186,1.0745,17,15.4,44.09,13.43,38991,14.5,0.4266,5.15,2.7737,2.49,53.61,8.71,79.6,53.45
45055,SC,KERSHAW,"Kershaw County, South Carolina",1400671.39,-240142.90,63090,0.9387,13.4,16.5,24.47,4.11,46328,20.6,0.4393,12.88,3.5123,3.87,60.15,1.84,87.7,37.06
45057,SC,LANCASTER,"Lancaster County, South Carolina",1384080.83,-203427.52,83704,0.9549,13.2,18.7,22.41,4.94,46852,23.3,0.4562,16.7,4.075,3.61,59.79,3.69,87,36.8
45059,SC,LAURENS,"Laurens County, South Carolina",1270612.71,-244035.59,66442,0.9378,15.7,16.7,25,4.32,39848,14.2,0.4424,25.15,3.5818,3.24,51.53,2.65,86.7,34.58
45061,SC,LEE,"Lee County, South Carolina",1434167.66,-254478.36,18189,1.0783,16.5,16.2,64.29,2.28,31169,10.5,0.4669,21.21,2.8403,1.89,57.12,0.51,86.9,64.97
45063,SC,LEXINGTON,"Lexington County, South Carolina",1346745.66,-298167.64,277702,0.9511,14.8,14.2,14.47,5.64,55412,29.9,0.434,9.84,5.0329,5.6,57.62,4.94,88.6,30.57
45065,SC,MCCORMICK,"McCormick County, South Carolina",1252593.89,-312658.91,9806,1.2511,11.3,30.4,47.9,1.19,41029,18.6,0.456,21.67,2.3554,1.63,61,1.52,90.9,48.31
45067,SC,MARION,"Marion County, South Carolina",1516224.95,-249818.16,31975,0.8495,14.5,16.8,56.64,2.64,30562,16.3,0.4971,19.19,3.2282,1.84,58.52,2.25,85.5,61.15
45069,SC,MARLBORO,"Marlboro County, South Carolina",1477734.62,-197311.73,27702,1.1332,15.4,15.4,50.67,3.32,32601,8.4,0.4613,26.1,3.1045,1.62,47.17,2.54,87,58.25
45071,SC,NEWBERRY,"Newberry County, South Carolina",1310442.67,-259945.18,37750,0.9445,15.6,17.8,30.67,7.26,39841,16.3,0.4472,22.12,3.1413,3.41,57.15,4.57,88.8,38.3
45073,SC,OCONEE,"Oconee County, South Carolina",1170896.52,-227775.98,75375,0.9695,13.5,21.5,7.36,4.91,41818,23.5,0.4875,19.47,3.8387,4.34,56.06,3.75,85.8,24.86
45075,SC,ORANGEBURG,"Orangeburg County, South Carolina",1397793.35,-342436.37,89731,0.889,17.6,17.1,61.9,2.02,34763,20,0.479,18.94,3.4444,1.7,56.02,2.25,84.3,68.81
45077,SC,PICKENS,"Pickens County, South Carolina",1199436.60,-208673.85,120722,0.9902,24.2,15.1,6.52,3.42,43531,23.6,0.448,16.26,4.5423,5.01,50.6,3.81,88.7,22.22
45079,SC,RICHLAND,"Richland County, South Carolina",1378126.94,-279679.78,401743,0.9427,23.8,11.3,46.31,4.97,50899,37.5,0.4617,7.01,5.3223,4.89,53.77,5.27,89.1,67.3
45081,SC,SALUDA,"Saluda County, South Carolina",1303740.48,-293037.65,20113,1.0111,13.9,18.1,25.65,14.89,41458,16.6,0.4546,17.1,2.8421,2.63,54.87,9.06,82.7,33.73
45083,SC,SPARTANBURG,"Spartanburg County, South Carolina",1264639.09,-194313.29,294229,0.9417,16.2,15,20.67,6.33,45219,22.8,0.4488,21.4,4.946,3.98,53.94,6.35,86.4,34.4
45085,SC,SUMTER,"Sumter County, South Carolina",1427139.27,-283640.98,107682,0.9296,17.9,14.6,46.73,3.7,40777,19,0.4448,18.44,4.1354,2.94,54.37,3.42,86.7,56.2
45087,SC,UNION,"Union County, South Carolina",1301975.00,-216057.44,27928,0.9279,13.1,18.6,30.84,1.25,34953,12.4,0.4538,23.55,3.0432,2.5,55.3,0.47,88.9,40.11
45089,SC,WILLIAMSBURG,"Williamsburg County, South Carolina",1492020.03,-306232.19,32816,0.9452,14.5,17.8,65.49,2.26,28494,12.5,0.496,18.25,2.6074,1.57,58.59,1.66,85.5,67.17
45091,SC,YORK,"York County, South Carolina",1336080.80,-178450.68,245606,0.9322,14.9,13,18.72,4.98,56482,29.5,0.4507,14.86,4.9367,5.26,61.83,4.79,89.2,38.39
46003,SD,AURORA,"Aurora County, South Dakota",-205529.56,698824.00,2732,1.1097,12.4,19.6,1.5,6.33,52620,20.6,0.4092,7.3,0.3981,6.61,69.6,4.36,94,25.88
46005,SD,BEADLE,"Beadle County, South Dakota",-180931.32,775897.50,18155,1.0079,13.9,16.3,0.28,8.98,48423,20.3,0.4127,22.07,1.7172,5.98,50.41,10.86,91.3,30.03
46007,SD,BENNETT,"Bennett County, South Dakota",-457720.75,651344.51,3445,0.8432,16.3,11.5,0.99,6.01,45820,17.8,0.3893,1.13,0.1158,6.18,51,0.26,77.7,38.22
46009,SD,BON HOMME,"Bon Homme County, South Dakota",-152843.63,616130.91,7001,1.3837,14.8,20.8,1.36,3.13,48023,18.3,0.4366,12.36,1.5676,5.55,51.8,1.99,94.2,25.06
46011,SD,BROOKINGS,"Brookings County, South Dakota",-62825.89,768999.58,33435,1.057,35.2,10.2,1.47,2.47,52086,41,0.4436,19.05,2.7909,8.3,47.35,5.79,93.5,41.96
46013,SD,BROWN,"Brown County, South Dakota",-183531.80,906723.85,38430,0.9494,17,15.9,1.56,2.42,53073,27.9,0.4335,13.53,2.1589,6.51,54.81,3.74,91.9,36.19
46015,SD,BRULE,"Brule County, South Dakota",-247189.78,700075.71,5312,0.9858,12.8,17.2,0,2.33,50696,25.6,0.4385,2.92,0.9201,6.64,57.82,0.62,89,26.73
46017,SD,BUFFALO,"Buffalo County, South Dakota",-255774.92,740354.93,2052,0.925,17.6,8.5,0.39,1.61,31293,8.1,0.4465,0.33,0.5192,4.69,38.83,0,53.4,63.38
46019,SD,BUTTE,"Butte County, South Dakota",-591417.44,851806.81,10268,0.9777,12.6,18.4,0.68,3.44,43750,19.7,0.4821,7.69,0.5664,6.85,56.05,0.63,83.6,17.17
46021,SD,CAMPBELL,"Campbell County, South Dakota",-315283.36,931383.15,1553,0.8985,8.6,24.3,0,0.19,45800,23.8,0.5405,6.81,-0.2018,2.65,72.12,0.77,94.8,12.98
46023,SD,CHARLES MIX,"Charles Mix County, South Dakota",-209095.08,641972.47,9277,0.9955,13.5,17.9,0.05,2.87,43376,18.1,0.4683,4.25,1.1829,3.38,52.56,0.4,79.4,28.19
46025,SD,CLARK,"Clark County, South Dakota",-136461.51,824347.81,3639,1.0525,14.1,20.7,1.48,1.7,48563,16.7,0.4346,7.93,0.3834,7.24,59.76,2.67,90.8,25.89
46027,SD,CLAY,"Clay County, South Dakota",-79208.50,606777.52,14029,0.9962,40.8,10.9,1.53,2.62,38399,47.8,0.522,5.72,2.5757,6.94,43.48,3.44,90.5,55.29
46029,SD,CODINGTON,"Codington County, South Dakota",-93624.16,837048.27,27886,1.0152,15.2,15.5,0.28,2.07,50133,20.9,0.4218,19.11,2.7503,6.26,55.5,1.32,92.8,29.02
46031,SD,CORSON,"Corson County, South Dakota",-404706.31,928838.43,4170,1.0341,15.7,10.8,0.38,0.67,32115,16.4,0.5072,1.99,-0.4278,4.43,43.08,0.38,76.5,47.64
46033,SD,CUSTER,"Custer County, South Dakota",-597711.42,715050.27,8447,1.0083,8.6,25.9,0.2,3,52891,24.5,0.4385,2.6,0.7394,6.5,67.42,2.27,88.4,25.4
46035,SD,DAVISON,"Davison County, South Dakota",-172302.32,693178.51,19824,1.0126,17.1,17.2,0.64,2.39,48310,26.6,0.4231,14.01,2.8665,5.53,52.03,1.72,92.7,31.35
46037,SD,DAY,"Day County, South Dakota",-125874.85,880823.89,5588,1.0658,10.7,24.9,0,2.13,40647,17.1,0.5345,7.46,0.7415,5.31,62.54,0.75,88.3,37.45
46039,SD,DEUEL,"Deuel County, South Dakota",-52789.31,812387.26,4309,1.0726,11.2,20.9,0,0.7,54781,19.8,0.4125,18.56,0.9828,6.92,62.77,0.37,94.5,29.44
46041,SD,DEWEY,"Dewey County, South Dakota",-382553.68,866135.84,5652,0.9707,16.5,9.9,0.14,1.01,40585,14.1,0.4624,0.88,-0.0536,5.68,46.63,0.25,67.9,55.12
46043,SD,DOUGLAS,"Douglas County, South Dakota",-190757.78,661502.99,2961,0.9701,10.8,24.5,0,0.81,51290,20.6,0.4262,7.24,0.9737,3.3,70.03,0.84,87.8,13.79
46045,SD,EDMUNDS,"Edmunds County, South Dakota",-251560.23,889781.98,4000,1.001,12,20.1,0.13,1.08,62467,22.9,0.4355,4.98,0.316,5.47,63.18,1.03,92.8,20.96
46047,SD,FALL RIVER,"Fall River County, South Dakota",-607649.89,666735.34,6874,1.0367,9.5,25.4,0.96,3.7,45750,23.9,0.4204,3.69,0.4223,6.48,63.29,1.98,90.7,24.64
46049,SD,FAULK,"Faulk County, South Dakota",-247361.96,850935.00,2354,1.0085,11.1,25.5,0.04,2.17,43529,26.1,0.4655,6.66,-0.0771,5.01,60.27,0.17,90.6,19.21
46051,SD,GRANT,"Grant County, South Dakota",-60279.64,858305.96,7195,1.0628,11.3,20,0.4,3.04,54180,14.6,0.4132,10.87,1.4053,5.92,63.42,3.86,94.9,28.96
46053,SD,GREGORY,"Gregory County, South Dakota",-257514.35,641714.04,4217,1.0481,9.7,24.1,0.14,1.4,40045,19.3,0.4568,1.62,0.4726,4.78,64.9,0.71,89.9,19.64
46055,SD,HAAKON,"Haakon County, South Dakota",-440578.62,773170.10,2073,0.9483,8.9,22.5,0,1.11,39554,19.9,0.4413,5.55,-0.8163,2.97,66.27,0,91.5,7.6
46057,SD,HAMLIN,"Hamlin County, South Dakota",-94023.71,803206.94,5995,1.0247,12.7,17.4,0.2,3.52,60169,20.5,0.3619,17.34,1.5181,5.65,66.58,2.72,94.8,21.3
46059,SD,HAND,"Hand County, South Dakota",-238170.98,792282.27,3311,1.03,12.1,25.8,0.03,0.39,52266,23.1,0.4633,3.39,-0.1167,5.12,69.24,0.21,93.8,19.36
46061,SD,HANSON,"Hanson County, South Dakota",-143508.42,692593.79,3390,1.0348,10.8,13.8,3.75,0.59,60089,21.4,0.399,11.56,1.1027,4.24,87.67,0.06,92.6,22.07
46063,SD,HARDING,"Harding County, South Dakota",-584554.56,926485.54,1277,1.0531,15.5,16.7,0.63,1.33,51458,29.7,0.4272,1.37,-1.6898,4.81,79.13,0.86,92.8,5.18
46065,SD,HUGHES,"Hughes County, South Dakota",-317393.74,777571.93,17518,0.953,14.2,15.1,0.48,2.95,58934,33,0.4096,3.69,2.2106,6.74,61.16,1.23,92.1,32.14
46067,SD,HUTCHINSON,"Hutchinson County, South Dakota",-141567.07,654622.11,7264,1.005,12.3,23.4,0.4,1.8,47356,21.6,0.489,9.71,1.2384,4.64,60.4,1.07,91.1,21.56
46069,SD,HYDE,"Hyde County, South Dakota",-276369.02,793526.29,1440,0.9592,9.2,22.9,0,1.04,55000,20.4,0.3947,2.2,-0.4368,3.19,61.75,0.83,90.7,18.71
46071,SD,JACKSON,"Jackson County, South Dakota",-451553.45,706778.68,3268,1.0528,18,14.3,0.21,1.65,41510,18.6,0.4519,1.27,-0.3902,4.57,49.27,1.99,76.4,30.91
46073,SD,JERAULD,"Jerauld County, South Dakota",-209921.72,737835.14,2029,0.925,8.7,25,0,2.51,51442,17.8,0.5274,13.76,0.398,5.69,62.14,2.91,92.8,28.95
46075,SD,JONES,"Jones County, South Dakota",-374836.69,732377.09,767,1.1977,9.3,21.4,2.09,0.52,39276,14.4,0.4117,0.43,-1.1861,6.99,85.89,0.26,85.5,13.29
46077,SD,KINGSBURY,"Kingsbury County, South Dakota",-118544.14,769662.29,5070,1.0207,10.8,21.8,0,2.23,54568,22.7,0.4458,17.22,0.8553,6.59,64.34,2.15,93.6,29.5
46079,SD,LAKE,"Lake County, South Dakota",-90221.86,730517.83,12331,1.0634,15.7,19.5,0.54,2.33,57239,33.2,0.4658,16.9,2.1344,6.4,70.46,0.75,93.1,36.43
46081,SD,LAWRENCE,"Lawrence County, South Dakota",-618747.69,792871.37,24859,0.9878,19.3,17.9,1.04,3.12,48220,31.6,0.4189,4.44,2.4847,9.08,58.59,2.92,87.9,31.17
46083,SD,LINCOLN,"Lincoln County, South Dakota",-58284.56,647268.45,51396,0.982,13.8,10.3,0.87,1.77,77455,41.2,0.4273,8.2,3.5373,6.56,69.24,2.2,95.2,34.26
46085,SD,LYMAN,"Lyman County, South Dakota",-307804.77,722128.20,3855,1.11,14.8,15,0.05,1.97,45921,18.3,0.4015,0.52,-0.0983,5.28,51.77,1.09,78.4,27.41
46087,SD,MCCOOK,"McCook County, South Dakota",-109879.21,691980.86,5616,0.9894,11.2,19.7,0.66,2.96,58485,22.5,0.4115,10.56,1.3287,6.57,62.67,1.78,92.3,25.78
46089,SD,MCPHERSON,"McPherson County, South Dakota",-250726.59,928401.14,2252,1.0699,10,29.5,0.22,4.44,41338,15.1,0.4554,7.26,-0.2679,4.66,60.39,0.93,84.4,17.71
46091,SD,MARSHALL,"Marshall County, South Dakota",-124455.17,924311.56,4743,1.0931,14.4,19.5,0.57,4.39,55398,22.6,0.4201,14.62,0.7817,7.04,53.04,4.74,90.1,41.66
46093,SD,MEADE,"Meade County, South Dakota",-531992.30,809463.42,26840,1.0887,18,13.6,1.81,4.08,53069,23.8,0.3971,6.27,1.0938,8.24,56.97,1.65,89.3,20.85
46095,SD,MELLETTE,"Mellette County, South Dakota",-382558.82,690412.41,2083,0.9952,14.2,14.9,0,5.33,29471,14,0.4769,0,-0.4858,6.3,47.66,0.53,74.4,37.19
46097,SD,MINER,"Miner County, South Dakota",-128632.03,731059.93,2299,1.0545,7.4,21.1,1.35,2.22,48542,21.6,0.4659,12.85,0.4425,7.24,63.49,1.91,90.7,28.47
46099,SD,MINNEHAHA,"Minnehaha County, South Dakota",-63552.96,691446.68,182014,1.0075,17.5,12.2,4.5,4.68,55293,30.3,0.4244,10.54,4.4667,7.17,57.41,6.37,91.1,42.13
46101,SD,MOODY,"Moody County, South Dakota",-53596.67,730158.97,6445,1.0286,14.2,16.7,0.9,3.18,54383,26.8,0.438,15.15,1.5668,5.42,60.92,3.91,89.2,37.6
46102,SD,OGLALA LAKOTA,"Oglala Lakota County, South Dakota",-528274.25,671568.60,14263,0.9345,20.7,6.3,0.24,3.46,26330,11.2,0.5178,2.25,0.967,5.3,32.74,0.22,66.2,91.24
46103,SD,PENNINGTON,"Pennington County, South Dakota",-544854.79,747632.35,107298,1.0105,16,15.4,1.29,4.79,51084,28.9,0.4457,6.26,2.7027,8.1,58.39,2.14,88.5,32.08
46105,SD,PERKINS,"Perkins County, South Dakota",-505816.31,910609.76,3019,1.051,10.8,22.5,0.07,1.59,45855,19.2,0.4874,7.62,-0.9012,5.29,67.59,0.76,89.1,12.36
46107,SD,POTTER,"Potter County, South Dakota",-311223.74,852595.55,2306,0.9169,7.9,28.2,0,0.3,47991,20,0.4626,3.86,0.0333,3.81,72.29,0.56,92.8,16.72
46109,SD,ROBERTS,"Roberts County, South Dakota",-73806.31,909240.88,10294,1.0078,13.3,18.3,0.57,2.51,50108,16,0.4511,8.16,1.2836,5.27,52.69,0.85,80.3,41.8
46111,SD,SANBORN,"Sanborn County, South Dakota",-167060.10,731972.29,2349,1.1162,14.6,20.2,0,2.51,51167,19.3,0.4512,14.71,0.4656,5.61,58.66,1.23,93.2,22.74
46115,SD,SPINK,"Spink County, South Dakota",-184897.48,834275.29,6539,1.0003,12.2,20.1,0.54,1.9,49859,21.1,0.4408,4.49,0.5183,6.03,59.3,0.52,91.8,33.14
46117,SD,STANLEY,"Stanley County, South Dakota",-375981.05,782842.05,2964,1.0555,13.3,18.1,0,2.46,60046,27,0.4469,2.95,-0.2328,5.74,69.38,1.11,91.9,22.27
46119,SD,SULLY,"Sully County, South Dakota",-326663.90,814390.68,1456,1.2263,14.2,19.1,0,0.21,59800,25.3,0.5003,3.08,-0.5828,5.23,77.81,0.89,89.1,16.79
46121,SD,TODD,"Todd County, South Dakota",-381383.70,646999.44,10019,0.9534,18,7.2,0.32,4.06,30800,15.7,0.4996,0.64,1.0246,6.26,35.53,1.89,69.6,75.55
46123,SD,TRIPP,"Tripp County, South Dakota",-313278.90,660889.67,5475,1.0188,12.1,20.8,0,0.51,41210,21.4,0.4638,1.69,0.2708,3.76,61.98,1.06,90.2,18.25
46125,SD,TURNER,"Turner County, South Dakota",-92717.34,651182.26,8289,1.0119,10.9,20.3,0.54,1.99,54707,21.4,0.41,7.83,1.6461,6.07,65.53,0.68,93.1,24.65
46127,SD,UNION,"Union County, South Dakota",-53319.78,597346.19,14842,1.0117,12.1,15.7,0.67,2.9,63890,30.1,0.4439,14.14,2.5207,4.81,70.66,2.61,93.6,29.63
46129,SD,WALWORTH,"Walworth County, South Dakota",-315324.69,893437.74,5538,0.9631,10.3,23.7,0.42,1.72,46526,20.6,0.4595,4.29,1.1044,5.01,57.86,4.06,91.3,19.42
46135,SD,YANKTON,"Yankton County, South Dakota",-113078.94,617741.08,22649,1.1047,15,17.1,2.03,3.49,48723,27.3,0.4781,17.57,2.8202,6.89,53.99,1.96,92.3,36.84
46137,SD,ZIEBACH,"Ziebach County, South Dakota",-445991.04,849942.65,2818,0.9706,16.1,7.1,0.04,0.82,36552,15.5,0.442,1.53,-0.5892,6,41.94,1.06,75.4,48.96
47001,TN,ANDERSON,"Anderson County, Tennessee",1049985.10,-89506.60,75545,0.9515,13.4,19,3.65,2.53,44241,24,0.4719,11.67,4.4602,5.54,50.13,3.05,90.7,31.93
47003,TN,BEDFORD,"Bedford County, Tennessee",856423.04,-179460.59,46331,0.9594,14.5,14.8,7.9,11.47,43819,14.3,0.4496,23.82,3.6315,3.09,44.85,6.77,86,22.81
47005,TN,BENTON,"Benton County, Tennessee",707134.06,-130732.07,16173,0.9687,11.5,22.9,2.88,2.2,33611,12.2,0.4654,16.73,2.7623,2.18,48.54,1.81,86.6,23.81
47007,TN,BLEDSOE,"Bledsoe County, Tennessee",967440.89,-158240.77,14073,1.2835,13.1,17.3,3.28,2.1,38535,11.3,0.4739,14.79,2.593,3.11,41.58,1.38,85.6,19.85
47009,TN,BLOUNT,"Blount County, Tennessee",1080265.65,-134354.26,126192,0.9437,13.6,18.4,2.84,3.03,49532,23.1,0.4608,13.13,4.4681,5.1,52.44,3.01,89.9,24.42
47011,TN,BRADLEY,"Bradley County, Tennessee",1004071.32,-203829.98,102860,0.9446,16.5,15.8,4.81,5.57,43721,20.9,0.4788,18.46,4.7941,4.73,48.44,5.17,86.9,19.19
47013,TN,CAMPBELL,"Campbell County, Tennessee",1050355.70,-57288.81,40008,0.9477,13.3,19.5,0.57,1.21,33628,10.6,0.4967,16.9,3.4711,3.3,39.45,0.4,87.2,18.55
47015,TN,CANNON,"Cannon County, Tennessee",888493.35,-142977.94,13855,0.9796,14.1,18.2,1.41,1.89,43654,13,0.4547,22.12,3.0026,3.39,48.43,2.37,88.2,21.95
47017,TN,CARROLL,"Carroll County, Tennessee",674012.19,-144271.03,28417,0.9461,15.3,19.7,10.45,2.36,36212,15,0.4579,17.79,2.9101,2.9,46.43,1.47,89,23.08
47019,TN,CARTER,"Carter County, Tennessee",1230199.83,-45317.86,56707,0.9633,14.1,19.7,1.25,1.65,33177,16.1,0.4719,13.24,4.1615,3.48,46.13,0.95,86.2,16.97
47021,TN,CHEATHAM,"Cheatham County, Tennessee",792398.81,-101628.23,39575,0.9771,13.6,13.4,1.39,2.64,53179,19.4,0.3928,12.93,3.9224,4.7,52.6,1.88,89.4,25.56
47023,TN,CHESTER,"Chester County, Tennessee",664262.97,-206958.55,17355,0.9322,19.6,16.6,9.06,2.33,42376,15.8,0.4268,14.98,3.1549,2.81,48.44,3.05,87.5,19.66
47025,TN,CLAIBORNE,"Claiborne County, Tennessee",1092271.41,-42613.10,31701,0.9531,16.3,18.4,1.06,1.11,33428,13.2,0.4719,19.31,3.338,2.85,41.98,1.16,90.6,17.56
47027,TN,CLAY,"Clay County, Tennessee",925476.03,-55347.67,7769,0.9688,11.6,24.2,1.43,2.18,28147,13.7,0.4438,19.9,2.5401,2.47,46.63,1.96,86.6,24.82
47029,TN,COCKE,"Cocke County, Tennessee",1148194.99,-98486.42,35256,0.955,12.8,19.3,1.66,2.08,31081,10.2,0.4754,19.34,3.4445,2.92,43.37,0.9,85.6,16.83
47031,TN,COFFEE,"Coffee County, Tennessee",891055.38,-178512.81,53808,0.9466,14,16.8,2.16,4.01,45456,18.5,0.4407,25.17,3.8802,4.06,48.9,2.68,88.3,24.75
47033,TN,CROCKETT,"Crockett County, Tennessee",613891.59,-166759.20,14558,0.904,13.7,17.4,12.94,9.94,38043,13.6,0.446,19.24,3.0525,2.08,49.1,4.07,84.9,24.65
47035,TN,CUMBERLAND,"Cumberland County, Tennessee",981325.92,-116744.39,57895,0.9521,11.5,29,0.55,2.73,40123,18.8,0.4282,14.6,3.4911,2.83,55.59,2.48,87.5,20.31
47037,TN,DAVIDSON,"Davidson County, Tennessee",820146.59,-109281.15,667885,0.9312,20.5,11,27.6,9.95,50484,38.2,0.4847,7.27,6.2379,6.29,47.57,12.19,85.8,63.78
47039,TN,DECATUR,"Decatur County, Tennessee",707869.54,-183108.33,11703,0.9489,12.5,23,2.78,3.11,38180,11.3,0.4818,15.18,2.6053,2.4,49.67,1.56,88.8,19.95
47041,TN,DEKALB,"DeKalb County, Tennessee",906848.55,-121750.36,19159,0.9821,13.5,17.5,1.33,7.15,37640,14.2,0.5403,29.38,3.1907,3.09,46.72,5.89,86.5,23.28
47043,TN,DICKSON,"Dickson County, Tennessee",769610.07,-116343.82,50926,0.9634,14.1,15.4,4.02,3.14,47137,14.1,0.4447,14.61,3.6923,3.98,48.12,1.99,88.3,26.3
47045,TN,DYER,"Dyer County, Tennessee",587475.05,-141069.27,37970,0.9332,14.3,16,13.51,3.12,42833,18.4,0.4837,22.42,3.3539,2.55,46.34,2.21,89.2,21.67
47047,TN,FAYETTE,"Fayette County, Tennessee",594108.20,-237346.37,39071,0.9726,12.4,18.6,27.65,2.43,55972,22.1,0.4659,13.21,3.0636,2.4,62.75,2.16,90.9,31.03
47049,TN,FENTRESS,"Fentress County, Tennessee",981575.57,-68225.18,17936,0.9645,12,20,0.13,1.34,31714,12.5,0.457,13.71,2.6311,2.66,52.42,1.02,86.8,15.41
47051,TN,FRANKLIN,"Franklin County, Tennessee",893398.67,-216028.02,41348,0.9525,16.1,18.9,3.5,2.94,44837,19,0.4563,25.86,3.3601,3.04,50.09,2.61,90.1,27.5
47053,TN,GIBSON,"Gibson County, Tennessee",630852.45,-144967.16,49511,0.9105,13.4,17.7,18.3,2.46,38854,17.3,0.433,17.91,3.4568,2.57,52.22,1.04,89.5,27.61
47055,TN,GILES,"Giles County, Tennessee",808176.82,-219230.63,29034,0.9494,14.5,18.7,9.48,2.09,40635,14,0.4402,27.07,2.9096,2.24,48.56,2.49,88.3,26.79
47057,TN,GRAINGER,"Grainger County, Tennessee",1108605.27,-64152.79,22813,0.9825,12.3,18.5,0.51,2.87,37522,11.6,0.4295,19.24,3.4465,2.85,44.55,2.04,89.4,14.83
47059,TN,GREENE,"Greene County, Tennessee",1168722.78,-67405.74,68502,0.9556,13.5,19.7,2.29,2.66,36711,14.7,0.4638,20.44,3.7498,3.41,43.03,1.33,87.9,18.51
47061,TN,GRUNDY,"Grundy County, Tennessee",923774.29,-186525.24,13494,0.9821,13.2,20.5,0.53,0.19,28467,11,0.4808,23.25,2.671,2.69,45.25,0.69,80.7,21.55
47063,TN,HAMBLEN,"Hamblen County, Tennessee",1130932.89,-67851.39,63203,0.9423,13.7,17.5,4.12,11.18,39270,16,0.4596,26.52,5.02,3.67,42.68,6.11,85.4,20.44
47065,TN,HAMILTON,"Hamilton County, Tennessee",976337.81,-204047.55,351305,0.9307,16.7,16,19.79,5.07,49434,29.6,0.4787,12.58,5.5217,5.87,51.44,4.94,89.5,41.27
47067,TN,HANCOCK,"Hancock County, Tennessee",1130282.52,-33295.82,6609,0.9901,13,18.2,0.39,0.73,27973,11.3,0.4565,15.87,2.4404,2.96,42.57,1.03,87.2,14.87
47069,TN,HARDEMAN,"Hardeman County, Tennessee",631969.89,-233545.21,25975,1.1863,16.3,16.5,41.6,1.65,33566,10.8,0.4445,22.09,2.7093,1.82,44.57,1.44,87.6,45.97
47071,TN,HARDIN,"Hardin County, Tennessee",704815.65,-228763.81,25839,0.9574,12.4,21.3,3.72,2.06,37244,12.7,0.5212,19.58,2.8496,3.17,48.55,1.39,86.6,16.84
47073,TN,HAWKINS,"Hawkins County, Tennessee",1155903.88,-39112.13,56567,0.9594,12.6,18.9,1.25,1.34,37883,13,0.4569,23.5,3.8032,2.98,46.55,1,89,17.4
47075,TN,HAYWOOD,"Haywood County, Tennessee",602817.40,-193410.51,18129,0.8773,13.8,16.3,50.09,4.23,35094,11.9,0.4855,28.03,2.5749,1.61,49.34,1.68,88.5,55.19
47077,TN,HENDERSON,"Henderson County, Tennessee",682423.51,-179426.55,27952,0.9281,13.5,16.7,7.87,2.16,41478,13.4,0.4318,20.66,3.0327,2.73,47.78,0.65,89.1,18.11
47079,TN,HENRY,"Henry County, Tennessee",684035.50,-103173.90,32291,0.944,12.2,21.5,8.6,2.2,38378,14.7,0.4827,16.49,3.0997,2.89,50.81,1.56,89.1,24.37
47081,TN,HICKMAN,"Hickman County, Tennessee",762711.81,-155845.50,24251,1.1029,14.9,15.6,4.74,2.2,37546,11.4,0.4365,14.93,2.727,3.76,41.15,1.02,85,24.26
47083,TN,HOUSTON,"Houston County, Tennessee",736268.03,-103908.79,8234,1.0015,13,19.5,2.9,2.09,40680,10.7,0.4,23.39,2.7646,3.79,49.64,1.01,87.5,28.41
47085,TN,HUMPHREYS,"Humphreys County, Tennessee",733444.50,-131729.07,18216,0.9704,13.4,18.8,3.68,2.12,40995,12.9,0.4583,20.22,2.5841,3.58,50.41,0.52,90,28.52
47087,TN,JACKSON,"Jackson County, Tennessee",916417.60,-77981.75,11526,1.0112,12.2,20.5,0.46,1.85,32676,8,0.4519,18.17,2.6685,2.26,48.13,0.29,85.7,25.86
47089,TN,JEFFERSON,"Jefferson County, Tennessee",1117532.02,-88419.47,52851,0.9708,14.9,18.8,2.21,3.36,43673,15.6,0.447,15.44,4.3073,4.21,45.51,2.21,88.6,19.12
47091,TN,JOHNSON,"Johnson County, Tennessee",1251764.80,-23750.42,17923,1.1581,13,20.6,3.84,1.8,30180,10.1,0.4857,16.99,3.1436,2.75,44.6,1.43,87.3,15.44
47093,TN,KNOX,"Knox County, Tennessee",1074883.65,-100498.09,448164,0.9457,18.9,14.5,8.95,3.84,50366,35.7,0.4823,7.61,5.8304,6.67,51.3,4.92,90.1,37.28
47095,TN,LAKE,"Lake County, Tennessee",578250.99,-110707.92,7643,1.7103,18.5,15.1,28.69,2.12,29893,9.1,0.5033,10.98,2.8792,1.83,30.43,1.2,87,29.83
47097,TN,LAUDERDALE,"Lauderdale County, Tennessee",570312.24,-175696.41,27261,1.0949,16.4,13.9,34.86,2.38,32353,8.6,0.4582,22.37,3.1046,1.82,38.63,1.76,86.5,38.49
47099,TN,LAWRENCE,"Lawrence County, Tennessee",775582.51,-220545.15,42406,0.9664,13.7,17.4,1.84,1.9,40457,11.7,0.4341,19.1,3.2783,2.71,49.26,1.57,83.8,18.51
47101,TN,LEWIS,"Lewis County, Tennessee",763716.27,-186770.75,11907,0.9835,12.5,19.3,1.62,2.21,36920,12.3,0.4226,17.58,2.791,3.18,49.96,2.4,85.3,19.89
47103,TN,LINCOLN,"Lincoln County, Tennessee",848914.81,-222195.60,33582,0.9588,12.8,18.3,5.16,3.12,41038,17.5,0.4436,25.48,3.1238,2.97,51.29,1.3,89.1,19.72
47105,TN,LOUDON,"Loudon County, Tennessee",1045219.22,-133389.67,50637,0.9483,11.7,24.6,1.15,7.92,52995,25.4,0.4601,16.93,4.446,3.69,57.67,7.16,88.4,21.83
47107,TN,MCMINN,"McMinn County, Tennessee",1022171.37,-171170.63,52606,0.9492,13.9,18.7,3.76,3.56,38661,13.7,0.4571,26.73,3.8549,2.95,45.53,2.52,88.4,19.28
47109,TN,MCNAIRY,"McNairy County, Tennessee",670894.21,-234093.56,26057,0.9558,13.1,19.8,6.03,1.88,31956,11,0.4706,21.44,2.8834,3.48,49.58,0.68,86.5,19.07
47111,TN,MACON,"Macon County, Tennessee",884847.10,-61897.72,22924,0.9851,14.1,15.6,0.21,4.82,34098,9.2,0.4529,21.58,3.361,2.25,43.47,2.58,88.5,14.61
47113,TN,MADISON,"Madison County, Tennessee",642496.72,-187707.58,98128,0.9013,17.6,15,37.42,3.59,44237,25.5,0.4698,12.69,4.2196,3.51,50.45,2.54,89.4,42
47115,TN,MARION,"Marion County, Tennessee",935934.92,-214360.02,28363,0.9534,13.2,18.2,1.77,1.66,41477,12.3,0.4472,21.87,3.0903,3.07,48.66,1.03,88.5,26.9
47117,TN,MARSHALL,"Marshall County, Tennessee",829516.92,-187194.24,31335,0.964,13.5,15.1,7.33,4.83,44900,14,0.4449,26.28,3.4727,3.66,48.04,2.02,88.4,25.84
47119,TN,MAURY,"Maury County, Tennessee",800022.88,-173357.95,85767,0.9282,14.3,14.8,11.61,5.31,49597,19.6,0.4386,12.66,3.9891,4.33,53.98,4.06,88.9,29.67
47121,TN,MEIGS,"Meigs County, Tennessee",1003481.06,-163478.16,11804,0.9752,12.5,19.7,1.33,1.47,35209,8.8,0.4428,28.79,3.1508,2.82,46.27,1.07,88.7,20.39
47123,TN,MONROE,"Monroe County, Tennessee",1054523.72,-165198.30,45482,0.9962,13.3,19.4,1.99,3.9,37054,12.2,0.4386,25.97,3.3188,3.12,48.06,2.91,87.3,19.24
47125,TN,MONTGOMERY,"Montgomery County, Tennessee",763757.63,-77747.37,189709,1.002,22.3,8.6,19.33,9.49,51528,25.3,0.4098,11.87,4.9116,6.21,41.66,4.98,89.6,40.15
47127,TN,MOORE,"Moore County, Tennessee",867979.03,-204072.78,6314,0.9603,11.3,21.8,3.52,0.32,49496,17.2,0.5034,27.34,2.9373,3.59,57.5,0.43,90.6,17.58
47129,TN,MORGAN,"Morgan County, Tennessee",1009874.25,-92552.59,21688,1.2589,15.4,15.6,4.64,1.14,39728,7.5,0.4491,10.38,2.7748,3.13,38.55,0.65,87.9,16.23
47131,TN,OBION,"Obion County, Tennessee",608654.94,-105981.09,30900,0.9232,13.1,18.8,10.21,3.79,38933,16.6,0.4607,19.69,3.0863,2.42,50.89,2.2,86.2,20.3
47133,TN,OVERTON,"Overton County, Tennessee",950631.85,-75785.61,22090,0.9853,12.7,19.2,0.68,1.27,35065,13.8,0.457,16.92,2.9794,2.73,48.19,1.16,88.7,24.3
47135,TN,PERRY,"Perry County, Tennessee",729850.56,-176791.21,7891,1.0218,12.8,20.1,2.95,2.15,31274,9.8,0.4878,19.45,1.9941,3.19,46.68,0.76,83.1,21.6
47137,TN,PICKETT,"Pickett County, Tennessee",966716.67,-49870.35,5096,0.9867,10.1,26.2,0.73,0.63,39014,9.2,0.4024,14.01,2.4909,2.22,62.73,1.51,87.1,20.96
47139,TN,POLK,"Polk County, Tennessee",1034695.83,-204018.94,16697,0.9956,12.3,19.3,0.19,1.8,41520,9.7,0.4534,23.35,2.6968,2.62,49.24,0.84,89.2,19.72
47141,TN,PUTNAM,"Putnam County, Tennessee",934846.23,-100548.09,74652,0.9747,21.7,16,2.36,5.8,36350,24.4,0.5212,13.52,4.2747,4.99,46.2,5.85,87.6,26.5
47143,TN,RHEA,"Rhea County, Tennessee",992327.96,-153977.26,32461,0.9684,14.6,17.7,2.38,4.43,38355,13.2,0.4559,23.12,3.6824,4.16,44.26,2.37,89.5,18.32
47145,TN,ROANE,"Roane County, Tennessee",1024876.85,-123128.24,52983,0.9724,12.3,21.3,2.36,1.63,42299,18.8,0.456,12.25,4.0379,4.39,50.8,2.02,90.2,23.35
47147,TN,ROBERTSON,"Robertson County, Tennessee",808713.57,-70317.55,67905,0.9696,13.9,13.4,7.4,6.13,56331,18.1,0.4004,16.32,4.0082,3.93,53.24,3.52,89.7,25.48
47149,TN,RUTHERFORD,"Rutherford County, Tennessee",856488.03,-142447.20,290289,0.9719,20.1,9.5,13.65,7.16,58032,30.2,0.4094,14.01,5.1983,5.78,49.48,7.01,88.9,36.26
47151,TN,SCOTT,"Scott County, Tennessee",1018800.76,-58367.89,22029,0.9732,13.9,15.6,0.31,0.73,30897,8.9,0.5599,19.69,2.7713,2.04,42.88,0.16,87.1,13.38
47153,TN,SEQUATCHIE,"Sequatchie County, Tennessee",951931.49,-185367.52,14710,0.983,12,19.3,0.24,3.39,46541,13.2,0.4249,15.09,3.0617,3.51,49.88,0.88,89.5,19.17
47155,TN,SEVIER,"Sevier County, Tennessee",1114545.11,-118908.46,94537,0.9642,14.2,17.7,0.66,5.43,42586,17.5,0.4318,7.08,4.1207,3.82,48.81,5.05,81.7,18.03
47157,TN,SHELBY,"Shelby County, Tennessee",550849.76,-241706.64,936990,0.9111,17.6,11.6,53.19,5.95,46854,30.2,0.5078,8.89,6.1607,3.57,48.33,6.19,86.3,64.24
47159,TN,SMITH,"Smith County, Tennessee",892629.89,-92788.74,19176,0.9867,13.3,15.4,2.5,2.47,44272,10.7,0.459,24.66,3.1594,3.4,50.96,1.38,90.3,23.51
47161,TN,STEWART,"Stewart County, Tennessee",723441.35,-80837.53,13257,0.9559,13.2,18.9,1.27,2.47,41835,13,0.4245,12.11,2.4109,4.02,50.92,2.51,89.5,24.03
47163,TN,SULLIVAN,"Sullivan County, Tennessee",1211085.05,-23167.68,156644,0.9395,13.3,20.3,1.9,1.7,40983,21.4,0.4635,16.01,4.9856,4.37,49.64,1.58,89.3,21.12
47165,TN,SUMNER,"Sumner County, Tennessee",845553.72,-73009.93,172786,0.9567,13.7,14.6,6.8,4.34,58972,25.6,0.4356,11.61,4.8365,4.5,54.74,3.6,90.4,26.59
47167,TN,TIPTON,"Tipton County, Tennessee",560836.66,-205950.20,61558,0.9759,15,13,18.39,2.56,54650,15.6,0.433,13.05,3.9483,3.35,51.34,1.42,88.8,25.49
47169,TN,TROUSDALE,"Trousdale County, Tennessee",873276.71,-78872.34,7970,1.0081,14.3,16.1,11.76,0.41,47667,14.8,0.4422,10.93,3.2926,3.51,51.56,1.69,87.7,31.03
47171,TN,UNICOI,"Unicoi County, Tennessee",1206241.17,-69387.54,17945,0.9881,12.2,21.7,0.78,4.27,35390,12.6,0.4548,18.69,3.6168,3.64,49.62,2.78,88.4,18.2
47173,TN,UNION,"Union County, Tennessee",1079508.77,-66639.11,19081,0.9928,13.7,16.4,0.47,1.49,38540,10,0.4286,18.01,3.4951,2.91,42.24,0.73,87.9,16.69
47175,TN,VAN BUREN,"Van Buren County, Tennessee",944128.27,-149647.36,5641,1.0103,11.4,20.4,0.39,0.9,42813,11.7,0.4189,22.38,2.0752,2.48,53.14,1.72,87.8,22.85
47177,TN,WARREN,"Warren County, Tennessee",915285.25,-154758.79,40099,0.973,13.2,16.6,1.15,8.48,36245,13.2,0.4696,25.75,3.5775,3.95,44.55,4.69,87.3,27.04
47179,TN,WASHINGTON,"Washington County, Tennessee",1197601.15,-49984.85,126044,0.9445,18.7,16.9,3.98,3.18,44444,30.9,0.4873,11.45,5.0044,4.97,49.15,3.55,88.9,27.55
47181,TN,WAYNE,"Wayne County, Tennessee",740083.17,-221160.51,16842,1.2444,15.3,18,6.7,1.85,34008,10.6,0.4458,12.41,2.1813,1.78,42.46,1.24,87.9,12.46
47183,TN,WEAKLEY,"Weakley County, Tennessee",647391.32,-109839.06,34024,0.947,22.7,16.9,8.96,2.18,38040,21.1,0.4376,17.55,3.1195,3.32,44.54,1.26,90.6,23.53
47185,TN,WHITE,"White County, Tennessee",941048.83,-124032.75,26373,0.9546,13.3,19.8,1.84,2.26,35989,11.8,0.4475,22.28,3.2971,3.15,47.76,1.24,87.2,19.39
47187,TN,WILLIAMSON,"Williamson County, Tennessee",813015.99,-140979.18,205645,0.9547,11.3,11.5,4.27,4.63,100140,56.6,0.4505,8.14,4.9148,6.63,71.87,6.83,94.8,31.26
47189,TN,WILSON,"Wilson County, Tennessee",863534.08,-106591.53,125616,0.9537,12.9,14.5,6.69,3.68,63426,28.9,0.4141,9.63,4.4418,5.19,59.58,4.13,92,26.74
48001,TX,ANDERSON,"Anderson County, Texas",32769.90,-635747.04,57772,1.5801,15.5,13.7,21.27,16.96,42146,11.8,0.4514,4.49,3.0441,2.4,36.46,6.54,84.3,20.33
48003,TX,ANDREWS,"Andrews County, Texas",-621349.51,-559284.63,17215,1.0298,17.4,10.2,2.04,54.37,70121,10.6,0.4429,6.36,1.4882,3.64,41.49,13.51,84.4,17.55
48005,TX,ANGELINA,"Angelina County, Texas",131780.55,-697013.54,87657,0.9526,15.5,15.1,14.7,21.11,44185,15.7,0.4624,12.41,3.7477,2.36,46.17,8.04,81.1,25.81
48007,TX,ARANSAS,"Aransas County, Texas",-97928.84,-1044526.93,24729,0.981,12.3,26.9,1.67,26.27,44851,20.2,0.5168,3.87,3.6343,2.92,52.16,5.5,82.2,24.15
48009,TX,ARCHER,"Archer County, Texas",-247622.98,-431306.75,8750,0.9859,12.7,17.8,1.19,8.25,62407,21.8,0.4194,7.11,1.3193,2.4,63,3.33,87.5,9.43
48011,TX,ARMSTRONG,"Armstrong County, Texas",-484900.26,-270242.81,1913,1.0351,9.6,21.9,1.36,12.7,65000,23.1,0.3773,4.35,-0.2077,2.64,68.96,2.14,93.2,7.04
48013,TX,ATASCOSA,"Atascosa County, Texas",-246790.06,-956764.72,47710,0.9921,15.1,13.8,0.74,63.08,53181,14.3,0.4396,5.9,2.715,2.95,39.86,6.18,81.6,35.05
48015,TX,AUSTIN,"Austin County, Texas",-26798.42,-849915.02,29107,0.9735,12.9,17.8,8.65,25.5,56681,21,0.4469,13.52,2.8555,2.58,55.85,9.95,83.5,19.4
48017,TX,BAILEY,"Bailey County, Texas",-625169.71,-361686.95,7131,1.1325,15.9,14.3,2.29,61.72,40589,10.7,0.4029,4.22,1.2028,2.9,35.97,20.78,70.5,22.8
48019,TX,BANDERA,"Bandera County, Texas",-313772.57,-860078.49,21015,0.9835,9.7,24.8,0.68,17.69,55434,24,0.4292,7.19,2.328,3.22,59.08,3.5,85.1,17.45
48021,TX,BASTROP,"Bastrop County, Texas",-126296.80,-825049.25,78286,1.0374,13.8,13.4,8,35.16,55808,18.4,0.4336,8.07,3.5273,5.47,48.92,10.87,80.8,39.29
48023,TX,BAYLOR,"Baylor County, Texas",-296053.31,-429654.38,3639,0.9356,8.7,24.4,1.84,8.35,34382,26.6,0.5584,4.33,0.4822,2.74,52.41,2.47,81.6,13.1
48025,TX,BEE,"Bee County, Texas",-170994.24,-1011149.78,32706,1.5265,19,11.5,8.24,57.91,44005,8.9,0.4744,5.59,2.6635,3.5,33.05,4.34,77.3,42.06
48027,TX,BELL,"Bell County, Texas",-140678.92,-721031.72,330859,0.9954,21.3,9.9,22.4,23.54,51529,23.2,0.4336,6.37,4.8003,5.47,39.82,8.15,87,42.1
48029,TX,BEXAR,"Bexar County, Texas",-244470.45,-895292.11,1858699,0.9699,18.8,11.3,7.59,59.46,52353,26.9,0.4638,5.82,6.361,5.05,42.99,13.2,83.1,57.07
48031,TX,BLANCO,"Blanco County, Texas",-230537.68,-804944.75,10918,1.0155,10.5,21.5,0.71,18.88,56573,28.8,0.4623,7.71,1.7823,4.03,64.36,7.16,81.9,22.8
48033,TX,BORDEN,"Borden County, Texas",-505797.58,-517643.38,698,1.1543,16.5,19.3,0,4.73,77569,36.5,0.5375,2.49,-1.203,1.1,74.92,1.72,96.1,8.59
48035,TX,BOSQUE,"Bosque County, Texas",-153866.08,-624788.86,17953,0.9711,11.1,23.4,1.4,16.98,45419,17.7,0.4525,11.84,1.9533,2.82,55.9,6.51,79.3,16.78
48037,TX,BOWIE,"Bowie County, Texas",145598.24,-452510.49,93483,1.0144,15.6,15.4,24.36,7.23,42683,18.8,0.5023,9.19,3.7083,2.43,48.64,4.15,83.4,26.18
48039,TX,BRAZORIA,"Brazoria County, Texas",53326.86,-927109.61,338419,1.0269,14.9,10.9,13,29.23,72006,28.7,0.4267,13.92,4.5668,4.28,48.98,13.32,84.9,37.24
48041,TX,BRAZOS,"Brazos County, Texas",-28905.01,-763997.96,209896,1.0279,37.1,8.2,10.58,24.61,41654,39.8,0.5214,5.97,4.9302,7.96,40.33,13.25,85.9,37.38
48043,TX,BREWSTER,"Brewster County, Texas",-699853.36,-831648.06,9188,0.9042,14.5,19,0.27,43.97,38440,36,0.4794,2.89,-0.5557,7.1,58.21,5.83,81.8,47.42
48045,TX,BRISCOE,"Briscoe County, Texas",-474105.62,-319540.26,1672,1.0316,13.2,21.8,2.51,31.22,40385,23,0.4324,6.23,-0.3323,2.72,56.73,11.48,78.6,12.71
48047,TX,BROOKS,"Brooks County, Texas",-221487.62,-1163036.32,7217,1.0555,24.4,15.7,0.1,94.49,24913,14.6,0.5233,2.57,1.0831,1.77,47.45,7.94,76.5,75.96
48049,TX,BROWN,"Brown County, Texas",-282853.34,-635705.69,37935,0.9779,14.9,19,4.37,21,43235,18.5,0.458,15.02,2.7414,2.77,48.02,5.34,85.3,11.89
48051,TX,BURLESON,"Burleson County, Texas",-59530.99,-782534.75,17417,0.9951,13.2,19.4,12.33,19.88,52513,14.8,0.4375,13.34,2.3228,2.2,51.96,7.03,80.1,21.9
48053,TX,BURNET,"Burnet County, Texas",-208331.10,-747475.14,44584,0.9763,12.9,21.2,1.8,21.51,54259,23,0.4506,6.4,2.8515,4,55.08,4.94,84.2,20.6
48055,TX,CALDWELL,"Caldwell County, Texas",-156434.71,-854153.11,39848,1.0096,18.1,13.3,7.14,49.82,49533,14.7,0.4167,8.87,3.34,5.01,40.09,8.22,79.1,41.75
48057,TX,CALHOUN,"Calhoun County, Texas",-59077.03,-1002656.30,21805,1.0254,14.8,16,2.78,47.84,54167,15.4,0.416,25.11,2.81,3,42.88,9.97,83.5,31.35
48059,TX,CALLAHAN,"Callahan County, Texas",-316007.04,-576229.25,13596,0.9236,11.1,19.7,1.38,8.92,40568,14.7,0.4911,9.45,1.7642,2.6,53.92,2.14,77.6,10.47
48061,TX,CAMERON,"Cameron County, Texas",-153110.77,-1263169.61,418785,0.9364,16.7,12.4,0.56,88.99,34578,16.8,0.4952,5.54,5.201,3.48,32.19,23.98,69.5,66.84
48063,TX,CAMP,"Camp County, Texas",94896.28,-505968.82,12631,0.9613,13.8,17.4,16.58,23.66,40045,15,0.44,17.94,3.215,1.78,48.73,11.55,82.4,28.24
48065,TX,CARSON,"Carson County, Texas",-481848.17,-221261.88,6027,0.8947,12.6,16.8,0.85,9.56,64554,26.4,0.3866,11.53,0.9277,3.21,66.37,2.04,87.7,8.68
48067,TX,CASS,"Cass County, Texas",153672.64,-493498.92,30346,0.9388,12.4,21.3,17.4,4.23,39366,14.4,0.4445,15.49,2.5261,1.84,52.55,1.9,83.4,19.73
48069,TX,CASTRO,"Castro County, Texas",-569841.50,-313798.72,7875,1.0333,15.3,13.9,0.84,62.87,42733,13.1,0.4838,7.24,1.2236,2.85,36.33,19.83,69.1,27.11
48071,TX,CHAMBERS,"Chambers County, Texas",134301.03,-865425.16,38072,0.9914,14.6,10.5,8.04,21.14,70396,21.1,0.43,18.16,3.2034,2.97,61.07,10.46,83.5,18.1
48073,TX,CHEROKEE,"Cherokee County, Texas",78689.26,-632849.12,51257,1.035,15.2,16.4,13.88,22.1,40769,17.4,0.4606,11.05,2.9336,2.39,43.97,8.96,80,21.17
48075,TX,CHILDRESS,"Childress County, Texas",-383068.10,-324183.30,7059,1.2734,22.3,15.2,7.15,20.29,37125,15.6,0.4585,6.22,1.3645,1.39,37,5.51,84.6,12.31
48077,TX,CLAY,"Clay County, Texas",-203041.42,-413452.21,10367,0.9975,12,20.7,0.86,5.51,45341,16.3,0.4693,7.65,1.302,2.09,61.66,2.16,83.9,10.91
48079,TX,COCHRAN,"Cochran County, Texas",-628768.35,-413443.84,2955,1.0478,15.5,14.3,3.35,56.82,38625,9.5,0.4967,4.24,0.3866,3.55,42.82,11.98,72.2,21.86
48081,TX,COKE,"Coke County, Texas",-426433.69,-617244.47,3228,1.088,9.7,26.6,0.81,21,41756,20.5,0.4832,1.7,0.3129,1.26,55.24,3.5,83.9,9.96
48083,TX,COLEMAN,"Coleman County, Texas",-325632.55,-634374.30,8476,1.0186,11.4,22.3,2.76,17.28,42049,14.2,0.4995,9.76,0.9529,2.14,55.03,1.84,75.7,10.88
48085,TX,COLLIN,"Collin County, Texas",-53028.92,-482360.69,886633,0.964,13.9,9.7,9.19,14.98,86188,50.2,0.4316,9.51,6.0085,5.47,55.99,19,88.2,41.16
48087,TX,COLLINGSWORTH,"Collingsworth County, Texas",-386557.04,-275240.32,3032,1.0281,13,17.6,3.66,32.78,40257,17,0.4334,3.27,0.2426,2.42,51.52,13.13,78.8,12.85
48089,TX,COLORADO,"Colorado County, Texas",-50952.84,-879337.78,20792,0.9828,12.8,20.4,13.77,28.16,45398,18.4,0.4755,9.56,2.1234,2.36,53.24,9.09,83.5,23.91
48091,TX,COMAL,"Comal County, Texas",-220073.76,-856053.08,124234,0.9701,12.9,17.3,1.99,26.36,69666,34.5,0.442,6.85,4.4512,4.51,65,6.43,86.1,23.98
48093,TX,COMANCHE,"Comanche County, Texas",-240692.41,-617566.22,13506,0.9868,12.4,23.5,1.4,26.93,39054,17,0.459,13.22,1.7157,2.2,50.16,6.97,76.6,15.4
48095,TX,CONCHO,"Concho County, Texas",-366328.29,-682550.94,4142,2.2084,17.9,15.9,0.7,55.46,48516,11.5,0.4774,2.94,0.4859,3.28,29.71,33.17,83.5,14.33
48097,TX,COOKE,"Cooke County, Texas",-111698.29,-431410.74,38878,0.9857,14.8,17.3,2.64,16.92,56269,21.6,0.4381,17.57,2.8425,2.64,54.14,8.42,83.8,15.14
48099,TX,CORYELL,"Coryell County, Texas",-170478.43,-681221.53,75710,0.9886,22.9,8.9,14.21,17.54,49275,15.1,0.4162,4.6,3.3244,5.28,32.19,6.35,89.8,29.29
48101,TX,COTTLE,"Cottle County, Texas",-391817.57,-374316.29,1560,0.9573,11.8,28.7,15.06,28.59,33750,16.2,0.451,0.46,-0.4022,2.29,51.35,4.62,81,15.38
48103,TX,CRANE,"Crane County, Texas",-616609.78,-657491.74,4823,1.0428,15.1,12.2,4.35,61.43,60133,12.9,0.4428,3.86,0.8637,2.6,41.29,17.71,83,22.18
48105,TX,CROCKETT,"Crockett County, Texas",-516734.85,-742400.06,3836,0.9753,16.3,13.9,0.36,63.11,50646,11,0.4596,1.54,-0.6395,3.08,48.42,8.34,78.5,27.51
48107,TX,CROSBY,"Crosby County, Texas",-488124.12,-421255.46,5987,0.9445,13.3,18.6,3.98,54.3,39026,12.1,0.4471,4.12,0.9431,4.57,39.81,3.12,78.3,28.38
48109,TX,CULBERSON,"Culberson County, Texas",-805474.83,-640531.94,2259,1.0706,18.7,17.6,0.4,78.09,33981,7.7,0.4723,1.05,-1.4749,4.3,44.21,14.03,79.8,61.85
48111,TX,DALLAM,"Dallam County, Texas",-587202.00,-116512.87,7052,1.1228,17.5,8.5,1.36,42.64,43897,11.8,0.4081,6.26,0.5941,3.95,31.87,15.92,75.1,14.97
48113,TX,DALLAS,"Dallas County, Texas",-72453.08,-529242.79,2513054,0.9712,18,9.7,22.42,39.31,51411,29.7,0.5034,8.86,7.0133,4.6,41.31,23.65,76.8,63.68
48115,TX,DAWSON,"Dawson County, Texas",-553787.68,-514887.24,13317,1.2807,20.6,14.4,5.86,55.58,42354,12.6,0.4888,5.54,1.7424,2.58,35.34,7.54,79.2,24.06
48117,TX,DEAF SMITH,"Deaf Smith County, Texas",-597645.66,-263000.24,19039,0.9913,16.5,11.7,1.24,70.69,47219,14.2,0.3976,16.83,1.5915,2.85,32.47,16.64,80.9,28.93
48119,TX,DELTA,"Delta County, Texas",30276.42,-460313.61,5226,0.9478,13.3,21.1,8.71,6.72,40529,18.6,0.4371,14.88,2.0614,1.97,56.1,1.66,83.3,17.89
48121,TX,DENTON,"Denton County, Texas",-103463.99,-479980.92,754650,0.9676,17.1,8.7,9.07,18.9,76678,42.2,0.4362,8.26,5.8041,5.74,53.55,14.42,86.7,39.39
48123,TX,DEWITT,"DeWitt County, Texas",-132232.22,-938220.18,20660,1.1054,12.6,19.2,9.97,33.96,50582,14.6,0.5242,10.91,2.172,2.37,42.69,3.41,85.2,17.4
48125,TX,DICKENS,"Dickens County, Texas",-440165.34,-423595.49,2237,1.0771,10.7,22.4,4.25,27.94,42118,14.3,0.4834,3.07,-0.0431,2.86,51.24,4.6,78.8,14.5
48127,TX,DIMMIT,"Dimmit County, Texas",-368889.08,-1004826.75,10842,0.9364,15.6,14.4,0.3,86.15,32204,10.5,0.5301,2.19,1.1474,2.42,42.43,5.53,71.4,69.05
48129,TX,DONLEY,"Donley County, Texas",-435758.06,-272820.11,3506,1.0372,18.7,22.7,4.05,10.35,40560,16.5,0.4379,7.36,0.3787,3.34,52.1,2.17,81.9,13.49
48131,TX,DUVAL,"Duval County, Texas",-248551.45,-1090733.74,11510,1.0451,17.5,17.6,1.29,89.11,33115,8.9,0.5176,5.1,0.9074,1.66,47.9,4.44,72.3,67.89
48133,TX,EASTLAND,"Eastland County, Texas",-265244.27,-574597.77,18252,0.9824,15.8,21.2,2.12,15.63,34434,14.6,0.5508,11.44,2.029,2.53,48.47,3.77,78.3,11.43
48135,TX,ECTOR,"Ector County, Texas",-615824.60,-608368.36,153177,1.0196,19.5,9.7,4.28,57.69,58335,15.2,0.4553,7.25,4.1878,3.45,33.97,13.48,76.7,29.06
48137,TX,EDWARDS,"Edwards County, Texas",-414874.23,-829930.20,2028,0.8554,14.1,27.1,0.1,54.24,39457,24,0.4325,0.31,-0.995,2.24,63.29,10.4,83.1,28.88
48139,TX,ELLIS,"Ellis County, Texas",-74396.92,-575861.79,160225,0.9732,15.3,11.8,9.42,25.05,64382,21.9,0.4118,13.96,4.1914,3.89,54.59,8.47,83.4,26.56
48141,TX,EL PASO,"El Paso County, Texas",-963393.81,-588871.83,833592,0.9601,19.3,11.2,3.49,81.78,42075,21.7,0.4611,7.13,5.761,4.98,35.86,25.36,76.2,72.7
48143,TX,ERATH,"Erath County, Texas",-207938.48,-586262.39,40641,0.966,28.5,13.6,1.6,20.22,42492,28.2,0.5088,14.18,2.6733,3.76,43.38,7.83,79.8,16.16
48145,TX,FALLS,"Falls County, Texas",-88837.81,-697709.09,17265,0.9117,16.5,16.6,24.38,22.51,38547,11.9,0.4449,13.63,2.1643,2.34,38.62,5.71,81.1,32.86
48147,TX,FANNIN,"Fannin County, Texas",-9862.12,-437194.55,33757,1.1187,14.2,18.6,6.76,10.42,45471,15.6,0.4318,15.03,2.6831,3.02,45.22,5.84,82.4,18.25
48149,TX,FAYETTE,"Fayette County, Texas",-88804.83,-850655.90,24909,0.9742,11.3,23.7,6.42,19.88,51290,17.1,0.4839,12.13,2.3149,2.57,56.86,6.83,85.7,19.69
48151,TX,FISHER,"Fisher County, Texas",-410010.04,-522696.42,3847,0.8858,16.1,23.2,3.59,31.27,41531,18.4,0.4835,7.38,0.5022,3.53,56.6,4.7,81.3,24.16
48153,TX,FLOYD,"Floyd County, Texas",-485571.35,-370174.15,6088,0.9469,13.9,18.4,2.79,57.15,43070,16.4,0.4629,4.31,0.8626,2.55,44.26,7.52,77,22.79
48155,TX,FOARD,"Foard County, Texas",-346426.01,-387756.51,1320,0.9469,10.4,29.1,1.97,16.36,48068,16,0.3664,4.84,-0.3236,3.31,48.52,3.33,85.5,22.78
48157,TX,FORT BEND,"Fort Bend County, Texas",22213.06,-889791.80,683756,0.9658,14,9.5,20.75,23.99,91152,44.6,0.4308,8.89,5.7246,3.85,53.31,27.06,86.9,53.45
48159,TX,FRANKLIN,"Franklin County, Texas",72420.27,-483617.66,10571,1.0321,11.7,19.5,4.32,13.67,42652,19,0.501,12.87,2.6639,2.97,54.81,6.95,79.1,15.65
48161,TX,FREESTONE,"Freestone County, Texas",-14067.93,-647869.42,19585,1.0971,12.2,18.5,15.92,14.41,45134,11.5,0.4591,7.58,2.1535,2.43,50.82,6.92,81.1,19.62
48163,TX,FRIO,"Frio County, Texas",-303627.56,-957920.83,18542,1.4423,23.1,12.2,3.72,78.35,37163,7.3,0.5274,7.78,1.8431,2.27,31.39,12.47,75.4,56.84
48165,TX,GAINES,"Gaines County, Texas",-617717.77,-510830.60,19485,1.0414,16.6,9.2,2.34,39.73,58788,10.5,0.4478,3.88,1.611,2.51,36.59,24.11,67.4,13.25
48167,TX,GALVESTON,"Galveston County, Texas",100683.99,-904156.00,314485,0.9752,15.4,12.8,13.06,23.56,63064,28.9,0.4691,10.42,5.7696,4.47,51.9,9.67,84.7,37.18
48169,TX,GARZA,"Garza County, Texas",-490689.59,-469739.00,6614,1.7547,16.6,10.6,3.58,55.22,52708,8.8,0.4627,7.27,1.0502,1.95,27.5,36.62,78.9,15.81
48171,TX,GILLESPIE,"Gillespie County, Texas",-282858.84,-797708.21,25732,0.9521,10.4,28.4,0.21,21.81,55850,34.1,0.4514,4.94,2.2395,3.63,64.03,9.77,81.8,17.97
48173,TX,GLASSCOCK,"Glasscock County, Texas",-519739.02,-614447.71,1253,1.1492,10,13.2,0,37.27,62159,25.2,0.4733,0.37,-0.621,2.81,67.14,19.55,78.5,5.79
48175,TX,GOLIAD,"Goliad County, Texas",-139717.10,-985153.82,7463,1.0121,12,20.3,5.52,35.29,54375,16,0.4948,9.75,1.2185,3.1,63.45,2.1,88.9,27.08
48177,TX,GONZALES,"Gonzales County, Texas",-144820.98,-896535.89,20370,1.022,15.1,16.1,6.22,49.62,46630,13.7,0.4834,17.78,1.9979,2.78,42.54,14.05,77.4,25.51
48179,TX,GRAY,"Gray County, Texas",-433164.07,-224125.37,23028,1.1154,14.7,15.6,4.63,27.36,45264,13.6,0.4288,8.58,2.262,2.75,43.05,9.93,81.2,9.73
48181,TX,GRAYSON,"Grayson County, Texas",-62431.40,-433296.58,124231,0.9553,14.9,16.9,5.82,12.36,50212,20.2,0.4457,13.07,3.94,3.78,50.09,6.12,82.5,22.58
48183,TX,GREGG,"Gregg County, Texas",110585.70,-560763.22,123283,0.961,17,14.1,20.15,17.87,47140,20.7,0.46,12.54,5.1598,3.13,45.64,8.95,80,28.87
48185,TX,GRIMES,"Grimes County, Texas",1393.08,-777089.41,27140,1.2239,14.7,16.2,16.09,23.03,47839,13.2,0.4655,12.02,2.5883,2.87,45.21,9,82.6,23.7
48187,TX,GUADALUPE,"Guadalupe County, Texas",-188750.43,-881723.84,147313,0.9757,14.9,13,7.14,36.94,64599,26.5,0.4073,11.63,4.3816,4.84,53.19,7.68,85.5,33.42
48189,TX,HALE,"Hale County, Texas",-533472.43,-367582.20,35007,1.0777,18.6,12.7,4.43,58.35,44995,15.8,0.4219,10.11,2.5992,4.41,35.14,9.86,79.7,24.81
48191,TX,HALL,"Hall County, Texas",-426134.03,-321981.38,3162,1.0051,13.3,22.9,6.99,34,27244,12.5,0.517,1.97,0.3234,3.12,45.34,10.53,75.4,15.52
48193,TX,HAMILTON,"Hamilton County, Texas",-199224.36,-645676.78,8232,0.9521,12.1,26.1,0.72,11.5,45105,21.5,0.4978,8.13,1.3356,2.24,55.24,3.41,82.6,13.53
48195,TX,HANSFORD,"Hansford County, Texas",-476372.04,-123562.92,5552,0.9864,13.3,15.5,0.23,45.64,41335,20.8,0.4599,1.93,0.8461,2.36,49.6,21.02,81.1,9
48197,TX,HARDEMAN,"Hardeman County, Texas",-342070.00,-352628.35,3952,0.9584,11.5,19.1,8.27,23.05,35156,13.5,0.4526,10.16,0.7862,3.77,50.18,7.31,79.4,17.1
48199,TX,HARDIN,"Hardin County, Texas",154521.47,-799203.25,55624,0.9767,14.1,15.3,5.56,5.18,54352,16.1,0.4659,13.33,3.1828,1.73,54.53,1.81,82.4,12.42
48201,TX,HARRIS,"Harris County, Texas",58573.90,-852996.69,4434257,0.9894,17.9,9.2,18.93,41.85,55584,30.1,0.4982,10.1,6.912,4.44,40.65,25.66,77.8,56.46
48203,TX,HARRISON,"Harrison County, Texas",152101.61,-552594.11,66431,0.962,14.9,15.2,21.35,12.33,46230,17.7,0.4702,12.62,3.3499,2.44,53.57,6.28,82,27.61
48205,TX,HARTLEY,"Hartley County, Texas",-590672.38,-165423.03,5966,1.5173,12.1,14.7,8.31,25.39,64614,20.1,0.3806,7.22,0.4547,2.51,41.68,9.32,86.5,9.09
48207,TX,HASKELL,"Haskell County, Texas",-345560.12,-476822.50,5812,1.2562,17.2,22,3.08,26.55,41067,13.5,0.446,3.37,0.9102,2.99,35.83,17.93,80.6,18.29
48209,TX,HAYS,"Hays County, Texas",-195595.10,-828874.33,185686,0.9867,24.8,10,3.67,37.07,60495,36.3,0.4596,6.44,4.661,7.09,50.87,7.93,85.4,49.55
48211,TX,HEMPHILL,"Hemphill County, Texas",-382222.93,-177655.59,4151,0.9164,12.8,12.9,1.18,34.83,67773,23.2,0.4131,4.38,0.5701,3.07,59.96,13.83,73.7,11.02
48213,TX,HENDERSON,"Henderson County, Texas",13740.05,-591364.33,79213,0.9498,13.4,20.8,6.79,11.76,43434,17.5,0.4688,9.94,3.5554,2.42,48.69,5.64,80,19.34
48215,TX,HIDALGO,"Hidalgo County, Texas",-219340.71,-1232946.99,828334,0.9524,17.8,10.4,0.59,91.48,36094,17.4,0.4915,4.25,5.3161,3.45,31.58,27.88,67.1,70.95
48217,TX,HILL,"Hill County, Texas",-106484.96,-615410.30,34901,0.9735,13.6,20,7.02,19.58,43441,16,0.4441,11.5,2.6429,2.43,48.71,7.42,80.3,20.13
48219,TX,HOCKLEY,"Hockley County, Texas",-584122.87,-416154.84,23377,0.9724,19.2,13.5,3.78,46.38,50331,14.7,0.4374,3.86,2.2962,3.31,42.55,7.44,79.8,17.82
48221,TX,HOOD,"Hood County, Texas",-171379.33,-565430.14,54217,0.972,11.8,23.9,0.71,11.63,58315,25.8,0.4546,6.49,3.9073,3.32,61.39,3.23,83.2,15.79
48223,TX,HOPKINS,"Hopkins County, Texas",40413.44,-486708.43,35844,0.9638,14,17.5,6.79,15.99,45748,17.1,0.4538,11.04,2.8925,2.37,50.49,8.41,78.7,18.99
48225,TX,HOUSTON,"Houston County, Texas",54731.89,-690813.99,22802,1.1558,13,20.5,25,10.56,32434,14.5,0.4653,8.03,1.9674,2.04,45.34,3.92,84.2,24.17
48227,TX,HOWARD,"Howard County, Texas",-508947.71,-566328.98,36423,1.3098,18,12.5,5.65,40.52,50977,12.6,0.466,5.19,2.748,3.62,30.78,9.03,82.9,21.05
48229,TX,HUDSPETH,"Hudspeth County, Texas",-887201.61,-631787.18,3481,1.0052,14.9,16,1.26,78.4,26635,7.5,0.5027,2.77,-1.224,5.05,33.41,37.06,72.1,39.18
48231,TX,HUNT,"Hunt County, Texas",-7934.04,-489715.88,89068,0.9742,16.2,15.3,8.28,14.84,45643,17.3,0.4468,15.06,3.7117,3.96,46.61,6.2,81,21.1
48233,TX,HUTCHINSON,"Hutchinson County, Texas",-479139.35,-172465.43,21782,0.993,14,14.8,2.27,22.17,50114,15.3,0.4499,15.83,2.2489,3.18,50.8,5.11,83.5,10.82
48235,TX,IRION,"Irion County, Texas",-472402.81,-680122.41,1631,1.0567,13.9,17,0,23.24,64100,15.7,0.4323,1.99,-0.5127,2.09,63.04,4.41,80,12
48237,TX,JACK,"Jack County, Texas",-201141.87,-475143.25,8866,1.3155,17.1,15.7,4.48,15.88,50390,10.8,0.4857,5.95,1.3242,1.88,48.19,5.55,81.1,9.55
48239,TX,JACKSON,"Jackson County, Texas",-56358.51,-953156.29,14678,0.9626,13.3,16.4,7.32,31.61,56601,17.3,0.4255,19.19,1.9217,2.49,48.68,7.43,85.1,17.49
48241,TX,JASPER,"Jasper County, Texas",188631.95,-752882.60,35640,0.9546,13.3,17.9,16.58,6.52,44552,10.6,0.4384,10.8,2.6851,1.64,49.74,2.74,81.2,19.62
48243,TX,JEFF DAVIS,"Jeff Davis County, Texas",-776791.89,-724628.02,2221,0.9032,6.6,31.5,0.54,35.88,50174,38.4,0.4123,1.49,-0.9711,6.21,65.96,19.72,80.4,37.78
48245,TX,JEFFERSON,"Jefferson County, Texas",177305.88,-848571.33,252993,1.0467,17.5,13.4,33.87,18.96,44965,18.8,0.4906,12.13,4.7137,2.64,45.45,11.66,78.5,49.75
48247,TX,JIM HOGG,"Jim Hogg County, Texas",-269216.98,-1160503.48,5218,0.9969,13.3,19,0.04,90.09,34769,11.1,0.4697,4.91,0.5728,2.55,56.72,5.1,78.1,79.18
48249,TX,JIM WELLS,"Jim Wells County, Texas",-206951.11,-1086239.66,41486,0.9611,16.2,14.1,0.65,79.93,43321,10.7,0.4949,4.02,2.9185,2.14,41.67,6.06,79,55.26
48251,TX,JOHNSON,"Johnson County, Texas",-127887.86,-571842.77,157544,0.9933,14.9,13.2,2.55,19.76,59095,17.7,0.4125,12.54,4.4299,3.88,49.68,6.14,80.7,19.84
48253,TX,JONES,"Jones County, Texas",-361300.14,-525146.83,19944,1.8003,20.1,14.3,14.69,26.85,47007,11,0.4626,3.33,2.1154,3.44,35.53,3.35,82.5,16.26
48255,TX,KARNES,"Karnes County, Texas",-181580.27,-956918.44,14984,1.4763,20.1,14.5,9.14,52.18,46058,12.3,0.5541,5.91,2.0463,2.1,35.2,5.93,85.6,27.86
48257,TX,KAUFMAN,"Kaufman County, Texas",-26859.44,-548169.32,111830,0.9668,14.1,11.8,10.06,19.16,60179,19.4,0.412,10.36,4.0129,3.39,51.11,7.74,82.6,25.78
48259,TX,KENDALL,"Kendall County, Texas",-261486.99,-839824.17,39010,0.924,11.9,19.1,0.83,22.38,76350,39.3,0.4456,7.14,3.124,3.86,67.42,6,91,18.83
48261,TX,KENEDY,"Kenedy County, Texas",-170090.47,-1175456.54,558,1.1379,20.5,15.8,0,71.15,24000,11.5,0.4285,3.28,-1.9124,1.61,46.04,25.09,67.4,54.1
48263,TX,KENT,"Kent County, Texas",-442491.02,-472134.81,667,0.9333,14.4,28.5,0.6,17.39,50625,23.9,0.4656,0.63,-1.254,3.46,81.54,1.65,88.3,14.08
48265,TX,KERR,"Kerr County, Texas",-322548.66,-824889.23,50505,0.9323,13.3,26.6,1.52,25.67,44261,26.2,0.4625,5.51,2.8721,3.82,57.3,7.2,82.7,20.89
48267,TX,KIMBLE,"Kimble County, Texas",-359074.30,-776266.17,4453,0.9437,9.6,30.6,0.02,22.61,41263,17,0.5001,6.77,0.318,2.51,52.81,5.66,75.6,10.83
48269,TX,KING,"King County, Texas",-392022.58,-425872.14,274,1.0602,16.1,12.4,0,23.36,57083,23.2,0.3845,2.44,-2.1529,3.14,72.9,16.06,76.3,3.25
48271,TX,KINNEY,"Kinney County, Texas",-429016.41,-899507.01,3578,1.439,13.3,17.4,0.08,62.52,34398,13.2,0.4398,0.51,0.0156,2.52,49.77,21.07,77.2,32.86
48273,TX,KLEBERG,"Kleberg County, Texas",-171632.85,-1119730.87,31877,1.0698,27.8,12.7,3.89,71.95,41469,25.3,0.459,5.49,2.6366,4.51,39.52,7.04,79.3,51.92
48275,TX,KNOX,"Knox County, Texas",-344707.87,-429036.36,3807,1.0369,12.9,20.4,7.12,32.44,42188,18.3,0.4079,4.16,0.547,3.07,48.72,7.91,82.4,18.64
48277,TX,LAMAR,"Lamar County, Texas",39491.37,-428907.97,49626,0.9356,14.9,18.2,12.28,7.23,40283,16.7,0.475,15.94,3.0503,2.51,49.09,4.49,80.4,19.75
48279,TX,LAMB,"Lamb County, Texas",-581468.49,-364715.27,13561,1.0277,14.2,16.4,4.99,53.96,41401,17.4,0.4519,9.23,1.6395,2.83,41.09,9.94,79,19.86
48281,TX,LAMPASAS,"Lampasas County, Texas",-212880.80,-701983.48,20357,0.9602,12.6,17.7,3.57,18.71,50358,20.5,0.4145,5.38,2.4003,4.11,53.24,5.27,83.8,18.85
48283,TX,LA SALLE,"La Salle County, Texas",-304670.93,-1015729.26,7319,1.3771,21.5,14.4,1.28,83.66,40094,14.6,0.604,4.88,0.6423,2.82,37.46,8.83,74.6,56.42
48285,TX,LAVACA,"Lavaca County, Texas",-90305.07,-905245.44,19654,0.9394,11.9,22.1,6.77,17.73,47753,16.2,0.468,15.26,2.0574,1.66,57.53,5.48,85.9,13.74
48287,TX,LEE,"Lee County, Texas",-92714.87,-802458.92,16754,1.019,13.7,16.9,11.54,23.12,54346,17,0.4582,9.71,2.3305,2.54,50.66,7.26,85.4,21.54
48289,TX,LEON,"Leon County, Texas",388.67,-693342.88,16923,0.9879,11.6,23.1,7.46,13.98,47441,16.7,0.4752,7.53,1.8064,1.87,56.94,6.94,81.8,12.45
48291,TX,LIBERTY,"Liberty County, Texas",114292.80,-819883.19,78598,0.9834,16.4,12.8,10.35,20.72,49655,10,0.4435,15.94,3.2656,2.11,41.28,7.63,79,20.47
48293,TX,LIMESTONE,"Limestone County, Texas",-54883.80,-665471.22,23469,1.0504,15.5,17.4,17.83,20.8,37431,14.9,0.4659,10.3,2.3035,2.13,42.94,9.79,76,23.48
48295,TX,LIPSCOMB,"Lipscomb County, Texas",-380233.82,-128414.96,3507,1.1796,15.7,14.1,0.48,29.17,60163,17.7,0.4335,4.83,0.3733,2.85,52.17,11.61,82,10.43
48297,TX,LIVE OAK,"Live Oak County, Texas",-208852.82,-1017689.10,11976,1.2137,12.7,19.8,2.97,37.93,50741,11.1,0.4364,9.85,1.4923,2.23,45.24,7.78,80,17.64
48299,TX,LLANO,"Llano County, Texas",-256452.78,-755413.66,19624,0.9418,9.1,34.3,1.3,9.56,48562,26.6,0.517,4.53,2.0933,3.09,62.93,3.24,82.2,18.03
48301,TX,LOVING,"Loving County, Texas",-713412.97,-603321.30,76,1.1111,3.9,25,0,15.79,56875,3,0.4162,0,-3.1263,4.62,92.86,11.84,80.3,6.45
48303,TX,LUBBOCK,"Lubbock County, Texas",-536038.84,-418947.89,294682,0.9749,25,11.8,7.22,33.89,46859,28,0.478,5.21,4.8445,5.39,44.27,5.63,84,29.92
48305,TX,LYNN,"Lynn County, Texas",-538594.42,-467274.62,5723,1.0208,13.9,16.1,2.22,47.37,40722,17.2,0.4787,3.29,0.9073,2.99,47.63,6.66,76.1,20.68
48307,TX,MCCULLOCH,"McCulloch County, Texas",-317886.83,-698611.43,8242,1.03,12.3,21.7,2.39,30.95,40784,16.1,0.45,5.32,1.0941,2.22,49.54,4.84,79.5,15.89
48309,TX,MCLENNAN,"McLennan County, Texas",-113657.03,-664140.95,243394,0.952,21.6,13.4,14.4,25.13,44246,22.2,0.4747,11.28,4.5066,4.74,43.26,8.47,83.5,35.93
48311,TX,MCMULLEN,"McMullen County, Texas",-252395.78,-1016462.99,671,1.1928,20.1,28,0,48.14,57589,16.2,0.4999,6.43,-1.4815,1,98.37,6.71,86.3,8.1
48313,TX,MADISON,"Madison County, Texas",6811.24,-730141.37,13843,1.7223,24.8,14.5,18.52,22.18,43209,12.3,0.4361,7.16,2.4396,1.33,36.45,8.35,80.9,20.82
48315,TX,MARION,"Marion County, Texas",152951.17,-524697.98,10191,0.9681,11.1,23.6,23.77,3.83,35424,12.7,0.4849,8.29,2.3351,2.12,50.84,0.87,81.8,28.09
48317,TX,MARTIN,"Martin County, Texas",-557173.70,-563454.72,5451,1.0431,16.5,12.5,0.7,46.12,63992,19.3,0.4849,3.53,0.833,2.33,46.11,8.15,77.7,15.46
48319,TX,MASON,"Mason County, Texas",-308178.54,-752474.28,4064,1.064,10.7,26.1,0.02,24.93,38496,23.7,0.472,3.88,0.5244,2.28,62.72,9.08,78,17.61
48321,TX,MATAGORDA,"Matagorda County, Texas",-1099.05,-968054.79,36719,0.9756,15.1,15.4,10.65,40.65,41253,15.2,0.4801,12.02,2.5628,2.71,44.95,10.25,78.5,29.5
48323,TX,MAVERICK,"Maverick County, Texas",-421995.51,-967210.95,56830,0.9801,18.1,11.3,0.2,95.45,37155,11.7,0.4656,4.73,2.842,2.76,35.27,33.07,68.9,78.69
48325,TX,MEDINA,"Medina County, Texas",-302042.34,-903919.85,47920,1.0999,16,15.3,2.26,50.85,58333,19.4,0.4435,4.71,2.6362,3.06,47.35,5.12,85.9,27.72
48327,TX,MENARD,"Menard County, Texas",-364160.19,-731242.68,2163,1.1352,12.7,22.5,1.29,39.39,37917,15.1,0.4823,4.44,-0.077,3.24,52.35,4.3,69.8,18.42
48329,TX,MIDLAND,"Midland County, Texas",-567770.48,-611564.16,155817,1.0004,18.9,10.1,6.24,42.26,71424,26.2,0.4773,4.97,4.2021,4.5,43.74,11.12,80.3,21.33
48331,TX,MILAM,"Milam County, Texas",-93265.11,-749599.17,24372,0.9902,12.7,19.5,8.53,25.27,39213,15.7,0.4649,8.89,2.2251,2.87,47.34,5.36,85.5,24.37
48333,TX,MILLS,"Mills County, Texas",-245581.43,-667869.16,4871,0.9185,9.8,27,0.31,17.08,44375,22.8,0.4665,4.09,0.9216,2.27,61.05,7.12,86.1,11.08
48335,TX,MITCHELL,"Mitchell County, Texas",-460823.67,-568951.20,8995,1.6133,22.4,14.1,10.78,39.22,51555,11.1,0.4001,4.64,1.3381,2.82,30.21,7.05,81.7,16.59
48337,TX,MONTAGUE,"Montague County, Texas",-158792.12,-426620.68,19384,0.9582,12.6,21.6,0.1,10.43,46383,14.8,0.4481,5.61,2.0844,2.24,57.65,5.16,78.4,10.52
48339,TX,MONTGOMERY,"Montgomery County, Texas",47746.47,-803960.33,518849,0.98,14.3,12.1,4.43,22.44,70805,33,0.4752,9.63,5.2589,4.15,53.88,12.92,84.7,23.37
48341,TX,MOORE,"Moore County, Texas",-527264.64,-169874.79,22186,1.0625,17.1,9.7,3.74,53.31,50552,13.5,0.3943,28.23,2.2535,3.96,34.97,27.53,80.5,21.64
48343,TX,MORRIS,"Morris County, Texas",117528.80,-490059.69,12653,0.9218,13.3,19.8,24.18,8.76,37902,16.5,0.4582,22.14,2.9646,2.05,50.91,3.5,83.3,29.25
48345,TX,MOTLEY,"Motley County, Texas",-437680.08,-372529.83,1022,1.1247,12.8,30.7,0.29,11.15,35433,17.4,0.4369,0.67,-0.9194,1.46,75.6,1.47,75,6.6
48347,TX,NACOGDOCHES,"Nacogdoches County, Texas",130811.21,-656828.18,65556,0.9133,25.9,12.8,18.08,18.67,38915,25.2,0.5042,10.91,3.2862,4.44,45.11,9.28,78.9,31.67
48349,TX,NAVARRO,"Navarro County, Texas",-44418.15,-609662.80,48177,0.9694,14.7,16.2,13.64,25.63,43388,15.7,0.45,15.46,2.9136,2.66,46.28,11.27,79.3,25.02
48351,TX,NEWTON,"Newton County, Texas",215250.83,-747594.94,14138,1.0037,17.3,17.7,21.15,3.39,36829,7.5,0.4341,13.86,1.7658,1.63,49.8,1.04,82.2,21.23
48353,TX,NOLAN,"Nolan County, Texas",-412631.09,-571617.82,15017,1.0228,15.2,17,5.52,35.82,38411,12.7,0.4793,12.3,1.8496,5.68,43.3,3.65,82.2,22.46
48355,TX,NUECES,"Nueces County, Texas",-159725.48,-1087749.65,355667,0.9703,17.7,13,3.91,62.55,51882,20.5,0.4611,6.43,5.0987,4.25,39.3,8.2,81.7,49.22
48357,TX,OCHILTREE,"Ochiltree County, Texas",-428465.46,-126025.96,10577,1.0423,16.2,10,0.22,52.16,50011,16.4,0.4642,4.99,1.4929,3.33,41.8,20.64,76.2,9.44
48359,TX,OLDHAM,"Oldham County, Texas",-594034.09,-214001.79,2069,1.0963,14.1,15.7,5.8,16.19,52292,25.9,0.4815,3.25,-0.6304,2.11,69.42,2.37,87.7,8.41
48361,TX,ORANGE,"Orange County, Texas",202680.73,-821702.31,83751,0.9789,14.9,15,8.14,6.82,51443,15.2,0.4512,15.64,4.5735,2.35,50.81,2.48,84.4,18.35
48363,TX,PALO PINTO,"Palo Pinto County, Texas",-215460.26,-528424.31,27922,0.9708,14.1,18.2,2.28,19.59,42824,15.8,0.4879,12.89,2.4267,2.71,48.27,6.62,78.2,17.09
48365,TX,PANOLA,"Panola County, Texas",159011.15,-595496.40,23771,0.9673,14.5,17,16.81,8.52,50712,14.2,0.4441,6.77,2.4259,1.31,57.66,4.17,82.3,17.85
48367,TX,PARKER,"Parker County, Texas",-168096.29,-526714.02,123601,0.9931,13.9,14.7,1.47,11.16,67979,27,0.4437,11.02,3.9669,3.52,60.97,4.48,84.7,15.22
48369,TX,PARMER,"Parmer County, Texas",-617339.95,-310512.91,9921,1.0566,16.3,12.6,1.47,61.76,48589,16,0.4265,19.27,1.4699,2.68,35.26,20.32,78.3,20.21
48371,TX,PECOS,"Pecos County, Texas",-641344.89,-727963.21,15826,1.3442,16.8,12.4,4.39,68.17,51735,9.6,0.4099,1.68,0.2489,3.89,35.02,14,81.4,38.64
48373,TX,POLK,"Polk County, Texas",111683.33,-748697.34,46583,1.1578,13.5,19.6,10.6,14.28,40864,12,0.4476,7.91,2.8341,2.46,53.61,6.54,80.6,21.62
48375,TX,POTTER,"Potter County, Texas",-530376.41,-218633.36,121883,1.058,17.4,11.6,9.51,37.16,40340,14.6,0.4819,11.53,3.9475,4.76,32.47,15,77.3,28.06
48377,TX,PRESIDIO,"Presidio County, Texas",-793170.19,-803084.90,7144,0.9648,11.1,20.5,0,81.79,33453,25,0.4491,3.38,-0.3348,4.44,43.05,36.69,64.1,69.1
48379,TX,RAINS,"Rains County, Texas",19223.01,-517939.94,11087,1.0403,10.5,23.7,2.38,8.41,50405,9.5,0.4021,14.52,2.9262,2.23,53.33,3.95,81.1,13.66
48381,TX,RANDALL,"Randall County, Texas",-533679.81,-267247.72,128603,0.9657,17.8,13.4,2.78,19.39,62635,30.4,0.4263,8.14,3.9973,4.56,55.86,4.76,87.4,16.14
48383,TX,REAGAN,"Reagan County, Texas",-523213.69,-670384.48,3625,1.1424,15.2,10.5,1.85,65.99,59257,11.5,0.4045,1.04,0.1747,3.1,34.54,23.81,69.2,19.06
48385,TX,REAL,"Real County, Texas",-369043.12,-848661.77,3348,0.9275,9.3,34.1,0.15,19.65,37059,23.2,0.4231,3.53,0.6146,2.2,62.14,4.15,73.9,15.94
48387,TX,RED RIVER,"Red River County, Texas",87519.06,-433759.39,12455,0.905,13,22.7,17.41,7.19,35016,13.4,0.4629,20.03,1.5275,1.67,51.86,2.31,81.7,22.64
48389,TX,REEVES,"Reeves County, Texas",-728735.76,-660903.01,14438,1.5057,18.5,12.9,4.59,74.81,46464,11.2,0.4644,6.24,0.7492,3.39,28.53,24.55,80.5,53.93
48391,TX,REFUGIO,"Refugio County, Texas",-114639.77,-1022183.31,7315,0.9685,13.4,21.1,5,49.32,50145,10.8,0.4484,7.19,1.299,2.85,52.68,2.73,83.3,36.1
48393,TX,ROBERTS,"Roberts County, Texas",-430772.85,-175237.99,939,0.9481,12,16.6,0,2.88,72500,31.5,0.369,6.32,-0.9356,1.81,84.77,1.38,87.4,3.68
48395,TX,ROBERTSON,"Robertson County, Texas",-48816.88,-723193.28,16537,0.9869,13.7,18.5,20.02,19.79,49142,17.4,0.4246,6.98,2.0098,2.33,56.27,6.12,80.9,32.06
48397,TX,ROCKWALL,"Rockwall County, Texas",-37919.46,-514824.96,88010,0.959,12.6,11.7,5.51,16.73,89161,38,0.4101,9.8,5.5885,4.61,62.95,8.4,88.3,25.34
48399,TX,RUNNELS,"Runnels County, Texas",-374612.09,-625994.99,10411,0.9906,12.6,20.8,1.35,33.47,41339,18.1,0.4686,13.53,1.3415,2.09,47.67,3.65,82.6,12.23
48401,TX,RUSK,"Rusk County, Texas",116276.60,-602263.27,53197,1.1001,15.5,15.2,17.3,15.86,47424,14.7,0.4518,10.1,3.1014,2.02,46.55,7.03,79.2,21.14
48403,TX,SABINE,"Sabine County, Texas",203668.66,-685843.76,10367,0.9799,10.4,29,7.1,3.84,32500,12.9,0.4826,8.13,2.0975,0.84,56.65,0.75,77.9,13.31
48405,TX,SAN AUGUSTINE,"San Augustine County, Texas",173560.15,-680806.80,8556,0.9525,11,25.2,21.68,6.73,29426,11.5,0.5334,8.38,1.8286,1.04,52.4,2.33,78.7,25.76
48407,TX,SAN JACINTO,"San Jacinto County, Texas",79744.08,-772719.42,27172,0.9531,12.4,19.3,10.48,12.3,44878,10,0.447,8.85,2.914,2.38,49.24,5.09,80.3,20.18
48409,TX,SAN PATRICIO,"San Patricio County, Texas",-149878.09,-1056604.44,66706,1.0055,15.8,14.1,1.89,56.11,52659,14.5,0.4246,8.75,3.6147,3.49,44.66,5.81,80.5,37.66
48411,TX,SAN SABA,"San Saba County, Texas",-267706.46,-705096.31,5881,1.0966,16.6,21.8,3.38,29.2,40718,14.5,0.4482,6.48,0.6932,1.65,50.35,11.53,80.4,12.64
48413,TX,SCHLEICHER,"Schleicher County, Texas",-432492.23,-727376.31,3171,1.0379,12.9,15.3,0.25,50.96,59766,19.1,0.4495,2.12,-0.0681,2.83,47.04,14.13,77.7,20.21
48415,TX,SCURRY,"Scurry County, Texas",-457844.10,-519962.30,17314,1.1749,16.3,13.9,4.74,39.18,55661,15.4,0.4023,1.99,1.9992,2.76,41.11,4.13,85.2,14.25
48417,TX,SHACKELFORD,"Shackelford County, Texas",-312462.52,-527446.63,3323,0.9922,13.7,17.2,0.15,11.5,50285,25.2,0.4338,3.5,0.3388,1.53,59.87,3.25,82.3,6.95
48419,TX,SHELBY,"Shelby County, Texas",174906.62,-636417.87,25705,0.9636,14.3,15.9,17.86,17.6,36312,15.3,0.4846,13.01,2.5237,1.64,48.35,9.87,75.2,19.67
48421,TX,SHERMAN,"Sherman County, Texas",-524251.23,-120695.36,3069,1.1021,11.8,12.8,0.52,42.03,52969,21.6,0.4063,11.71,0.2498,3.42,40.3,15.74,76.3,10.63
48423,TX,SMITH,"Smith County, Texas",68422.34,-572949.07,219745,0.9341,17.3,15.4,17.77,18.58,48683,24.7,0.4632,8.88,4.5226,4.17,51.43,7.97,81.4,27.45
48425,TX,SOMERVELL,"Somervell County, Texas",-166396.61,-588682.34,8673,0.9676,12.7,18.3,0.52,19.11,50562,19.2,0.4431,7.14,2.8881,3.85,58.89,6.33,80.5,14.44
48427,TX,STARR,"Starr County, Texas",-274879.08,-1213321.11,63008,0.9436,18.2,11.2,0.06,98.96,26682,9.3,0.4997,1.89,2.9902,1.93,27.93,32.34,64.9,80.68
48429,TX,STEPHENS,"Stephens County, Texas",-264234.19,-529027.01,9787,1.1768,16.4,18.2,2.51,23.34,45217,16.9,0.4539,7.72,1.4384,2.28,45.63,7.02,77.4,10.29
48431,TX,STERLING,"Sterling County, Texas",-475720.50,-621560.73,1233,1.1186,11.2,12.9,0.24,37.71,50156,23.7,0.4177,3.38,-0.6626,2.21,70.81,11.11,75.4,11.31
48433,TX,STONEWALL,"Stonewall County, Texas",-393980.23,-474677.70,1233,1.0081,5.2,23.8,4.87,23.03,47969,13.5,0.4511,2.01,-0.6548,1.57,77.14,3.16,84.5,19.57
48435,TX,SUTTON,"Sutton County, Texas",-434597.75,-771672.91,3936,1.1368,12.7,16.5,0.53,58.36,54567,16.8,0.4358,5.37,0.0442,1.98,49.69,9.81,79.9,22.55
48437,TX,SWISHER,"Swisher County, Texas",-521968.78,-316766.90,7639,1.0786,16.7,17.9,5.89,42.44,35167,14.8,0.4615,6.01,1.198,3.22,38.78,5.52,83.2,21.66
48439,TX,TARRANT,"Tarrant County, Texas",-120257.79,-528172.39,1947529,0.9589,16.9,10.2,15.65,27.83,60373,30.7,0.4627,10.69,6.7693,5.12,47.09,15.9,81.8,45.47
48441,TX,TAYLOR,"Taylor County, Texas",-364358.25,-573959.27,135234,0.9606,22.5,13.9,7.67,23.39,47044,24.1,0.4612,5.14,4.0436,5.3,44.88,5.49,84.3,23.27
48443,TX,TERRELL,"Terrell County, Texas",-583693.32,-793796.59,778,0.9353,7.6,32,1.29,69.67,24821,17,0.543,5.92,-2.0605,2.28,65.54,9.25,82.4,32.71
48445,TX,TERRY,"Terry County, Texas",-586613.02,-464539.64,12724,1.1349,16.9,14.5,5.14,53.14,40407,12.1,0.4857,4.46,1.7097,4.26,36.17,10.17,71.6,23.44
48447,TX,THROCKMORTON,"Throckmorton County, Texas",-297601.42,-478656.17,1520,0.8742,10.3,28,0.33,15.13,39438,19.9,0.4901,2.06,-0.4414,1.11,65.14,2.11,82.9,10.51
48449,TX,TITUS,"Titus County, Texas",95792.34,-478802.99,32592,0.9663,16.5,13.3,9.32,41.48,45026,15.2,0.4453,23.58,3.4337,3.3,40.82,18.97,78.6,28.51
48451,TX,TOM GREEN,"Tom Green County, Texas",-422562.97,-671409.73,116264,0.9792,20.7,14.4,4.33,38.06,47637,22.4,0.4635,5.88,3.3842,4.71,43.26,6.6,83.2,25.02
48453,TX,TRAVIS,"Travis County, Texas",-171028.99,-798649.92,1148176,1.0144,20.4,8.5,8.3,33.74,64422,46.4,0.4883,7.75,6.1025,7.09,53.02,17.52,83.9,70.79
48455,TX,TRINITY,"Trinity County, Texas",82198.52,-716069.67,14360,0.9106,10.8,26.2,9.93,9.07,35865,12.2,0.4438,8,2.0786,1.57,52.16,4.44,80.3,19.59
48457,TX,TYLER,"Tyler County, Texas",155012.58,-750442.01,21371,1.1926,16.8,20.8,10.92,7.25,45427,11.3,0.4192,9.73,2.1889,1.8,46.54,2.24,83.9,15.85
48459,TX,UPSHUR,"Upshur County, Texas",98624.77,-532373.33,40295,0.9765,13.8,16.8,8.68,7.67,47724,15.8,0.4383,12.83,3.2843,2.65,52.5,3.05,83,15.27
48461,TX,UPTON,"Upton County, Texas",-572395.61,-667098.94,3475,0.9446,14,13.7,4.81,52.46,48220,9.9,0.4761,2.86,0.0778,4.01,55.93,12.78,77.4,22.12
48463,TX,UVALDE,"Uvalde County, Texas",-365339.57,-901449.44,27055,0.9557,17,16,0.15,70.45,39011,14.9,0.4432,5.2,1.9067,2.92,46.02,12.26,77.6,44.44
48465,TX,VAL VERDE,"Val Verde County, Texas",-496881.67,-835835.80,48862,1.031,18.5,13.6,1.41,80.92,44170,17.5,0.4593,6.81,1.7916,5.6,39.36,21.87,77.2,54.18
48467,TX,VAN ZANDT,"Van Zandt County, Texas",15279.77,-552160.87,53070,0.9675,12.5,19.9,2.6,10.02,46555,16.3,0.4596,9.9,3.1913,2.82,53.71,5.44,79.8,13.16
48469,TX,VICTORIA,"Victoria County, Texas",-94999.40,-970316.83,90989,0.9624,16.5,14.6,6.63,45.47,54697,18.8,0.4566,11.34,3.6845,3.16,46.16,6.34,82.1,29.42
48471,TX,WALKER,"Walker County, Texas",40855.74,-755246.92,69926,1.4077,27.8,11.4,23.02,17.61,40090,19.5,0.4796,4.96,3.5389,4.15,33.5,7.96,86,32.1
48473,TX,WALLER,"Waller County, Texas",1191.25,-836227.05,47049,0.9996,26.9,11.4,25.39,29.03,53508,18.7,0.4591,10.71,3.5664,3.01,46.94,14.37,79,35.31
48475,TX,WARD,"Ward County, Texas",-671382.14,-644516.17,11396,0.9895,16.5,14.4,5.34,51.39,56796,14.1,0.4627,2.18,1.6612,3.34,41.81,8.35,82.6,23.51
48477,TX,WASHINGTON,"Washington County, Texas",-38789.83,-813509.31,34544,0.9957,16.3,19.9,16.94,15.08,52718,22,0.4509,16,3.0948,3.38,54.89,8.55,84.6,23.61
48479,TX,WEBB,"Webb County, Texas",-329637.83,-1079408.21,266006,0.9499,18.2,8.6,0.39,95.48,38711,17.5,0.4912,2.02,3.4195,2.9,32.51,26.49,69.8,76.57
48481,TX,WHARTON,"Wharton County, Texas",-21604.00,-917459.85,41377,0.9655,15.1,15.8,14.1,39.64,46445,14.5,0.4647,9.66,2.6884,2.34,48.11,8.87,80.9,29.46
48483,TX,WHEELER,"Wheeler County, Texas",-384339.97,-226455.94,5642,1.0324,13.2,17.8,2.82,26.46,51082,14.1,0.4182,3.39,0.8679,1.08,55.23,9.52,79.3,8.51
48485,TX,WICHITA,"Wichita County, Texas",-247905.03,-389633.78,132148,1.0784,21.8,13.9,10.19,18.17,45371,22.2,0.4602,9,4.3978,4.51,37.22,6.84,83.6,24.09
48487,TX,WILBARGER,"Wilbarger County, Texas",-296801.58,-377736.70,13061,0.9913,16.1,16.6,9.3,28.05,43635,15.5,0.4213,10.6,1.6475,3.17,41.14,4,82.9,20.35
48489,TX,WILLACY,"Willacy County, Texas",-166917.97,-1225984.51,21944,1.1321,20,14,0.69,87.81,28817,8.6,0.4931,4.05,2.6635,2.47,31,17.13,70.2,68.87
48491,TX,WILLIAMSON,"Williamson County, Texas",-153045.53,-764148.82,490619,0.967,14.2,10.9,6.29,23.84,75935,39.4,0.3949,10.73,5.1322,7.11,56.78,11.51,88.9,44.78
48493,TX,WILSON,"Wilson County, Texas",-203115.86,-926758.00,46444,1.0075,13.4,14.6,1.39,38.75,68737,19.3,0.409,7.22,3.1051,3.31,55.64,4.48,86,25.49
48495,TX,WINKLER,"Winkler County, Texas",-663479.72,-607094.48,7723,1.0518,17.1,11.1,3.88,58.47,54261,10.3,0.4243,2.71,1.2656,2.83,34.65,13.71,76.6,23.04
48497,TX,WISE,"Wise County, Texas",-153223.17,-478064.89,62089,1.0034,14.3,14.2,1.17,18.4,56396,16.9,0.4403,9.12,3.2774,2.8,53.42,7.59,82,14.17
48499,TX,WOOD,"Wood County, Texas",57547.25,-527141.80,43198,0.9838,12.2,26.3,5.23,9.4,47814,17.1,0.4524,9.07,3.2523,2.12,53.92,3.43,83.3,14.35
48501,TX,YOAKUM,"Yoakum County, Texas",-632159.44,-461471.31,8316,1.0342,14,11.4,0.64,63.55,56655,17.8,0.4129,0.88,1.39,3.47,40.91,25.64,76.2,19.16
48503,TX,YOUNG,"Young County, Texas",-249016.99,-480263.11,18275,0.9697,12.8,19.4,1.26,17.67,46978,18.6,0.4494,9.56,2.0433,2.98,55.56,5.39,78.8,11.72
48505,TX,ZAPATA,"Zapata County, Texas",-316388.29,-1163752.41,14335,1.0049,17.1,11.7,0.98,94.12,36976,8.3,0.4709,0.67,1.7126,1.59,33.11,29.18,69.9,66.72
48507,TX,ZAVALA,"Zavala County, Texas",-367327.11,-955788.49,12107,1.0111,18.9,12.5,0.63,93.33,26639,9.1,0.4944,3.82,1.2818,1.94,40.36,9.19,78.3,79.16
49001,UT,BEAVER,"Beaver County, Utah",-1483732.66,231064.07,6437,1.0461,13.5,13.4,0.14,10.81,48083,21.4,0.3999,9.35,-0.0385,15.62,57.16,4.99,84.8,12.56
49003,UT,BOX ELDER,"Box Elder County, Utah",-1407346.08,577379.33,51528,1.0135,14.5,12.5,0.36,8.97,55514,21.4,0.3815,25.5,1.242,26.47,56.99,2.82,91.7,15.72
49005,UT,CACHE,"Cache County, Utah",-1294362.20,580494.26,118824,1.0013,26.4,8.6,0.8,10.33,51935,36.3,0.4357,18.26,3.6735,35.65,56.3,7.11,90.5,28.83
49007,UT,CARBON,"Carbon County, Utah",-1235715.86,335838.78,20733,0.9901,15.8,15.2,0.88,13.14,47793,15.5,0.4124,6.29,1.6886,12.07,52.33,2.97,87.2,24.56
49009,UT,DAGGETT,"Daggett County, Utah",-1125121.19,459707.26,751,1.3691,14.9,20.2,0,2.4,75938,14.5,0.3617,1.04,-0.8769,13.92,78.6,2.66,96,18.87
49011,UT,DAVIS,"Davis County, Utah",-1338150.66,504795.49,329292,1.013,16.1,9.1,1.29,9.07,72661,35.4,0.3869,10.33,6.0526,34.26,63.02,4.69,92,31.62
49013,UT,DUCHESNE,"Duchesne County, Utah",-1210983.41,405590.92,20078,1.0256,15.3,11,0.16,7.86,61244,14.1,0.3923,2.79,0.8738,13.45,52.71,3.12,85.6,8.32
49015,UT,EMERY,"Emery County, Utah",-1256372.66,265072.50,10570,1.0284,12.6,14.4,0.16,6.21,51276,13.5,0.3664,4.19,-0.0893,11.28,59.5,1.61,89.4,9.99
49017,UT,GARFIELD,"Garfield County, Utah",-1339988.83,149069.17,5020,1.1101,13.3,18.9,0.64,5.58,45221,20.1,0.414,1.18,-0.9821,16.21,62.76,3.23,80.9,18.23
49019,UT,GRAND,"Grand County, Utah",-1160667.21,249040.51,9428,1.0433,12.8,15.8,0.25,9.86,43529,27.1,0.4231,4.23,-0.0089,13.19,62.04,4.88,79.1,49.81
49021,UT,IRON,"Iron County, Utah",-1498431.72,176980.26,47751,0.9883,22.5,11.5,0.72,8.25,43799,28.3,0.439,7.92,1.7215,20.64,52.22,4.4,84.1,17.49
49023,UT,JUAB,"Juab County, Utah",-1418749.54,372694.74,10507,1.0839,14.3,11.7,0.25,4.49,54861,16.9,0.3672,18.19,0.1791,21.74,61.44,1.44,87.1,13.52
49025,UT,KANE,"Kane County, Utah",-1388853.40,92418.68,7216,0.9813,12.7,21.7,0.22,4.48,50517,25.3,0.4123,2.58,-0.3591,14.24,63.33,3.08,82.4,24.65
49027,UT,MILLARD,"Millard County, Utah",-1457900.84,307906.15,12604,1.028,12.8,15.9,0.36,12.77,53902,19.8,0.3807,8.17,-0.3055,18.14,60.72,7.43,85.6,10.04
49029,UT,MORGAN,"Morgan County, Utah",-1292073.08,508290.42,10645,1.0311,12.2,11.2,0.47,2.66,80865,38,0.378,11.54,1.9091,27.48,76.33,2.91,91.8,15.33
49031,UT,PIUTE,"Piute County, Utah",-1389680.40,211973.10,1859,1.1516,7.9,26.5,0.05,4.36,37112,20.7,0.4002,11.15,-0.0551,7.68,51.33,1.02,81.6,6.98
49033,UT,RICH,"Rich County, Utah",-1255310.65,563795.90,2284,0.9065,11.2,15.9,0.09,8.19,52569,20.4,0.4055,4.62,-0.1542,18.76,72.47,1.4,84.1,11.54
49035,UT,SALT LAKE,"Salt Lake County, Utah",-1328735.31,466521.68,1092518,1.0095,18.1,9.6,1.67,17.74,64601,32.8,0.437,10.83,6.3429,25.06,53.47,12.41,86.5,56.02
49037,UT,SAN JUAN,"San Juan County, Utah",-1202796.32,101505.47,15540,1.0049,16.5,11.6,0.1,5.18,41108,17.5,0.4697,4.69,-0.2649,13.95,52.16,1.67,76.2,43.57
49039,UT,SANPETE,"Sanpete County, Utah",-1323712.16,318705.45,28551,1.1185,21,12.7,0.68,9.52,48866,19.5,0.3925,8.73,1.9363,23.91,49.04,4.09,84.9,13.72
49041,UT,SEVIER,"Sevier County, Utah",-1354510.40,252758.58,20913,1.0453,13.4,15.6,0.34,4.88,48872,16.5,0.41,5.47,1.4414,14.09,59.46,1.99,85.7,9.35
49043,UT,SUMMIT,"Summit County, Utah",-1245138.78,475675.71,39009,1.0429,13.8,9.8,0.61,11.51,91470,52.1,0.481,5.48,2.0859,13.59,71.7,9.84,89.5,58.89
49045,UT,TOOELE,"Tooele County, Utah",-1432821.58,459940.62,61986,1.0215,14.3,8.4,0.65,11.88,64149,20.8,0.3569,12.25,1.2377,27.88,53.68,4.1,91.3,29.05
49047,UT,UINTAH,"Uintah County, Utah",-1138176.63,375051.54,36308,1.0426,16.3,9.1,0.48,8.12,67943,14.9,0.4257,1.77,1.1402,15.57,53.32,3.01,85.5,9.21
49049,UT,UTAH,"Utah County, Utah",-1317803.66,402498.98,564177,1.0166,24,7.1,0.59,11.15,64321,38.1,0.4165,9.62,4.6888,35.15,54.71,6.98,89.7,21.82
49051,UT,WASATCH,"Wasatch County, Utah",-1272204.35,418945.18,27895,1.0333,13.7,9.4,0.06,13.3,71337,36.9,0.4119,3.62,2.2138,24.27,64.66,9.77,87,33.37
49053,UT,WASHINGTON,"Washington County, Utah",-1528745.15,116596.61,151959,0.9741,14.9,19.6,0.64,9.92,52865,27.6,0.4289,6.44,3.1853,14.57,56.79,5.73,84.6,19.43
49055,UT,WAYNE,"Wayne County, Utah",-1285355.39,193539.83,2716,1.0452,10.6,18.7,0.41,5.04,41684,29.1,0.4172,5.73,-0.8531,12.95,72.46,3.09,82.2,21.91
49057,UT,WEBER,"Weber County, Utah",-1316667.23,532934.84,241328,1.0086,17.5,11.1,1.08,17.58,59660,23.3,0.3986,16.06,5.0857,25.49,49.77,7.23,88,36.5
50001,VT,ADDISON,"Addison County, Vermont",1808417.41,949511.32,36926,0.9838,18.1,17,1.11,2.07,61020,35.8,0.419,11.04,2.9234,13.22,63.01,4.39,94.8,67.93
50003,VT,BENNINGTON,"Bennington County, Vermont",1838653.01,842499.08,36503,0.9557,14.1,21.2,0.65,1.74,51489,33.6,0.4557,14.04,3.0388,11.03,59.15,2.62,95.2,61.69
50005,VT,CALEDONIA,"Caledonia County, Vermont",1876841.84,1016527.00,30859,0.9942,14.6,18,0.84,1.37,46931,27.7,0.4207,11.71,2.9101,14.89,57.3,1.82,94.7,53.8
50007,VT,CHITTENDEN,"Chittenden County, Vermont",1801617.53,997207.51,160510,0.9579,23.2,13.2,2.55,2.18,66414,49.4,0.442,10.13,4.7492,11.99,63.92,8.2,96,74.66
50009,VT,ESSEX,"Essex County, Vermont",1897571.11,1052163.38,6173,1.0213,10.5,22.8,0.7,1.26,39467,15.9,0.4056,15.92,1.2786,13.68,58,3.63,93,40.36
50011,VT,FRANKLIN,"Franklin County, Vermont",1803996.96,1043290.44,48625,0.9865,13.6,13.9,0.43,1.38,58884,23.5,0.424,14.85,3.3884,15.45,57.33,2.8,94.9,51.65
50013,VT,GRAND ISLE,"Grand Isle County, Vermont",1776271.23,1029487.65,6945,0.99,12.2,17.2,0,1.63,64295,34.9,0.4439,14.29,3.4897,12.87,72.7,4.06,95.9,58.48
50015,VT,LAMOILLE,"Lamoille County, Vermont",1831548.55,1021262.58,25136,0.9847,16,15.1,0.81,1.57,53316,36.4,0.4433,9.84,3.0516,15.29,64.51,3.29,92.2,66.98
50017,VT,ORANGE,"Orange County, Vermont",1868315.27,961572.20,28897,0.9907,13.1,17.9,0.53,1.25,54263,30.2,0.4081,8.89,2.7875,14.34,62.97,1.94,93.9,60.1
50019,VT,ORLEANS,"Orleans County, Vermont",1855930.87,1053050.84,27076,1.0052,12.7,20.4,0.46,1.31,43959,22.1,0.4355,10.56,2.7129,14.14,55.76,4.04,93.6,50.13
50021,VT,RUTLAND,"Rutland County, Vermont",1828543.46,902659.32,60133,0.9662,15.1,19.4,0.68,1.34,50029,29.2,0.4389,10.84,3.2177,11.83,60.29,2.39,94.2,52.21
50023,VT,WASHINGTON,"Washington County, Vermont",1842576.30,985859.82,58963,0.9765,14.6,17,0.82,1.83,58171,40.5,0.4346,9.22,3.5006,14.47,65.66,3.58,95.3,69.94
50025,VT,WINDHAM,"Windham County, Vermont",1869693.39,845058.44,43609,0.9653,13.6,19.2,0.89,2.09,50917,35.3,0.4397,10.22,3.065,12.55,63.92,3.11,93.8,72.45
50027,VT,WINDSOR,"Windsor County, Vermont",1863692.24,911367.43,55894,0.9617,12,20.7,0.72,1.45,54763,35.2,0.4688,10.58,3.1027,12.59,65.94,3.59,93.3,67.11
51001,VA,ACCOMACK,"Accomack County, Virginia",1763581.54,219291.48,33060,0.9522,12.5,21,28.96,8.8,38503,18.3,0.4662,17.95,3.3467,3.13,60.49,6.56,82,43.99
51003,VA,ALBEMARLE,"Albemarle County, Virginia",1508278.82,197404.67,104287,0.9191,18.6,16.5,9.35,5.59,70342,51.5,0.4709,4.23,4.0229,7.27,68.68,9.92,92,63.39
51005,VA,ALLEGHANY,"Alleghany County, Virginia",1388505.51,149345.67,15919,0.9578,12.2,23.9,5.21,1.43,45538,16.3,0.4314,20.42,2.6245,3.89,57.16,1.3,91.7,30.77
51007,VA,AMELIA,"Amelia County, Virginia",1572397.29,131180.82,12793,1.0798,13.3,18.2,23.53,1.19,58269,14.1,0.3772,9.38,2.6321,2.9,69.84,0.24,85.6,31.13
51009,VA,AMHERST,"Amherst County, Virginia",1466209.17,142099.72,31999,0.9215,14.7,18.9,17.87,2.18,47002,18.9,0.4179,16.24,3.2607,4.03,60.22,1.71,87.9,34.22
51011,VA,APPOMATTOX,"Appomattox County, Virginia",1499545.11,121652.36,15314,0.9409,13.2,19,20.56,1.21,52134,19.6,0.4293,14.88,2.8753,3.41,66.98,0.93,90.7,26.14
51013,VA,ARLINGTON,"Arlington County, Virginia",1613582.98,315492.05,226092,0.9929,22.2,9.3,8.61,15.38,108706,73.7,0.4377,2.09,8.1193,7.54,64.67,22.75,91.4,82.01
51015,VA,AUGUSTA,"Augusta County, Virginia",1456106.33,204020.76,74330,1.0221,13.1,18.8,4.03,2.43,56802,23.3,0.4378,15.1,3.3904,5.51,61.12,1.93,89.6,23.81
51017,VA,BATH,"Bath County, Virginia",1406208.33,183198.75,4558,1.1777,12.3,21,2.11,3.01,44985,15.4,0.4293,10,1.2017,4.53,61.18,2.68,89.2,28.03
51019,VA,BEDFORD,"Bedford County, Virginia",1439150.29,104337.17,76933,0.9704,12.1,19.3,6.95,1.97,56725,27.8,0.4314,13.91,3.6658,4.93,69.88,2.21,91.6,24.16
51021,VA,BLAND,"Bland County, Virginia",1303229.40,61147.12,6612,1.2966,12.7,19.8,4.33,0.59,47800,16.2,0.3953,16.3,1.9652,3.6,56.65,0.94,90.4,14.97
51023,VA,BOTETOURT,"Botetourt County, Virginia",1409634.58,126738.96,33192,0.9796,11.6,20,3.03,1.45,61470,27.3,0.4382,12,3.1646,4.64,70.84,2.65,95,25.15
51025,VA,BRUNSWICK,"Brunswick County, Virginia",1594624.44,70262.23,16573,1.0965,16.1,19,54.85,1.99,38858,12.4,0.4434,6.66,2.4249,1.85,56.36,1.94,87.6,59.53
51027,VA,BUCHANAN,"Buchanan County, Virginia",1222270.53,63798.44,23158,1.0164,13.5,19.3,2.81,0.27,30335,9.9,0.468,4.01,2.8783,2.49,48.7,1.21,86,19.09
51029,VA,BUCKINGHAM,"Buckingham County, Virginia",1519884.74,148190.69,17030,1.2476,14.6,16.7,34.2,2.37,43514,11.9,0.4143,5.85,2.4286,2.97,53.21,1.75,85.7,44.19
51031,VA,CAMPBELL,"Campbell County, Virginia",1478310.40,98828.81,55061,0.9445,15.4,18.1,14.01,1.98,47005,20.4,0.4308,15.91,3.7422,4.79,62.9,2.62,90.3,25.42
51033,VA,CAROLINE,"Caroline County, Virginia",1611478.25,217695.42,29640,0.9809,14.8,15,29.2,4.14,57294,18.8,0.3825,7.02,3.077,8.64,65.04,2.86,90.3,47.37
51035,VA,CARROLL,"Carroll County, Virginia",1344903.04,22148.01,29733,1.0041,11.7,21.7,0.8,2.95,37048,12.8,0.4254,17.86,3.1858,3.26,57.03,2.08,86.5,19.35
51036,VA,CHARLES CITY,"Charles City County, Virginia",1650629.79,148955.64,7086,0.9521,11.6,21.2,47.22,1.79,54167,12.7,0.4764,16.08,2.7057,3.29,69.25,1.67,88,62.84
51037,VA,CHARLOTTE,"Charlotte County, Virginia",1519868.04,84291.26,12232,1.0016,13.4,20.4,30.94,0.95,33837,13,0.4533,11.02,2.2962,3,60.72,0.66,83.9,38.25
51041,VA,CHESTERFIELD,"Chesterfield County, Virginia",1605005.02,142364.58,331839,0.9287,14.7,12.8,22.66,7.94,73869,37.7,0.407,7.43,5.7125,5.86,70.43,7.95,91.6,48.8
51043,VA,CLARKE,"Clarke County, Virginia",1533122.86,326366.96,14307,0.9816,11.9,18.7,4.49,4.35,71986,30,0.4364,5.1,3.447,6.1,73.22,3.49,85.9,39.56
51045,VA,CRAIG,"Craig County, Virginia",1376522.90,112494.93,5195,0.9341,8.3,19.6,0.15,0.02,40500,13,0.4323,15.44,1.8061,4.04,67.91,0.02,88.9,20.18
51047,VA,CULPEPER,"Culpeper County, Virginia",1549809.31,258090.47,48952,1.0112,13.6,14,14.45,9.32,66160,22.3,0.4144,7.41,3.9088,5,60.68,7.66,88.2,36.76
51049,VA,CUMBERLAND,"Cumberland County, Virginia",1545530.08,146137.42,9769,0.9577,14.3,19.4,33.49,0.15,37489,15.1,0.4509,4.52,2.54,3.53,63.57,0.43,85.3,43.02
51051,VA,DICKENSON,"Dickenson County, Virginia",1197209.33,44181.95,15304,1.0433,12.8,18.8,0.76,0.74,31226,10.7,0.5195,2.46,2.8835,2.69,52.86,0.58,88.6,21.3
51053,VA,DINWIDDIE,"Dinwiddie County, Virginia",1607607.01,108313.93,28155,0.9755,14.4,16.2,32.24,3.06,51579,16.9,0.4303,10.47,3.0718,2.67,60.95,2.88,88.1,43.63
51057,VA,ESSEX,"Essex County, Virginia",1647080.38,215313.80,11130,0.8572,14.1,20.4,40.93,0.25,47527,16.7,0.4357,13.93,2.8163,3.86,60.97,1.51,88,48.89
51059,VA,FAIRFAX,"Fairfax County, Virginia",1599686.87,307923.87,1132887,0.9803,14.8,11.5,9.48,16.06,114329,60.3,0.4224,2.65,7.0203,6.96,64.02,30.31,89.7,69.25
51061,VA,FAUQUIER,"Fauquier County, Virginia",1556884.32,288262.66,68025,0.9794,12.9,15.1,7.56,7.18,91221,33.5,0.4302,4.32,3.7026,6.32,72.38,6.29,91.4,36.96
51063,VA,FLOYD,"Floyd County, Virginia",1373634.64,49576.36,15587,0.9718,10.5,20.4,2.28,2.71,47288,17.7,0.411,17.3,2.7599,5.69,65.05,2.07,90.4,30.29
51065,VA,FLUVANNA,"Fluvanna County, Virginia",1535882.91,181941.27,26046,0.8316,13,18.5,13.88,3.29,66425,31,0.395,4.15,3.5599,5.97,66.08,2.84,91.9,45.05
51067,VA,FRANKLIN,"Franklin County, Virginia",1414402.75,63300.81,56230,0.9635,13.5,20.7,8.26,2.69,48720,20.6,0.4373,15.32,3.4482,4.25,59.66,2.17,87.8,28.1
51069,VA,FREDERICK,"Frederick County, Virginia",1508827.60,332255.47,82321,0.9886,13.8,15,4.06,7.44,68929,28.8,0.3967,9.82,4.3421,6,64.3,6,89,31.39
51071,VA,GILES,"Giles County, Virginia",1337062.31,86997.50,16871,0.9531,12.8,19.9,2.5,1.51,47675,15.9,0.4124,23.99,2.9073,4.29,61.61,0.8,86.4,24.81
51073,VA,GLOUCESTER,"Gloucester County, Virginia",1693875.32,164579.35,37021,0.974,13.4,17.2,8.14,3.13,62878,22.6,0.4056,11.03,4.184,5.7,66.74,2.21,89.3,29.21
51075,VA,GOOCHLAND,"Goochland County, Virginia",1569355.94,174656.34,21979,0.9645,10.4,19.3,16.95,2.46,82326,36.1,0.496,5.13,3.4063,5.44,79.24,3.5,94.4,36.83
51077,VA,GRAYSON,"Grayson County, Virginia",1303283.19,7026.16,15180,0.9671,11.8,23.2,2.35,2.92,31002,10.7,0.4625,17.98,2.5843,3.93,58.38,1.81,88.6,20.1
51079,VA,GREENE,"Greene County, Virginia",1510302.07,229112.97,19085,0.9546,13,15.4,6.26,5.17,61615,24.4,0.3985,4.99,3.8542,7.69,66.5,4.54,84.4,32.97
51081,VA,GREENSVILLE,"Greensville County, Virginia",1622541.30,65564.42,11698,1.6323,16.3,15,58.41,3.86,40559,8.5,0.3982,18.01,2.7278,1.56,44.67,2.47,89.2,59.56
51083,VA,HALIFAX,"Halifax County, Virginia",1500913.44,52944.49,35305,0.9124,12.5,21.8,36.76,1.91,37001,15.8,0.4508,19.8,2.8136,2.35,60.88,1.51,85.9,41.55
51085,VA,HANOVER,"Hanover County, Virginia",1605021.21,185952.45,102199,0.9618,13.6,15.5,9.08,2.65,81170,36.7,0.3908,5.38,4.4333,5.96,79.64,3.45,94.3,32.84
51087,VA,HENRICO,"Henrico County, Virginia",1617134.47,162966.35,321921,0.8955,15.1,13.8,29.59,5.24,63699,40.8,0.4546,5.9,6.2764,6.03,66.45,11.86,90.1,61.08
51089,VA,HENRY,"Henry County, Virginia",1420869.20,29267.85,52209,0.9255,12.3,21.7,22.3,5.21,34992,11.6,0.4521,19.95,3.965,2.9,57.79,2.84,87.5,35.03
51091,VA,HIGHLAND,"Highland County, Virginia",1415132.52,219287.11,2230,0.8042,6.7,36.1,0,0,44877,22.4,0.4211,4.58,0.7294,4.46,72.45,0.31,84.9,27.92
51093,VA,ISLE OF WIGHT,"Isle of Wight County, Virginia",1690038.67,103750.89,36027,0.9551,12.5,17.2,22.36,2.62,66835,27.4,0.405,18,3.7858,4.7,74.33,1.96,92.6,39.24
51095,VA,JAMES CITY,"James City County, Virginia",1675634.52,150843.45,71900,0.942,12.5,23,13.22,5.29,80226,47.8,0.441,7.01,5.2723,6.4,75.53,6.68,92.4,47.28
51097,VA,KING AND QUEEN,"King and Queen County, Virginia",1656923.72,191602.99,7140,1.0594,12.2,21.1,26.48,3.1,48852,19.2,0.3827,14.29,2.1687,3.52,63.92,2.72,87.1,41.16
51099,VA,KING GEORGE,"King George County, Virginia",1622213.07,248028.32,25260,0.9934,14.2,11.9,16.91,4.44,84342,34.5,0.3748,3.89,3.9944,5.9,64.43,2.51,92.4,35.31
51101,VA,KING WILLIAM,"King William County, Virginia",1640645.12,186940.10,16156,0.9816,13.3,14.4,18.75,0.77,64297,18.6,0.376,11.45,3.1255,4.65,74.22,1.88,91.8,31.6
51103,VA,LANCASTER,"Lancaster County, Virginia",1693470.17,200967.94,11055,0.8652,9.7,34.9,28.27,1.68,50118,29.7,0.4541,4.39,3.4663,3.81,71.3,2.04,88,44.88
51105,VA,LEE,"Lee County, Virginia",1135724.77,-11994.39,24911,1.1061,13.4,18.6,4.14,1.8,31577,11.6,0.4611,10.56,3.0949,2.44,46.52,1.34,84.1,17.74
51107,VA,LOUDOUN,"Loudoun County, Virginia",1563955.62,329856.45,362435,0.9792,12.1,8,7.34,13.3,125672,58.8,0.3756,4.3,5.6033,6.75,71.56,23.38,92.5,59.03
51109,VA,LOUISA,"Louisa County, Virginia",1559957.56,202077.52,34350,0.9656,12.5,17.3,15.8,2.55,54662,21.9,0.4391,7.88,3.2855,5.05,64.89,3.2,85.5,37.11
51111,VA,LUNENBURG,"Lunenburg County, Virginia",1557711.56,83918.30,12450,1.0917,13.2,19.8,31.74,4.22,39911,11.8,0.3992,13.95,2.4101,2.77,55.32,4.12,83.8,41.01
51113,VA,MADISON,"Madison County, Virginia",1523869.01,244891.83,13122,0.955,13.4,20.4,7.12,2.22,48271,25.6,0.4678,9.74,2.7599,5.12,67.49,1.8,84.6,33.27
51115,VA,MATHEWS,"Mathews County, Virginia",1710568.93,170295.15,8848,0.881,11.3,29.2,9.82,1.01,64049,26.6,0.4209,10.67,3.6828,4.35,71.97,1.32,91.6,30.77
51117,VA,MECKLENBURG,"Mecklenburg County, Virginia",1552604.92,52651.07,31209,0.9413,11.7,23.8,35.49,2.62,40040,17.1,0.4432,9.15,2.9583,2.49,59.27,1.61,87,43.13
51119,VA,MIDDLESEX,"Middlesex County, Virginia",1686745.90,187638.40,10728,0.9746,12.1,29,19.67,0.59,53093,23.4,0.4557,13.75,3.459,3.97,66.45,1.22,90.2,36.48
51121,VA,MONTGOMERY,"Montgomery County, Virginia",1367070.75,76039.48,97227,1.0747,36.9,11,4.36,3.02,49712,46,0.5053,8.18,4.576,8.25,52.69,8.45,93.1,50.71
51125,VA,NELSON,"Nelson County, Virginia",1484774.07,166250.60,14831,0.9362,12.3,23.3,13.01,3.67,50994,30.1,0.4766,8.23,2.4983,5.71,69.93,3.32,87.9,47.04
51127,VA,NEW KENT,"New Kent County, Virginia",1652923.61,166392.33,20051,1.0385,11.9,14.7,12.14,2.61,75303,26,0.3842,9.24,3.6085,4.72,77.58,2.76,93.7,30.4
51131,VA,NORTHAMPTON,"Northampton County, Virginia",1752749.34,168654.62,12118,0.9095,12.1,24.8,35.69,8.24,37011,21.5,0.4949,6.58,3.0957,3.74,63.51,5.63,83.4,54.79
51133,VA,NORTHUMBERLAND,"Northumberland County, Virginia",1693686.50,218542.34,12272,0.9461,9.3,33.9,29.09,0.36,54440,27.1,0.434,4.89,3.2097,3.3,71.6,2.47,91.4,39.87
51135,VA,NOTTOWAY,"Nottoway County, Virginia",1569977.40,108696.91,15641,1.1851,15.5,18.3,39.42,3.82,36849,15.2,0.4391,9.4,2.9554,3.01,53.83,6,89.1,43.25
51137,VA,ORANGE,"Orange County, Virginia",1549958.87,230755.10,34873,0.9632,12.7,19.6,12.27,4.21,66990,25.9,0.3918,8.34,3.6766,4.59,63.65,4.83,88.8,36.15
51139,VA,PAGE,"Page County, Virginia",1502196.37,264348.98,23759,0.9598,12.7,20.1,1.6,1.84,45030,12.9,0.4006,14.73,3.3848,3.68,56.72,1.92,86.4,24.3
51141,VA,PATRICK,"Patrick County, Virginia",1385115.70,22715.46,18180,0.9733,10.7,23.8,5.78,2.73,35999,13.6,0.4286,23.23,2.6765,3.55,57.33,1.91,85.5,21.5
51143,VA,PITTSYLVANIA,"Pittsylvania County, Virginia",1459753.46,51763.63,62392,0.9667,12.4,19.8,21.17,2.43,43087,14.6,0.4243,19.15,3.2134,2.67,63.31,2.19,89.4,29.91
51145,VA,POWHATAN,"Powhatan County, Virginia",1573097.89,155760.45,28286,1.1612,12.7,15.7,12.03,1.98,77684,28.5,0.3821,6.02,3.7369,5.65,74.31,2.18,91.6,25.46
51147,VA,PRINCE EDWARD,"Prince Edward County, Virginia",1534597.46,111279.24,23077,0.9989,33,15.1,32.61,2.44,42283,23.2,0.4535,4.92,3.2371,4.93,47,3.48,88.6,52.82
51149,VA,PRINCE GEORGE,"Prince George County, Virginia",1640429.83,127450.17,37664,1.2092,16.3,12.2,32.28,7.29,64805,22.1,0.3894,10.26,4.0045,3.76,54.95,4.25,91,41.21
51153,VA,PRINCE WILLIAM,"Prince William County, Virginia",1585393.26,289792.13,443630,0.9926,15.4,8.3,20.64,21.89,98546,39.5,0.3766,3.26,6.2327,5.94,61.53,22.8,87.5,61.2
51155,VA,PULASKI,"Pulaski County, Virginia",1340647.69,59144.38,34417,0.9929,12.9,20.7,5.29,1.53,49469,18.2,0.4265,22.25,3.7268,4.44,54.07,1.35,90.4,28.78
51157,VA,RAPPAHANNOCK,"Rappahannock County, Virginia",1528385.47,276667.81,7416,0.9655,11.1,23.4,4.19,3.47,58026,32.4,0.4543,4.39,2.3749,4.39,74.08,4.48,84.5,40.76
51159,VA,RICHMOND,"Richmond County, Virginia",1666227.77,219231.49,8868,1.2692,13,19.8,26.07,6.33,44919,13.4,0.4473,9.25,2.8837,2.76,49.68,6.04,88.8,37.84
51161,VA,ROANOKE,"Roanoke County, Virginia",1392982.64,91178.19,93655,0.9227,12.9,19.6,5.76,2.69,60380,34.1,0.4269,9.18,4.9719,5.6,69.33,5.53,93.4,35.39
51163,VA,ROCKBRIDGE,"Rockbridge County, Virginia",1436077.46,160630.70,22450,0.9867,12.3,24,2.58,1.56,52478,25.1,0.4589,14.92,2.6745,5.62,58.57,2.22,88.4,34.43
51165,VA,ROCKINGHAM,"Rockingham County, Virginia",1471175.54,246333.42,78427,0.9643,14.7,17.9,2.09,6.2,55029,24.6,0.4266,14.06,3.574,5.68,61.76,5.28,88.3,26.49
51167,VA,RUSSELL,"Russell County, Virginia",1222509.81,26140.21,27973,0.9589,12.9,18.5,0.99,1.14,38370,13.1,0.4389,7.23,3.1265,3.23,54.59,1.07,87.2,19.66
51169,VA,SCOTT,"Scott County, Virginia",1181670.70,-4615.68,22378,1.0126,12.6,21.3,0.67,1.27,38017,12.6,0.4543,18.03,2.7809,2.69,55.58,0.98,88.5,16.09
51171,VA,SHENANDOAH,"Shenandoah County, Virginia",1489963.36,289247.06,42857,0.9583,13.1,20.2,2.13,6.7,50450,19.4,0.4197,15.94,3.483,5.59,60.13,5.76,89.1,27.23
51173,VA,SMYTH,"Smyth County, Virginia",1272799.09,23514.12,31513,0.9832,13.3,20,2.15,1.95,38906,14.8,0.4625,21.07,3.2952,3.69,51.13,1.26,88.8,21.47
51175,VA,SOUTHAMPTON,"Southampton County, Virginia",1660915.93,78292.01,18291,1.0938,12.4,17.7,35.44,1.37,51032,16.1,0.4275,11.8,2.4671,2.79,60.45,0.55,87.6,41.66
51177,VA,SPOTSYLVANIA,"Spotsylvania County, Virginia",1581712.42,229905.60,129181,0.9647,14.8,12.1,16.07,8.62,79742,29.6,0.3836,4.18,4.8221,5.97,65.27,7.18,89.8,41.15
51179,VA,STAFFORD,"Stafford County, Virginia",1593452.57,259130.76,139548,1.0136,16.7,9.1,17.14,11.19,97528,37.3,0.3775,3.01,5.2996,6.31,64.55,8.78,92.2,45.18
51181,VA,SURRY,"Surry County, Virginia",1670081.16,124671.90,6731,0.9716,13.5,19.1,46.11,0.36,56632,22.8,0.3665,16.65,2.2318,3.24,77.17,0.65,86.8,55.54
51183,VA,SUSSEX,"Sussex County, Virginia",1642986.37,97709.00,11733,1.9201,18.3,16.1,56.76,2.69,37917,11.3,0.4433,11.7,2.2237,2.18,46.78,2.9,91.6,58.35
51185,VA,TAZEWELL,"Tazewell County, Virginia",1265955.31,54332.60,43367,0.9822,13.7,19.2,3.04,0.89,38238,14.6,0.4939,8.6,3.4742,2.71,53.12,0.82,87.3,16.03
51187,VA,WARREN,"Warren County, Virginia",1519595.91,300576.25,38807,0.9952,14.4,14.6,3.92,3.98,63734,20,0.4018,6.64,4.2498,5.67,59.95,3.21,88.7,30.51
51191,VA,WASHINGTON,"Washington County, Virginia",1237843.52,4711.66,54562,0.9802,13,20.3,1.28,1.41,43835,24.8,0.447,12.56,3.6258,3.77,58.41,1.61,89.1,22.33
51193,VA,WESTMORELAND,"Westmoreland County, Virginia",1655840.69,236395.58,17528,0.9721,12.7,23,26.97,6.1,51566,21.2,0.4357,3.46,3.3845,3.38,60.46,3.31,87.6,46.31
51195,VA,WISE,"Wise County, Virginia",1175972.00,24108.77,40074,1.0691,17.1,15.8,5.28,1.23,36352,14.4,0.4815,4.47,3.6474,2.48,47.42,1.17,87.5,18.27
51197,VA,WYTHE,"Wythe County, Virginia",1311526.21,37861.07,29171,0.9529,12.3,19.6,3.38,1.1,42888,16.6,0.4653,19.4,3.1941,3.95,57.39,0.9,86.9,21.61
51199,VA,YORK,"York County, Virginia",1696091.94,145262.70,66919,0.9628,14.7,14.3,13.11,5.68,83410,43.2,0.3881,9.35,5.5089,6.69,67.44,8.08,94,40.83
51510,VA,ALEXANDRIA,"Alexandria city, Virginia",1616180.10,309133.84,151473,0.9316,16.7,10,21.57,16.74,89200,62.1,0.4461,2.06,8.2652,6.92,61,27.78,85.7,81.16
51520,VA,BRISTOL,"Bristol city, Virginia",1221988.10,-9681.61,17340,0.8734,14.8,19.5,6.69,1.98,35801,23.4,0.469,11.72,6.2419,4.34,51.53,1.27,86.2,27.28
51530,VA,BUENA VISTA,"Buena Vista city, Virginia",1445521.27,152857.82,6610,0.7894,23.2,16.6,1.66,1.26,29109,16.2,0.4431,25.83,5.9427,11.8,46.04,0.68,81.4,32.64
51540,VA,CHARLOTTESVILLE,"Charlottesville city, Virginia",1514051.34,200140.26,45538,0.9394,34,9.4,18.67,5.04,50727,50,0.5127,3.49,7.4485,7.17,58.47,12.15,89.9,85.81
51550,VA,CHESAPEAKE,"Chesapeake city, Virginia",1731576.88,87965.12,233194,0.9546,16.1,11.9,29.71,5.27,69978,30.4,0.4048,8.33,5.5834,5.35,64.01,4.97,91.7,49.33
51570,VA,COLONIAL HEIGHTS,"Colonial Heights city, Virginia",1623826.04,133110.58,17554,0.8505,14.6,20.2,13.27,5.3,49639,21.9,0.4178,8.84,6.8036,4.84,61.92,7.5,89.6,29.41
51580,VA,COVINGTON,"Covington city, Virginia",1390432.02,148639.56,5650,1.0568,15.1,20,14.78,1.26,34703,11.3,0.4533,24.51,5.9888,5,52.96,1.86,86.7,40.39
51590,VA,DANVILLE,"Danville city, Virginia",1463386.69,25326.35,42360,0.8433,15.7,19.6,49.12,3.59,33721,18.2,0.4929,16.07,5.9432,3.11,57.29,3.25,88.2,60.23
51595,VA,EMPORIA,"Emporia city, Virginia",1624195.86,68111.36,5565,0.8544,16.2,16.9,63.95,3.25,27169,15.3,0.5373,12,5.741,2.03,56.56,3.58,78,65.98
51600,VA,FAIRFAX,"Fairfax city, Virginia",1597396.98,309329.04,23620,0.9693,16.2,15.2,4.81,16.67,104065,54.7,0.4017,3.65,7.2872,7.99,64.39,27.99,88.7,66.56
51610,VA,FALLS CHURCH,"Falls Church city, Virginia",1607215.40,314901.66,13597,0.9369,12.5,12.4,5.46,9.92,115244,80.2,0.4689,3.22,7.8478,7.92,75.76,16.46,96.6,81.46
51620,VA,FRANKLIN,"Franklin city, Virginia",1676291.35,77140.78,8413,0.7847,14,17.9,58.6,1.07,38333,22.4,0.4623,14.16,5.979,3.19,63.91,1.87,87.2,63.93
51630,VA,FREDERICKSBURG,"Fredericksburg city, Virginia",1593621.62,245289.74,27853,0.8836,30,10.4,23.14,10.82,53980,42.3,0.4751,2.57,6.9373,7.22,51.06,9.15,87.8,64.18
51640,VA,GALAX,"Galax city, Virginia",1330012.04,12312.53,6858,0.9221,11.2,21.8,6.85,17.45,31110,9.6,0.5341,24.37,5.7648,3.87,44.25,10.69,87.7,29.82
51650,VA,HAMPTON,"Hampton city, Virginia",1717655.88,128239.72,136789,0.9319,20.3,13.7,50.35,5.29,49890,24,0.4291,11.99,6.9335,5.04,58.29,4.62,88.3,69.77
51660,VA,HARRISONBURG,"Harrisonburg city, Virginia",1472871.10,238003.32,51979,0.9165,43.6,8.1,6.81,18.18,40494,36.2,0.47,10.96,7.0544,8.44,41.11,16.58,85.6,61.99
51670,VA,HOPEWELL,"Hopewell city, Virginia",1631726.10,137693.15,22332,0.8689,14.8,15.7,38.98,7.18,40814,14.4,0.4464,12.41,6.7308,4.43,54.14,4.55,89.1,54.87
51678,VA,LEXINGTON,"Lexington city, Virginia",1437018.37,157149.81,7036,1.3016,59.1,14.2,9.12,4.18,34464,44.9,0.519,3.38,6.9919,7.51,38.21,3.94,92.6,66.4
51680,VA,LYNCHBURG,"Lynchburg city, Virginia",1466269.48,118850.01,78755,0.8855,32.3,14,28.39,3.34,40728,33.3,0.4897,8.92,6.428,8.12,56.13,5.85,88.5,45.13
51683,VA,MANASSAS,"Manassas city, Virginia",1584147.32,294692.12,41149,0.9885,17.4,8.2,13.75,34.1,74371,30.1,0.3901,5.27,7.3826,6.72,51.16,27.68,81.2,58.59
51685,VA,MANASSAS PARK,"Manassas Park city, Virginia",1586942.48,297957.63,15827,1.1273,16.4,6.7,12.98,36.53,75027,30.4,0.3662,2.72,7.7861,5.64,45.41,33.23,77.7,64.9
51690,VA,MARTINSVILLE,"Martinsville city, Virginia",1421774.92,29411.49,13551,0.8497,13.5,20.6,46.45,4.71,31719,18.3,0.5147,16.74,6.1687,3.81,56.17,2.97,83.3,62.18
51700,VA,NEWPORT NEWS,"Newport News city, Virginia",1703102.39,130930.41,181606,0.9416,21.8,11.7,40.37,8.39,50089,24.7,0.4324,13,6.9227,6.11,54.43,7.1,87.6,64.17
51710,VA,NORFOLK,"Norfolk city, Virginia",1730325.48,112517.33,245724,1.0875,29.4,9.9,42.18,7.42,45268,26.6,0.4854,7.14,7.4848,5.77,42.53,7.11,85.4,72.57
51720,VA,NORTON,"Norton city, Virginia",1176247.38,19222.34,3978,0.7959,16.3,15.5,5.96,2.59,26000,17.3,0.4851,5.76,5.3245,3.84,46.05,4.7,89.5,27.28
51730,VA,PETERSBURG,"Petersburg city, Virginia",1625627.47,126517.65,31997,0.8508,18.9,15.7,76.81,4.5,32169,16.6,0.4801,11.47,6.2886,2.28,54.26,3.46,85.5,89.23
51735,VA,POQUOSON,"Poquoson city, Virginia",1716414.30,136760.31,12068,0.9604,12.5,17.9,1.07,2.35,84643,39.8,0.4069,11.78,5.7132,6.74,76.84,2.97,96.1,23.92
51740,VA,PORTSMOUTH,"Portsmouth city, Virginia",1723212.05,105562.31,96071,0.9305,18.8,13.8,52.7,3.88,47050,21.1,0.4245,11.57,7.0156,4.56,58.87,2.7,87.5,69.01
51750,VA,RADFORD,"Radford city, Virginia",1353141.50,67919.84,17186,0.9887,51.5,8,9.95,2.96,31457,34.1,0.5616,11.4,6.5105,8.58,39.96,3.67,90.9,52.58
51760,VA,RICHMOND,"Richmond city, Virginia",1611313.66,160841.23,216773,0.9042,25.7,11.5,48.61,6.33,41187,36.7,0.5428,5.08,7.2436,6.42,58.36,6.5,84.3,83.91
51770,VA,ROANOKE,"Roanoke city, Virginia",1402317.82,93805.64,99329,0.9174,16.3,14.9,28.26,5.97,39201,22.9,0.464,9.67,6.8044,6.06,50.94,7.35,85,60.11
51775,VA,SALEM,"Salem city, Virginia",1393741.73,93257.57,25290,0.8893,19.5,17.8,7.71,3.35,52351,26.9,0.4458,10.08,6.5165,6.52,60.05,3.18,90.9,36.77
51790,VA,STAUNTON,"Staunton city, Virginia",1462437.73,204576.23,24234,0.8225,16.5,20.7,11.24,2.7,42948,33.7,0.461,7.17,6.1499,7.01,56.99,3.07,88.1,50.96
51800,VA,SUFFOLK,"Suffolk city, Virginia",1701915.34,83783.96,87061,0.9383,14.5,13,41.95,3.75,65435,26.6,0.4268,12.89,4.4334,4.52,66.31,3.72,90.9,56.39
51810,VA,VIRGINIA BEACH,"Virginia Beach city, Virginia",1752710.97,98811.55,449733,0.9664,18.9,12.3,19.1,7.65,67719,34.2,0.4148,6.39,6.5646,6.89,58.62,9.06,90.6,48.1
51820,VA,WAYNESBORO,"Waynesboro city, Virginia",1477912.92,196897.65,21366,0.9143,14.4,17.7,12.65,7.24,45097,22.6,0.3912,12.44,6.3078,6.94,56.24,5.05,84.4,43.95
51830,VA,WILLIAMSBURG,"Williamsburg city, Virginia",1683097.07,145554.41,14988,0.7725,47.9,15.2,14.83,7.41,50091,56.7,0.5281,4.09,6.4752,6.49,57.17,9.07,94.8,73.01
51840,VA,WINCHESTER,"Winchester city, Virginia",1516882.89,330236.85,27349,0.9543,19,15.1,9.66,16.49,46466,31.3,0.4623,9.12,7.0418,6.68,50.33,11.65,83.5,51.88
53001,WA,ADAMS,"Adams County, Washington",-1708121.79,1262781.17,19100,1.0354,16.3,10.4,0.64,61.88,47554,13.8,0.4125,12.95,1.3431,5.64,37.52,23.8,79.8,29.64
53003,WA,ASOTIN,"Asotin County, Washington",-1626480.31,1153535.90,22113,0.9266,13.3,20.8,0.28,3.58,45550,21,0.4335,13.67,2.5969,8.84,55.59,1.81,90.1,35.31
53005,WA,BENTON,"Benton County, Washington",-1798782.81,1200251.75,187519,1.0045,15.6,13.4,1.43,20.34,61147,29.4,0.4343,7.36,3.7517,8.09,58.3,10.04,89.6,35.84
53007,WA,CHELAN,"Chelan County, Washington",-1835495.72,1395847.57,74761,0.9903,14.8,17.5,0.49,27.16,51845,25.3,0.4531,4.4,2.2907,6.69,58.9,11.25,86.2,41.84
53009,WA,CLALLAM,"Clallam County, Washington",-2069667.32,1483201.97,72969,0.9776,12.2,26.9,1.06,5.86,47180,24.3,0.4291,6.68,2.7853,7.57,65.7,4.88,89,48.47
53011,WA,CLARK,"Clark County, Washington",-2034611.45,1210879.01,450893,0.9764,14.5,13.7,1.88,8.66,62879,27.9,0.4259,12.06,5.6241,7.48,59.35,10.42,90.7,50.09
53013,WA,COLUMBIA,"Columbia County, Washington",-1676888.59,1177183.20,3971,0.9649,9.6,26.6,0.38,6.8,42083,25.4,0.4604,4.35,0.5683,7.29,67.59,4.78,92.3,26
53015,WA,COWLITZ,"Cowlitz County, Washington",-2036706.59,1259308.72,102854,0.9706,13.6,18,0.62,8.4,49127,15.9,0.4357,15.15,3.5502,7.88,57.77,4.38,90.9,42.54
53017,WA,DOUGLAS,"Douglas County, Washington",-1771589.11,1364194.43,40101,1.0082,14.2,15.7,0.38,30.54,53758,17.7,0.3851,5.44,2.1413,6.58,52.73,15.83,85.9,33.87
53019,WA,FERRY,"Ferry County, Washington",-1666352.10,1421323.44,7639,1.029,12.5,22,0.17,4.14,39555,18.1,0.4479,4.75,0.2917,8.36,58.05,1.65,88.1,33.27
53021,WA,FRANKLIN,"Franklin County, Washington",-1745094.18,1220640.05,87810,1.0876,17.4,8.1,2.33,52.03,58284,15.8,0.4023,12.18,3.3071,6.86,40.62,22.49,82.7,40.22
53023,WA,GARFIELD,"Garfield County, Washington",-1646299.05,1185316.84,2231,0.9761,7.9,22.5,0,3.32,51395,24.2,0.3574,3.3,0.1921,9.31,73.68,1.39,90.8,24.69
53025,WA,GRANT,"Grant County, Washington",-1768356.36,1302808.21,92530,1.0159,16.5,12.6,0.69,40.12,50145,15.6,0.4083,12.27,2.5903,7.12,43.89,19.25,82.8,29.66
53027,WA,GRAYS HARBOR,"Grays Harbor County, Washington",-2087186.49,1384622.54,71233,1.0601,13.6,18.9,1.06,9.64,44521,15.3,0.4504,10.63,2.6718,8.04,50.41,5.41,86.6,46.08
53029,WA,ISLAND,"Island County, Washington",-1966761.56,1465819.44,80113,0.9936,16.1,22.3,3.02,6.74,60261,31.7,0.425,12.43,5.0003,8.05,66.07,7.24,92.6,53.16
53031,WA,JEFFERSON,"Jefferson County, Washington",-2055326.43,1444276.47,30333,0.9624,9.6,31.6,0.92,3.45,50928,38.8,0.4539,7.93,1.8707,7.81,77.46,4.9,91.8,67.7
53033,WA,KING,"King County, Washington",-1933046.43,1379156.49,2079550,0.9962,17.2,12.2,6.15,9.34,78800,49.1,0.4682,9.93,5.9389,6.39,60.7,21.56,91.7,76.85
53035,WA,KITSAP,"Kitsap County, Washington",-1992515.08,1410116.49,257488,1.0381,17.7,15.9,2.44,7.14,65017,31.2,0.4267,10.25,5.5279,9.77,61.19,6.26,92.3,56.3
53037,WA,KITTITAS,"Kittitas County, Washington",-1860954.03,1317643.94,42785,0.9989,28.7,14.6,1.13,8.54,47898,34.7,0.4564,4.29,1.9728,7.21,53.9,6.17,88.6,42.58
53039,WA,KLICKITAT,"Klickitat County, Washington",-1904861.84,1185996.15,20930,1.004,11.8,21,0.68,12.04,49633,24.4,0.3857,12,1.4627,7.3,64.72,6.01,90.5,42.01
53041,WA,LEWIS,"Lewis County, Washington",-2003560.96,1294273.36,75724,0.9937,13.8,19.6,0.78,9.63,44526,15.5,0.4209,9.82,2.4988,7.33,57.82,4.51,89.3,30.51
53043,WA,LINCOLN,"Lincoln County, Washington",-1682217.67,1323924.94,10326,1.0339,9.5,23.9,0.34,2.98,47676,22,0.4066,4.63,0.5455,6.32,70.66,1.8,91.3,23.24
53045,WA,MASON,"Mason County, Washington",-2038624.19,1393078.40,61060,1.0616,12.8,21.1,1.83,8.95,51764,18.6,0.4323,10.3,3.2017,8.56,57.11,5.92,86.3,46.72
53047,WA,OKANOGAN,"Okanogan County, Washington",-1752881.22,1451852.82,41299,1.0132,12.5,19.9,0.61,19.05,41158,18.4,0.4459,4.49,1.1079,6.92,53.81,10.67,83.1,39.59
53049,WA,PACIFIC,"Pacific County, Washington",-2101109.93,1320120.86,20743,0.9993,10.4,27.8,0.3,8.94,38387,17,0.4241,13.39,2.1501,6.87,62.54,6.12,88.6,46.29
53051,WA,PEND OREILLE,"Pend Oreille County, Washington",-1574439.45,1406818.58,13001,1.0558,10.1,23.8,0.23,3.5,46036,18.7,0.4472,7.7,1.2767,7.28,65.64,2.74,89.2,30.66
53053,WA,PIERCE,"Pierce County, Washington",-1968807.60,1335682.06,832896,0.9858,17.4,12.7,6.68,10.09,61468,25.4,0.4257,10.15,5.2613,8.36,55.05,9.51,90.2,54.03
53055,WA,SAN JUAN,"San Juan County, Washington",-1984036.65,1518438.26,16056,0.9305,9,29.5,0.69,5.84,58029,47,0.4954,4.08,3.5736,8.48,78.21,6.76,89,72.74
53057,WA,SKAGIT,"Skagit County, Washington",-1898355.43,1482840.96,120475,0.9782,14.3,18.8,0.78,17.69,56433,24.7,0.4361,12.25,3.2916,8.12,59.94,9.83,88.8,51.9
53059,WA,SKAMANIA,"Skamania County, Washington",-1984834.41,1224863.22,11316,1.0196,11,17.1,0.92,5.9,53082,22.7,0.4557,13.23,0.9688,8.49,63.16,4.61,90.4,43.26
53061,WA,SNOHOMISH,"Snohomish County, Washington",-1908740.04,1436266.58,758649,1.0058,15.5,12.1,2.7,9.6,73528,30.6,0.4102,16.69,4.9444,8.38,58.73,14.98,90.7,59.09
53063,WA,SPOKANE,"Spokane County, Washington",-1606354.88,1311096.84,485859,0.9815,18,14.7,1.8,5.17,50550,28.7,0.4518,8.41,4.6667,8.82,60.35,5.51,91,45.25
53065,WA,STEVENS,"Stevens County, Washington",-1620084.04,1402209.41,43744,1.0036,10.9,20.6,0.46,3.36,44115,18,0.4161,11.37,1.9195,7.71,66.72,2.87,89.7,27.56
53067,WA,THURSTON,"Thurston County, Washington",-2025394.32,1340535.68,266311,0.9594,15.8,15.2,2.99,8.21,62854,33.3,0.4083,5.83,4.9581,9.26,62.38,7.67,91.3,58.59
53069,WA,WAHKIAKUM,"Wahkiakum County, Washington",-2088786.80,1285940.71,4051,0.9513,10.5,31.3,0.12,4.64,48116,15.1,0.4459,9.75,1.7832,7.72,69.54,3.51,91.7,38.24
53071,WA,WALLA WALLA,"Walla Walla County, Washington",-1721561.28,1180098.04,59809,1.0525,19.7,16.4,1.58,20.91,48705,28.6,0.4579,6.61,2.9005,8.16,54.07,9.93,89.1,41.52
53073,WA,WHATCOM,"Whatcom County, Washington",-1887407.73,1519391.59,209729,0.9814,21.2,15.5,0.98,8.83,54207,32.6,0.4507,11.14,3.6485,7.96,65.45,10.76,90.1,59.78
53075,WA,WHITMAN,"Whitman County, Washington",-1632970.60,1235623.34,47494,1.0335,44.7,9.8,2.03,5.64,38636,49.8,0.4966,8.18,2.1392,10.15,42.92,9.9,92.6,52.39
53077,WA,YAKIMA,"Yakima County, Washington",-1884354.44,1247367.14,247681,1.0009,16.6,12.7,0.98,47.68,45700,15.3,0.4459,7.97,3.1031,6.08,44.84,18.12,81.7,42.85
54001,WV,BARBOUR,"Barbour County, West Virginia",1363602.60,298059.59,16892,0.9378,17.2,18.5,0.7,0.85,36733,12.8,0.4449,6.96,2.9509,5.04,45.02,0.28,89.7,21.26
54003,WV,BERKELEY,"Berkeley County, West Virginia",1523115.55,364583.25,110173,0.9669,14.5,13.2,7.53,3.89,57148,20.3,0.4025,8.98,4.8863,5.33,51.31,3.38,91.2,30.37
54005,WV,BOONE,"Boone County, West Virginia",1237803.45,151837.23,23645,0.9846,12.4,16.9,0.77,0.57,37820,8.7,0.4646,4.27,2.9016,4.48,47.26,0.26,91.3,21.58
54007,WV,BRAXTON,"Braxton County, West Virginia",1310851.56,240093.89,14463,1.0007,13.1,20.4,0.34,1.29,38092,12.2,0.4343,5.36,2.3917,4.56,44.1,0.18,89.9,27.19
54009,WV,BROOKE,"Brooke County, West Virginia",1294500.56,416145.81,23473,0.9454,14.9,21.5,1.66,0.84,46265,19.8,0.4127,12.29,4.621,4.37,50.07,0.95,92.1,27.93
54011,WV,CABELL,"Cabell County, West Virginia",1185738.27,189125.59,96623,0.9595,19.7,17,4.93,1.36,37760,26.1,0.5028,7.27,4.8885,5.4,42.75,1.68,90,36.58
54013,WV,CALHOUN,"Calhoun County, West Virginia",1274449.98,250678.94,7482,0.9705,11.3,21.1,0.16,1.11,39384,11.9,0.4217,5.14,2.3365,4.81,43.5,0.82,86.1,18.31
54015,WV,CLAY,"Clay County, West Virginia",1284744.17,208967.43,9033,1.0029,11.4,18.6,0.03,0.1,33639,10.1,0.4306,7.8,2.3224,3.5,42.62,0.24,91.8,19.8
54017,WV,DODDRIDGE,"Doddridge County, West Virginia",1301676.57,303245.57,8363,1.1554,14.8,17.1,1.17,0.31,39381,14.8,0.4123,3.58,2.3125,4.23,41.87,0.8,87,13.31
54019,WV,FAYETTE,"Fayette County, West Virginia",1291844.89,160868.01,45192,1.0107,13.2,18.8,5.1,1.01,37846,13.2,0.4326,5.98,3.2724,4.5,42.85,0.69,88.5,29.29
54021,WV,GILMER,"Gilmer County, West Virginia",1295146.79,263008.84,8497,1.4867,22,15.2,10.83,3.58,37286,16,0.459,6.79,2.2713,4.01,34.88,2.58,88.1,22.33
54023,WV,GRANT,"Grant County, West Virginia",1432281.82,306849.43,11770,1.0078,12.8,22.2,1.48,1.15,38703,14,0.4124,18.5,2.2534,1.98,52.37,0.06,93.5,10.54
54025,WV,GREENBRIER,"Greenbrier County, West Virginia",1347247.45,160530.51,35580,0.9554,12.7,21.5,2.49,1.39,40026,19.6,0.4654,6.31,2.6007,5.3,49.23,1.14,89.4,28.26
54027,WV,HAMPSHIRE,"Hampshire County, West Virginia",1476964.03,339132.28,23455,1.0623,12.3,19.3,1.18,1.23,32177,11.4,0.4354,13.9,2.6491,3.9,46.16,0.66,87.1,19.1
54029,WV,HANCOCK,"Hancock County, West Virginia",1290225.84,443596.68,30024,0.9414,11.8,20.1,2.34,1.32,40316,18.2,0.4336,15.66,4.944,4.18,52.75,1.56,90,26.8
54031,WV,HARDY,"Hardy County, West Virginia",1462698.13,301238.97,13942,0.9897,12.4,19.6,4.16,4.13,39840,14.7,0.4313,25.08,2.224,3.79,50.78,3.82,89.2,21.27
54033,WV,HARRISON,"Harrison County, West Virginia",1329014.62,309363.23,68775,0.9552,13.2,17.7,1.81,1.5,44845,21.6,0.4637,5.45,4.1562,5.42,51.79,0.89,91.1,29.1
54035,WV,JACKSON,"Jackson County, West Virginia",1227274.06,242224.12,29199,0.9788,12.7,19.1,0.07,0.32,40949,17.7,0.4403,13.46,3.1896,4.14,53.37,0.93,92.1,22.79
54037,WV,JEFFERSON,"Jefferson County, West Virginia",1540235.14,350015.13,55531,0.9819,14.5,13.9,6.77,5.23,69753,29.9,0.4152,6.48,4.6276,5.9,56.47,5.11,92.1,41.89
54039,WV,KANAWHA,"Kanawha County, West Virginia",1248215.59,188969.51,189636,0.9301,14,18.2,5.22,1.06,46528,25.2,0.4691,5.16,4.397,4.73,50.14,1.68,91.1,39.19
54041,WV,LEWIS,"Lewis County, West Virginia",1323938.35,275844.24,16422,1.0044,12.7,19.5,0.32,0.8,37827,14,0.433,6.28,2.7966,4.43,53.13,1.46,90,20.34
54043,WV,LINCOLN,"Lincoln County, West Virginia",1204405.24,164111.65,21482,0.9983,12.6,17.1,0.53,0.45,36232,9,0.4352,5.94,2.9433,4.25,42.44,0.28,90.9,21.56
54045,WV,LOGAN,"Logan County, West Virginia",1221696.33,127721.21,35166,0.9796,12.7,17.1,1.88,0.86,37262,8.9,0.4557,4.65,3.3986,2.99,44.32,0.45,88.9,17.45
54047,WV,MCDOWELL,"McDowell County, West Virginia",1253616.51,81186.69,20273,1.0375,13,18.3,9.39,1.39,25206,5.2,0.4722,2.16,2.686,2.19,37.77,1.21,85.4,23.7
54049,WV,MARION,"Marion County, West Virginia",1336336.23,336324.19,56716,0.9656,16.7,18.1,3.67,1.15,46430,21.8,0.4341,6.85,4.2616,6.07,50.82,1.14,91.1,32.19
54051,WV,MARSHALL,"Marshall County, West Virginia",1294704.69,369259.94,32296,0.9702,12.9,19.3,0.97,0.94,44464,16.1,0.4222,6.41,3.7093,4.78,51.34,0.93,90.8,23.19
54053,WV,MASON,"Mason County, West Virginia",1198410.11,230560.49,27060,0.9324,12.4,18.9,0.47,0.61,37322,11.4,0.4332,15.78,3.1886,4.43,47.65,0.65,92.4,21.38
54055,WV,MERCER,"Mercer County, West Virginia",1300129.33,91460.54,61476,0.9132,14.9,19.5,6.02,1.01,37255,19.5,0.4535,7.62,4.037,3.8,47.08,1.07,91.1,21.28
54057,WV,MINERAL,"Mineral County, West Virginia",1447294.47,344820.42,27606,0.9886,14.6,19.6,3.34,0.87,36153,12.4,0.4314,17.98,3.4815,3.84,52.69,0.51,88,18.44
54059,WV,MINGO,"Mingo County, West Virginia",1206241.01,113523.79,25549,0.9638,13.3,15.8,1.52,0.35,32441,9.9,0.4726,4.26,3.149,2.41,47.91,0.37,90.2,14.76
54061,WV,MONONGALIA,"Monongalia County, West Virginia",1350618.68,352405.50,102827,1.0733,32.9,10.9,3.92,2.04,47060,39.2,0.5259,5.71,4.7029,8.09,41.83,5.41,91.3,44.37
54063,WV,MONROE,"Monroe County, West Virginia",1345869.80,116407.23,13496,0.9806,11.3,23.5,0.66,1.15,35995,13.4,0.4262,19.26,2.3999,4.32,53.77,0.49,89.3,20
54065,WV,MORGAN,"Morgan County, West Virginia",1501822.14,371531.79,17514,0.9821,11.7,20.7,0.89,1.4,43234,17.7,0.4312,11.3,3.3851,4.56,54.22,1.74,88.2,21.53
54067,WV,NICHOLAS,"Nicholas County, West Virginia",1311336.05,193827.22,25743,0.9516,13,19.4,0.52,0.52,39901,15.3,0.5003,6.52,2.7322,4.21,46.14,1.03,91.7,20.24
54069,WV,OHIO,"Ohio County, West Virginia",1294162.45,396011.32,43257,0.9289,16.2,19.4,4.18,1.06,41986,30.1,0.5099,6.03,5.0614,7.28,51.32,1.76,91.4,33.03
54071,WV,PENDLETON,"Pendleton County, West Virginia",1427465.17,257684.84,7291,1.0158,11.5,24.8,3.22,0.85,37035,14.6,0.4856,12.65,1.3973,3.04,53.88,0.47,90.7,23.31
54073,WV,PLEASANTS,"Pleasants County, West Virginia",1261608.87,308400.61,7612,1.115,13.1,18.5,0.13,1.73,45191,13.5,0.448,14.96,3.1175,5.43,51.28,0.14,93.1,20.85
54075,WV,POCAHONTAS,"Pocahontas County, West Virginia",1378193.79,209435.41,8620,1.0676,11.7,22.3,1.16,0.89,36026,16.2,0.4374,8.37,1.264,6.09,51.33,0.88,86.4,27.1
54077,WV,PRESTON,"Preston County, West Virginia",1385418.53,340040.58,33793,1.0628,14,17.4,4.5,1.83,45221,14.6,0.4174,9.91,3.0012,5.14,46.53,1,89.2,20.57
54079,WV,PUTNAM,"Putnam County, West Virginia",1212738.84,203109.99,56743,0.9648,11.9,16.6,1.45,1.07,56640,25,0.4383,10.03,4.1491,4.9,56.97,1.11,92.5,24.86
54081,WV,RALEIGH,"Raleigh County, West Virginia",1281923.83,130102.16,78051,1.0113,14,18.1,7.97,1.48,41533,18.1,0.452,3.43,3.9076,3.81,48.03,1.68,89.1,22.61
54083,WV,RANDOLPH,"Randolph County, West Virginia",1381084.35,260301.98,29287,1.0528,14.7,19.8,1.76,0.82,40308,18.3,0.4646,6.53,2.3866,4.71,46.02,0.67,89.1,26.39
54085,WV,RITCHIE,"Ritchie County, West Virginia",1273225.80,288365.04,10044,0.9842,11.9,20.1,0.34,0.76,40850,10.4,0.4168,15.16,2.1494,4.27,51.1,0.17,86.6,12.71
54087,WV,ROANE,"Roane County, West Virginia",1257096.16,233156.41,14513,0.9697,11.4,19.5,0.04,0.96,34144,11.7,0.4507,6.45,2.45,4.65,46.35,0.5,91.2,24.43
54089,WV,SUMMERS,"Summers County, West Virginia",1317569.81,122641.48,13325,0.8623,11.5,21.3,5.38,1.7,35620,14.8,0.4184,3.52,2.658,4.46,44.17,0.44,91.7,25.62
54091,WV,TAYLOR,"Taylor County, West Virginia",1356151.52,319880.30,16949,1.0305,13.2,18.1,0.96,0.97,44371,18.5,0.4222,8.69,3.6343,4.8,48.4,0.75,91.3,23.96
54093,WV,TUCKER,"Tucker County, West Virginia",1400953.10,302300.30,6922,0.9902,12,22.6,0.45,0.65,43529,14.2,0.4216,6.68,1.853,4.58,61.07,0.59,91.4,22.65
54095,WV,TYLER,"Tyler County, West Virginia",1283191.51,322530.94,9000,0.9916,12,20.1,0.47,0.71,38674,13.7,0.47,14.89,2.607,4.13,50.62,0.23,85.6,14.47
54097,WV,UPSHUR,"Upshur County, West Virginia",1348490.03,268779.11,24632,1.0065,17.3,18.3,1.45,1.18,42240,18.6,0.4369,7.4,3.2891,4.85,47.19,0.63,88.8,20.13
54099,WV,WAYNE,"Wayne County, West Virginia",1174274.09,156383.39,41237,0.9463,12.9,18.3,0.33,0.61,38311,12.9,0.4593,10.83,3.4489,4.43,46.96,0.6,89.1,23.14
54101,WV,WEBSTER,"Webster County, West Virginia",1339894.59,221540.52,8820,0.9838,11.7,21.1,0.02,0.1,29982,9.2,0.4789,7.98,1.8169,4.03,42.36,0.27,89.1,19.45
54103,WV,WETZEL,"Wetzel County, West Virginia",1301345.65,341360.67,15997,0.9609,12.6,21.3,0.43,0.48,39446,10.7,0.4483,8.37,2.8478,6.18,49.32,0.44,90.1,23.12
54105,WV,WIRT,"Wirt County, West Virginia",1249206.36,266925.70,5826,1.0514,12.1,18,0.77,0.45,38101,9.7,0.4556,15.22,2.2695,5.16,52.89,0,89.2,16.8
54107,WV,WOOD,"Wood County, West Virginia",1234427.34,286044.41,86262,0.9321,13.4,18.6,1.12,1.03,43944,20.3,0.4584,11.26,4.5101,5,52.39,1,90.5,24.83
54109,WV,WYOMING,"Wyoming County, West Virginia",1258746.82,108171.00,22537,0.9783,12.5,17.8,0.68,0.26,35469,8.2,0.4493,3.28,2.8577,2.83,44.15,0.26,88.8,13.96
55001,WI,ADAMS,"Adams County, Wisconsin",497718.88,740409.04,20294,1.173,10.2,27,3.18,3.81,43554,12.7,0.4182,14.22,2.4962,4.04,58.85,2.77,92.3,38.65
55003,WI,ASHLAND,"Ashland County, Wisconsin",410694.22,996516.10,15936,1.0081,14.7,17.5,0.46,2.46,40297,22.2,0.4263,12.42,1.7729,6.21,65.18,1.09,91.6,56.15
55005,WI,BARRON,"Barron County, Wisconsin",324756.63,893133.18,45548,1.0151,12.6,20.1,1.16,2.33,46863,18.2,0.4257,23.6,3.0147,5.11,63.41,2.37,92.3,36.67
55007,WI,BAYFIELD,"Bayfield County, Wisconsin",369175.40,1017403.45,14987,1.0477,9.6,23.9,0.61,1.62,48132,29.2,0.4164,9.78,1.3649,4.72,77.35,1.71,91.2,54.57
55009,WI,BROWN,"Brown County, Wisconsin",634032.71,804690.77,256621,0.9856,16.3,13.1,2.28,8.12,54172,28.2,0.4395,19.08,5.2313,6.53,66.39,5.62,93.1,44.26
55011,WI,BUFFALO,"Buffalo County, Wisconsin",337296.68,777380.45,13256,1.0353,12.2,19.9,0.4,2.11,52447,18.2,0.4106,19.48,2.0308,5.84,66.81,1.58,93.3,38.47
55013,WI,BURNETT,"Burnett County, Wisconsin",282261.69,940208.96,15259,1.0465,9.4,26.3,0.46,1.54,42441,18.5,0.4311,15.53,1.9701,4.38,70.13,1.25,92.4,35.26
55015,WI,CALUMET,"Calumet County, Wisconsin",620461.86,762038.38,49653,1.0086,12.4,13.1,0.91,3.93,70042,28.7,0.3759,27.13,4.0984,6.21,71.95,3.08,96.5,38.59
55017,WI,CHIPPEWA,"Chippewa County, Wisconsin",371140.67,855862.93,63355,1.0828,13.3,16.2,1.34,1.53,52657,19.3,0.4049,20.64,3.1888,5.6,64.61,1.07,93,39.89
55019,WI,CLARK,"Clark County, Wisconsin",425715.36,821431.82,34486,1.0281,12.4,16,0.54,4.2,46783,11.5,0.4288,24.35,2.3985,5.32,55.84,2.71,76.7,32.84
55021,WI,COLUMBIA,"Columbia County, Wisconsin",536475.43,686842.77,56650,1.0355,12.8,16.2,1.45,3.01,61004,22.7,0.398,17.7,3.3524,7,67.72,2.06,93.7,48.86
55023,WI,CRAWFORD,"Crawford County, Wisconsin",409412.22,653566.80,16415,1.0805,12.5,20.8,1.78,1.2,45780,15.7,0.4221,17.68,2.4075,6.13,59.42,0.88,91.9,47.12
55025,WI,DANE,"Dane County, Wisconsin",532774.50,641886.42,516818,0.9841,21.6,11.9,5.17,6.21,64773,49,0.4491,8.93,5.1167,6.84,76.03,8.26,94.5,75.32
55027,WI,DODGE,"Dodge County, Wisconsin",587202.74,684928.83,88404,1.0926,13.4,16.3,2.12,4.49,54111,16.3,0.3863,27.3,3.663,5.7,61.82,1.88,95,34.39
55029,WI,DOOR,"Door County, Wisconsin",683498.73,864261.45,27669,0.9738,10,26.6,0.64,2.75,53980,31.3,0.4421,18.54,3.0985,5.67,76.3,2.52,94.9,48.32
55031,WI,DOUGLAS,"Douglas County, Wisconsin",314635.26,1004815.60,43705,0.9965,15.7,16.3,1.18,1.43,48190,22.8,0.4178,7.59,2.5603,6.69,64.79,1.61,92,54.01
55033,WI,DUNN,"Dunn County, Wisconsin",323289.16,839929.77,44348,1.0161,24.9,14.7,0.5,1.74,51787,26.6,0.4273,15.88,3.0028,7.14,62.19,2.53,92.2,44
55035,WI,EAU CLAIRE,"Eau Claire County, Wisconsin",372552.63,817770.49,101907,0.966,24,13.9,0.83,2.23,50538,30.8,0.4424,11.21,4.1219,7.8,67.75,3.32,91.9,53.94
55037,WI,FLORENCE,"Florence County, Wisconsin",590426.60,956879.50,4474,1.0877,9.5,25.4,0.25,1.03,46595,17.5,0.4724,18.53,1.2638,3.54,70.53,0.87,91.5,25.99
55039,WI,FOND DU LAC,"Fond du Lac County, Wisconsin",601854.71,723848.46,101968,0.9578,14.4,16.5,1.16,4.82,56376,21.9,0.4071,23.5,4.0021,5.63,64.53,3.55,94.2,35.91
55041,WI,FOREST,"Forest County, Wisconsin",563121.69,934510.96,9108,1.0155,13.3,22,1.27,2.03,41378,14.1,0.4196,12.14,1.2434,3.7,62.54,1.11,86.5,36.23
55043,WI,GRANT,"Grant County, Wisconsin",429882.97,613051.59,51723,1.0815,23.4,16.3,1.43,1.42,49077,21.3,0.4064,15.23,2.8572,7.92,59.07,1.61,92.2,44.86
55045,WI,GREEN,"Green County, Wisconsin",520811.28,597684.14,37050,0.981,12,16.8,0.38,2.97,57416,22.7,0.4103,18.69,3.1984,6.16,66.55,2.46,94.7,51.2
55047,WI,GREEN LAKE,"Green Lake County, Wisconsin",556952.03,725644.62,18881,1.0202,11.1,20.8,0.58,4.58,47174,17.7,0.4257,26.91,3.0382,5.05,64.32,3.72,89.3,30.3
55049,WI,IOWA,"Iowa County, Wisconsin",475257.59,630630.65,23751,1.0102,11.7,16.8,0.5,1.65,56641,23,0.429,12.2,2.4869,6.38,67.48,1.24,94,58.1
55051,WI,IRON,"Iron County, Wisconsin",444671.51,992611.15,5850,1.0313,9.2,28.5,0.67,1.04,41270,19.7,0.4238,13.61,1.0916,3.83,70.33,1.01,91.2,37.85
55053,WI,JACKSON,"Jackson County, Wisconsin",413003.08,774404.76,20566,1.1436,14,17.6,2,3.08,49608,13.9,0.3996,16.83,2.0843,5.87,58.02,1.38,89.9,43.78
55055,WI,JEFFERSON,"Jefferson County, Wisconsin",585062.54,640479.54,84538,0.9973,15.5,14.9,0.83,6.89,57290,23.5,0.3885,22.11,4.0717,7.36,65.69,3.9,93.8,41.43
55057,WI,JUNEAU,"Juneau County, Wisconsin",470634.96,733644.40,26399,1.1331,12.4,19,2.35,2.95,47243,12.9,0.4217,19.99,2.5869,4.57,55.76,2.17,92.1,36.38
55059,WI,KENOSHA,"Kenosha County, Wisconsin",648481.93,595808.87,167896,0.9763,16.3,12.5,7.39,12.56,56086,24.6,0.4327,18.09,5.4736,6.85,60.56,6.18,91.3,49.82
55061,WI,KEWAUNEE,"Kewaunee County, Wisconsin",664125.94,814354.49,20459,1.0323,11.7,18.6,0.36,2.5,58152,16.9,0.3855,24.92,3.1385,4.82,67.5,1.93,95.6,35.38
55063,WI,LA CROSSE,"La Crosse County, Wisconsin",390737.66,727146.36,117538,0.9542,22.8,14.7,1.23,1.72,51477,32.5,0.4492,12.68,4.6097,6.63,67.3,2.98,94.1,55.12
55065,WI,LAFAYETTE,"Lafayette County, Wisconsin",477900.06,592738.32,16793,1.0326,12.9,16.7,0.34,3.51,53038,17.7,0.4045,17.57,2.3257,5.18,60.67,2.29,90.6,45.26
55067,WI,LANGLADE,"Langlade County, Wisconsin",542937.63,887912.09,19414,1.0116,11.3,22.2,0.87,1.87,43501,16.1,0.4313,15.55,2.1529,4.3,64.99,1.84,91.2,33.62
55069,WI,LINCOLN,"Lincoln County, Wisconsin",490528.54,892625.29,28171,1.0058,11.5,19.8,0.67,1.39,52221,16,0.3986,22.87,2.5158,6.36,65.01,0.82,93.6,39
55071,WI,MANITOWOC,"Manitowoc County, Wisconsin",652558.04,769022.36,80178,0.9915,12.7,18.6,0.55,3.56,49613,19.7,0.4087,30.35,3.9613,6.56,63.86,2.52,95,38.48
55073,WI,MARATHON,"Marathon County, Wisconsin",491813.99,843779.30,135367,1.0109,13.8,15.9,0.66,2.59,54227,23.9,0.4386,20.51,3.5213,5.79,67.04,4.03,93.1,40.43
55075,WI,MARINETTE,"Marinette County, Wisconsin",623073.80,907584.14,41090,1.0075,11.9,21.8,0.41,1.49,43893,14.5,0.4255,27.19,2.4281,4.03,60.6,1.45,93.6,32.45
55077,WI,MARQUETTE,"Marquette County, Wisconsin",528513.83,725758.45,15082,1.0323,10,22.4,0.5,3.02,48445,13.8,0.4028,23.35,2.5478,4.69,65.17,2.15,92,37.34
55078,WI,MENOMINEE,"Menominee County, Wisconsin",573442.45,861426.13,4457,0.9791,16.6,12.6,0.31,5.7,37147,16.5,0.4648,9.93,1.5711,0.55,42.77,2.8,71.1,78.85
55079,WI,MILWAUKEE,"Milwaukee County, Wisconsin",650593.23,644214.17,955306,0.9366,18.9,12.2,26.43,14.3,45263,29.7,0.4781,15.01,7.3307,5.82,61.04,8.83,90.3,69.65
55081,WI,MONROE,"Monroe County, Wisconsin",430237.34,733652.64,45365,1.017,12.5,15.6,1.21,4.02,53394,18.2,0.3884,17.69,2.9674,6.46,58.2,2.18,89.9,38.3
55083,WI,OCONTO,"Oconto County, Wisconsin",607910.73,866537.66,37475,1.0432,11.1,18.5,0.24,1.65,54018,16.2,0.3985,23.07,2.6748,4.21,67.23,1.45,94.1,30.75
55085,WI,ONEIDA,"Oneida County, Wisconsin",504388.57,934586.58,35604,1.018,10.9,24.1,0.69,1.36,49715,26.2,0.4317,12.36,2.5129,5.83,73.02,1.54,93.4,40.08
55087,WI,OUTAGAMIE,"Outagamie County, Wisconsin",597863.27,797620.35,181799,0.9942,15.3,13.1,1.14,4.04,59806,27.8,0.411,23.09,4.7014,6.28,68.12,3.97,94.4,43.29
55089,WI,OZAUKEE,"Ozaukee County, Wisconsin",648287.23,686255.56,87625,0.9623,13.1,17.4,1.32,2.66,78415,46.7,0.4841,19.38,4.9779,7.2,79.88,4.6,96.2,39.86
55091,WI,PEPIN,"Pepin County, Wisconsin",316689.95,799164.16,7349,1.0228,11.4,20.6,0.35,1.55,51346,18.3,0.4228,14.71,2.504,5.03,65.14,1.54,91.3,37.88
55093,WI,PIERCE,"Pierce County, Wisconsin",282828.62,813047.62,40881,0.9891,21.7,12.6,0.51,1.86,64364,27.8,0.4162,19.54,3.3146,7.31,65.78,1.49,93.8,42.68
55095,WI,POLK,"Polk County, Wisconsin",278233.57,895429.88,43483,1.0151,11.4,18.4,0.39,1.8,52039,19.6,0.4056,23.28,2.9106,6,67.07,1.21,91.5,35.4
55097,WI,PORTAGE,"Portage County, Wisconsin",515319.06,798199.66,70551,1.0062,23,14.6,0.69,2.95,52411,30.3,0.4276,13.97,3.5268,6.93,67.95,3.12,94.1,51.7
55099,WI,PRICE,"Price County, Wisconsin",439257.50,927570.13,13707,1.0116,9.3,23.9,0.5,1.51,43547,16.2,0.4522,32.31,1.4399,4.57,66.44,1.68,93.8,36.91
55101,WI,RACINE,"Racine County, Wisconsin",645367.53,614678.65,194873,0.9787,14.2,14.7,11.01,12.45,56359,24,0.4293,22.46,5.4217,5.32,63.48,5.06,91.9,47.7
55103,WI,RICHLAND,"Richland County, Wisconsin",448997.62,671017.04,17642,1.0208,12.4,19.9,0.79,2.17,46564,17.8,0.4239,23.89,2.4528,5.65,58.76,2.28,91.5,47.07
55105,WI,ROCK,"Rock County, Wisconsin",564004.76,599742.11,160986,0.9686,14.6,15,3.46,8.21,50968,20.8,0.4178,22.47,4.4608,6.88,62.09,4.58,92,55.54
55107,WI,RUSK,"Rusk County, Wisconsin",380348.74,901523.53,14272,1.0124,10.6,22.3,1.01,1.6,39904,14.8,0.4277,25.26,1.7971,4.97,63.02,1.89,89.6,32.23
55109,WI,ST. CROIX,"St. Croix County, Wisconsin",279113.28,847928.83,86726,0.9974,12.4,12.2,0.81,2.18,73743,33.4,0.4049,18.49,3.8362,8,74.13,2.45,94.3,40.01
55111,WI,SAUK,"Sauk County, Wisconsin",487375.08,679067.19,63317,0.9993,13.2,17.1,0.62,4.76,53225,22.3,0.4079,16.64,3.381,5.86,64.32,2.79,91.6,49.83
55113,WI,SAWYER,"Sawyer County, Wisconsin",377191.03,946368.35,16438,1.0281,10.9,23.3,0.66,2.27,41869,22.1,0.4601,9.76,1.619,4.74,69.27,1.5,89.3,40.33
55115,WI,SHAWANO,"Shawano County, Wisconsin",570947.43,837226.40,41384,0.9997,12.1,20,0.32,2.52,48773,15.6,0.4146,20.43,2.8842,4.83,61.11,1.32,91.1,32.22
55117,WI,SHEBOYGAN,"Sheboygan County, Wisconsin",645551.12,723793.08,115269,1.0102,13.6,16.3,1.53,5.98,54392,23.6,0.4055,32.54,4.4665,7.11,67.04,5.75,94,41.43
55119,WI,TAYLOR,"Taylor County, Wisconsin",431380.41,874963.37,20521,1.0474,11.2,18.1,0.38,1.74,47306,13.5,0.428,28.04,2.0951,5.24,60.73,1.46,89.4,26.68
55121,WI,TREMPEALEAU,"Trempealeau County, Wisconsin",369125.63,770387.03,29521,1.0184,12.5,17,0.42,7.03,52438,19.3,0.3973,28.97,2.7441,4.94,61.19,3.99,91.8,43.35
55123,WI,VERNON,"Vernon County, Wisconsin",415054.85,693523.08,30442,1.0063,11.4,18.5,0.46,1.52,49476,21.2,0.4299,16.13,2.6979,6.09,63.09,0.93,83.2,47.59
55125,WI,VILAS,"Vilas County, Wisconsin",502300.22,973102.55,21373,1.0035,9.5,28.8,0.28,2.01,41632,26.8,0.4522,4.58,2.264,4.94,76.64,1.8,91.1,36.87
55127,WI,WALWORTH,"Walworth County, Wisconsin",607058.53,602696.08,103021,0.9984,18,15.3,1.06,10.89,55575,27.8,0.4383,19.43,4.2716,7.34,63.87,6.1,91.5,39.33
55129,WI,WASHBURN,"Washburn County, Wisconsin",326883.31,946088.82,15685,0.9912,9.8,24.1,0.52,1.63,44437,21.6,0.4355,18.35,2.0278,5.03,72.09,1.28,92.5,37.8
55131,WI,WASHINGTON,"Washington County, Wisconsin",625947.27,682652.73,133422,0.9847,12,15.6,1.08,2.97,70325,29.4,0.4058,23.8,4.7843,6.95,76.03,2.72,95.3,28.73
55133,WI,WAUKESHA,"Waukesha County, Wisconsin",623179.80,643185.86,395377,0.9649,12.5,16.5,1.44,4.5,78268,41.6,0.4357,18.22,5.6266,7.25,77.91,4.9,96.1,35.72
55135,WI,WAUPACA,"Waupaca County, Wisconsin",557825.07,800609.59,51974,1.0298,11.9,19.5,0.43,2.88,52441,17.7,0.4239,27.93,3.2898,5.36,63.62,1.82,93,34.27
55137,WI,WAUSHARA,"Waushara County, Wisconsin",538645.23,759312.18,24238,1.1044,11.2,22.4,1.58,6.21,46581,15.1,0.4296,21.03,2.7044,4.48,60.97,2.78,91.1,33.09
55139,WI,WINNEBAGO,"Winnebago County, Wisconsin",586626.31,757916.63,169487,1.016,18.9,14.7,2.1,3.84,53501,26.9,0.4323,24.57,5.0147,7.62,65,3.32,94,46.03
55141,WI,WOOD,"Wood County, Wisconsin",472687.12,793092.28,73621,0.9719,12.8,18.6,0.71,2.67,49926,20.4,0.4262,19.24,3.5793,5.46,65.74,2.33,94.1,39.83
56001,WY,ALBANY,"Albany County, Wyoming",-802556.16,506301.21,37836,1.094,38.9,9.5,1.53,9.23,43043,47.9,0.4966,2.58,1.229,15.05,54,6.08,91.3,47.54
56003,WY,BIG HORN,"Big Horn County, Wyoming",-948592.79,846144.63,11931,1.0243,12.3,19.9,0.23,8.86,50820,19.3,0.3936,8.78,0.3844,12.15,59.66,3.29,84.9,12.93
56005,WY,CAMPBELL,"Campbell County, Wyoming",-759023.07,793035.35,48473,1.083,16.9,7,0.74,8.36,80822,19.1,0.374,2.17,1.3603,6.03,52.44,3.65,89,7.74
56007,WY,CARBON,"Carbon County, Wyoming",-901315.55,521644.48,15696,1.1815,15.2,13.8,1.27,17.65,56972,20.3,0.4002,9.7,-0.2648,10.76,53.43,5.2,87.5,22.49
56009,WY,CONVERSE,"Converse County, Wyoming",-769996.45,651242.33,14223,1.0027,13.3,13.7,0.08,7.69,66737,15.5,0.3951,1.16,0.2551,7,62.54,2.71,90.3,10.8
56011,WY,CROOK,"Crook County, Wyoming",-678041.30,823646.78,7284,1.0676,11.7,18,0.16,2.4,60307,21.4,0.4261,3.9,-0.0149,5.36,68.57,0.93,88.8,7.54
56013,WY,FREMONT,"Fremont County, Wyoming",-1020244.21,688174.78,40683,1.0037,14.6,16.4,0.52,6.78,53559,22.4,0.4275,1.55,0.5367,9.73,55.94,1.34,80.3,27.33
56015,WY,GOSHEN,"Goshen County, Wyoming",-685461.62,543951.67,13546,1.1235,15.6,20.4,0.15,10.52,44883,23,0.4371,6.71,0.8545,7.83,53.69,2.72,87.3,17.3
56017,WY,HOT SPRINGS,"Hot Springs County, Wyoming",-995507.40,761474.74,4781,0.9979,8,24.6,0.15,3.07,46087,22.3,0.4248,3.26,-0.0822,9.55,67.95,0.59,88.2,17.1
56019,WY,JOHNSON,"Johnson County, Wyoming",-843647.46,778750.59,8572,1.1292,10.5,20.5,0.44,2.13,54594,25.5,0.4583,1.46,-0.2273,6.84,66.15,1.66,86.1,15.5
56021,WY,LARAMIE,"Laramie County, Wyoming",-720915.94,459548.96,96459,1.022,17.3,14.1,2.86,14.2,61201,27.7,0.4069,3.9,2.6294,11.1,55.52,3.05,89.5,31.78
56023,WY,LINCOLN,"Lincoln County, Wyoming",-1196306.75,625707.58,18543,1.0503,11.2,14.4,0.21,4.42,64579,20.4,0.3916,3.11,0.5633,11.17,66.02,2.15,89,14.02
56025,WY,NATRONA,"Natrona County, Wyoming",-874258.27,661312.26,80871,1.0234,16.7,12.8,1.19,8.2,56983,22.2,0.4379,5.39,1.7659,9.65,54.26,2.73,85.3,21.83
56027,WY,NIOBRARA,"Niobrara County, Wyoming",-685805.16,652725.07,2498,0.8368,16.1,18.3,0.12,4.24,40640,19,0.4555,0.92,-1.0016,6.32,65.92,0.28,87.7,9.34
56029,WY,PARK,"Park County, Wyoming",-1073826.17,862405.79,29083,0.9684,14.8,19.4,0.84,5.62,61185,32,0.3953,3.03,0.4812,9.57,65.45,2.69,88.2,18.57
56031,WY,PLATTE,"Platte County, Wyoming",-735107.05,553582.54,8740,1.0959,12.3,22,0.06,7.81,41051,19.7,0.4981,0.87,0.4819,8.24,65.1,2.78,83.1,17.3
56033,WY,SHERIDAN,"Sheridan County, Wyoming",-857442.56,864772.79,29924,0.9813,13.6,18.2,0.87,4.11,53914,30.1,0.4151,2.84,1.5214,9.08,61.85,2.01,90.3,22.19
56035,WY,SUBLETTE,"Sublette County, Wyoming",-1128051.05,672485.95,10032,1.1299,12.3,13.3,0,7.81,76004,24.4,0.3209,2.2,-0.2323,7.68,57.65,2.05,86.2,15.89
56037,WY,SWEETWATER,"Sweetwater County, Wyoming",-1061537.70,538055.29,44812,1.091,16.6,9.4,0.9,15.86,68233,21.4,0.3929,6.71,0.5065,10.19,52.73,5.51,86.8,21
56039,WY,TETON,"Teton County, Wyoming",-1162487.60,809428.40,22623,1.0791,16.1,11.8,0.74,15.17,75594,53.8,0.4861,1.52,0.782,11.02,69.34,11.48,85.3,65.1
56041,WY,UINTA,"Uinta County, Wyoming",-1204268.31,516755.81,20893,1.0273,13.6,10.7,0.19,8.96,53323,18.2,0.4412,4.1,1.3545,13.15,57.59,3.99,84.3,16.34
56043,WY,WASHAKIE,"Washakie County, Wyoming",-932516.10,774323.98,8351,0.9471,10,19.7,0.79,13.96,46212,21.1,0.4333,8.62,0.3649,9.73,60.73,3.78,83.1,15.45
56045,WY,WESTON,"Weston County, Wyoming",-685367.67,740619.53,7175,1.0851,12.3,18.4,0.25,1,55640,18.8,0.4291,5.23,0.1443,5.5,62.28,4.08,85.7,8.97
